[INFO] 2025-05-08 14:49:53 - [ArticleSearch] Token aanvragen...
[INFO] 2025-05-08 14:49:53 - [ArticleSearch] Token succesvol ontvangen (vervalt over 1800 sec)
[INFO] 2025-05-08 14:56:14 - [ArticleSearch] Token aanvragen...
[INFO] 2025-05-08 14:56:14 - [ArticleSearch] Token succesvol ontvangen (vervalt over 1800 sec)
[INFO] 2025-05-08 15:04:43 - [StockInfo] Token aanvragen...
[INFO] 2025-05-08 15:04:43 - [StockInfo] Token succesvol ontvangen (vervalt over 1800 sec)
[INFO] 2025-05-08 15:13:02 - [ArticleSearch] Token aanvragen...
[INFO] 2025-05-08 15:13:02 - [ArticleSearch] Token succesvol ontvangen (vervalt over 1800 sec)
[INFO] 2025-05-08 15:13:12 - [StockInfo] Token aanvragen...
[INFO] 2025-05-08 15:13:12 - [StockInfo] Token succesvol ontvangen (vervalt over 1800 sec)
[INFO] 2025-05-08 15:14:04 - [ArticleSearch] Token aanvragen...
[INFO] 2025-05-08 15:14:04 - [ArticleSearch] Token succesvol ontvangen (vervalt over 1800 sec)
[INFO] 2025-05-08 15:14:06 - [StockInfo] Token aanvragen...
[INFO] 2025-05-08 15:14:06 - [StockInfo] Token succesvol ontvangen (vervalt over 1800 sec)
[INFO] 2025-05-08 15:41:47 - [ArticleSearch] Token aanvragen...
[INFO] 2025-05-08 15:41:47 - [ArticleSearch] Token succesvol ontvangen (vervalt over 1800 sec)
[INFO] 2025-05-08 15:41:51 - [StockInfo] Token aanvragen...
[INFO] 2025-05-08 15:41:52 - [StockInfo] Token succesvol ontvangen (vervalt over 1800 sec)
[INFO] 2025-05-08 15:45:06 - [ArticleSearch] Token aanvragen...
[INFO] 2025-05-08 15:45:06 - [ArticleSearch] Token succesvol ontvangen (vervalt over 1800 sec)
[INFO] 2025-05-08 15:45:08 - [StockInfo] Token aanvragen...
[INFO] 2025-05-08 15:45:08 - [StockInfo] Token succesvol ontvangen (vervalt over 1800 sec)
[INFO] 2025-05-08 16:03:52 - [ArticleSearch] Token aanvragen...
[INFO] 2025-05-08 16:03:52 - [ArticleSearch] Token succesvol ontvangen (vervalt over 1800 sec)
[INFO] 2025-05-08 16:03:55 - [StockInfo] Token aanvragen...
[INFO] 2025-05-08 16:03:55 - [StockInfo] Token succesvol ontvangen (vervalt over 1800 sec)
[INFO] 2025-05-08 16:14:34 - [ArticleSearch] Token aanvragen...
[INFO] 2025-05-08 16:14:34 - [ArticleSearch] Token succesvol ontvangen (vervalt over 1800 sec)
[INFO] 2025-05-08 16:14:35 - [StockInfo] Token aanvragen...
[INFO] 2025-05-08 16:14:36 - [StockInfo] Token succesvol ontvangen (vervalt over 1800 sec)
[INFO] 2025-05-09 07:42:41 - [ArticleSearch] Token aanvragen...
[INFO] 2025-05-09 07:42:43 - [ArticleSearch] Token succesvol ontvangen (vervalt over 1800 sec)
[INFO] 2025-05-09 07:42:49 - [StockInfo] Token aanvragen...
[INFO] 2025-05-09 07:42:49 - [StockInfo] Token succesvol ontvangen (vervalt over 1800 sec)
[INFO] 2025-05-09 07:47:11 - [ArticleSearch] Token aanvragen...
[INFO] 2025-05-09 07:47:11 - [ArticleSearch] Token succesvol ontvangen (vervalt over 1800 sec)
[INFO] 2025-05-09 07:47:13 - [StockInfo] Token aanvragen...
[INFO] 2025-05-09 07:47:13 - [StockInfo] Token succesvol ontvangen (vervalt over 1800 sec)
[INFO] 2025-05-09 10:24:47 - [ArticleSearch] Token aanvragen...
[INFO] 2025-05-09 10:24:47 - [ArticleSearch] Token succesvol ontvangen (vervalt over 1800 sec)
[INFO] 2025-05-13 07:23:55 - [ArticleSearch] Token aanvragen...
[INFO] 2025-05-13 07:23:56 - [ArticleSearch] Token succesvol ontvangen (vervalt over 1800 sec)
[INFO] 2025-05-13 07:24:03 - [StockInfo] Token aanvragen...
[INFO] 2025-05-13 07:24:03 - [StockInfo] Token succesvol ontvangen (vervalt over 1800 sec)
[INFO] 2025-05-13 10:09:37 - [ArticleSearch] Token aanvragen...
[INFO] 2025-05-13 10:09:37 - [ArticleSearch] Token succesvol ontvangen (vervalt over 1800 sec)
[INFO] 2025-05-13 10:09:47 - [StockInfo] Token aanvragen...
[INFO] 2025-05-13 10:09:47 - [StockInfo] Token succesvol ontvangen (vervalt over 1800 sec)
[INFO] 2025-05-13 10:33:53 - [ArticleSearch] Token aanvragen bij https://api-test.cgk-group.com/api/account/login...
[ERROR] 2025-05-13 10:33:57 - [ArticleSearch] Token aanvraag mislukt: 401 Client Error: Unauthorized for url: https://api-test.cgk-group.com/api/account/login
[INFO] 2025-05-13 11:09:23 - [ArticleSearch] Token aanvragen bij https://api-test.cgk-group.com/api/account/login...
[INFO] 2025-05-13 11:09:28 - [ArticleSearch] Token ontvangen (vervalt in 1800s)
[INFO] 2025-05-13 11:09:39 - [StockInfo] Token aanvragen bij https://api-test.cgk-group.com/api/account/login...
[INFO] 2025-05-13 11:09:39 - [StockInfo] Token ontvangen (vervalt in 1800s)
[INFO] 2025-05-13 11:18:20 - [ArticleSearch] Token aanvragen bij https://api-test.cgk-group.com/api/account/login...
[INFO] 2025-05-13 11:18:20 - [ArticleSearch] Token ontvangen (vervalt in 1800s)
[INFO] 2025-05-13 11:18:23 - [StockInfo] Token aanvragen bij https://api-test.cgk-group.com/api/account/login...
[INFO] 2025-05-13 11:18:23 - [StockInfo] Token ontvangen (vervalt in 1800s)
[INFO] 2025-05-13 11:21:31 - [ArticleSearch] Token aanvragen bij https://api-test.cgk-group.com/api/account/login...
[INFO] 2025-05-13 11:21:31 - [ArticleSearch] Token ontvangen (vervalt in 1800s)
[INFO] 2025-05-13 11:21:33 - [StockInfo] Token aanvragen bij https://api-test.cgk-group.com/api/account/login...
[INFO] 2025-05-13 11:21:33 - [StockInfo] Token ontvangen (vervalt in 1800s)
[INFO] 2025-05-13 11:42:12 - [ArticleSearch] Token aanvragen bij https://api-test.cgk-group.com/api/account/login...
[INFO] 2025-05-13 11:42:12 - [ArticleSearch] Token ontvangen (vervalt in 1800s)
[INFO] 2025-05-13 11:42:14 - [StockInfo] Token aanvragen bij https://api-test.cgk-group.com/api/account/login...
[INFO] 2025-05-13 11:42:14 - [StockInfo] Token ontvangen (vervalt in 1800s)
[INFO] 2025-05-13 11:48:16 - [ArticleSearch] Token aanvragen bij https://api-test.cgk-group.com/api/account/login...
[INFO] 2025-05-13 11:48:16 - [ArticleSearch] Token ontvangen (vervalt in 1800s)
[INFO] 2025-05-13 11:48:38 - [StockInfo] Token aanvragen bij https://api-test.cgk-group.com/api/account/login...
[INFO] 2025-05-13 11:48:38 - [StockInfo] Token ontvangen (vervalt in 1800s)
[INFO] 2025-05-13 12:15:27 - [OITMI] Token aanvragen bij https://api-test.cgk-group.com/api/account/login...
[INFO] 2025-05-13 12:15:31 - [OITMI] Token ontvangen (vervalt in 1800s)
[INFO] 2025-05-13 12:24:20 - [OITMI] Token aanvragen bij https://api-test.cgk-group.com/api/account/login...
[INFO] 2025-05-13 12:24:20 - [OITMI] Token ontvangen (vervalt in 1800s)
[INFO] 2025-05-13 13:07:40 - [OITMI] Token aanvragen bij https://api-test.cgk-group.com/api/account/login...
[INFO] 2025-05-13 13:07:45 - [OITMI] Token ontvangen (vervalt in 1800s)
[INFO] 2025-05-13 13:13:00 - [ArticleSearch] Token aanvragen bij https://api-test.cgk-group.com/api/account/login...
[INFO] 2025-05-13 13:13:00 - [ArticleSearch] Token ontvangen (vervalt in 1800s)
[INFO] 2025-05-13 13:13:01 - [StockInfo] Token aanvragen bij https://api-test.cgk-group.com/api/account/login...
[INFO] 2025-05-13 13:13:02 - [StockInfo] Token ontvangen (vervalt in 1800s)
[INFO] 2025-05-13 13:13:51 - [OITMI] Token aanvragen bij https://api-test.cgk-group.com/api/account/login...
[INFO] 2025-05-13 13:13:52 - [OITMI] Token ontvangen (vervalt in 1800s)
[INFO] 2025-05-13 14:11:57 - [ArticleSearch] Token aanvragen bij https://api-test.cgk-group.com/api/account/login...
[INFO] 2025-05-13 14:11:57 - [ArticleSearch] Token ontvangen (vervalt in 1800s)
[INFO] 2025-05-13 14:11:59 - [StockInfo] Token aanvragen bij https://api-test.cgk-group.com/api/account/login...
[INFO] 2025-05-13 14:11:59 - [StockInfo] Token ontvangen (vervalt in 1800s)
[INFO] 2025-05-13 14:14:44 - [ArticleSearch] Token aanvragen bij https://api-test.cgk-group.com/api/account/login...
[INFO] 2025-05-13 14:14:44 - [ArticleSearch] Token ontvangen (vervalt in 1800s)
[INFO] 2025-05-13 14:14:45 - [StockInfo] Token aanvragen bij https://api-test.cgk-group.com/api/account/login...
[INFO] 2025-05-13 14:14:46 - [StockInfo] Token ontvangen (vervalt in 1800s)
[INFO] 2025-05-13 14:18:03 - [ArticleSearch] Token aanvragen bij https://api-test.cgk-group.com/api/account/login...
[INFO] 2025-05-13 14:18:03 - [ArticleSearch] Token ontvangen (vervalt in 1800s)
[INFO] 2025-05-13 14:18:04 - [StockInfo] Token aanvragen bij https://api-test.cgk-group.com/api/account/login...
[INFO] 2025-05-13 14:18:04 - [StockInfo] Token ontvangen (vervalt in 1800s)
[INFO] 2025-05-13 14:21:48 - [ArticleSearch] Token aanvragen bij https://api-test.cgk-group.com/api/account/login...
[INFO] 2025-05-13 14:21:48 - [ArticleSearch] Token ontvangen (vervalt in 1800s)
[INFO] 2025-05-13 14:21:51 - [StockInfo] Token aanvragen bij https://api-test.cgk-group.com/api/account/login...
[INFO] 2025-05-13 14:21:51 - [StockInfo] Token ontvangen (vervalt in 1800s)
[INFO] 2025-05-13 14:43:17 - [ArticleSearch] Token aanvragen bij https://api.cgk-group.com/api/account/login...
[INFO] 2025-05-13 14:43:20 - [ArticleSearch] Token ontvangen (vervalt in 1800s)
[INFO] 2025-05-13 14:44:01 - [ArticleSearch] Token aanvragen bij https://api.cgk-group.com/api/account/login...
[INFO] 2025-05-13 14:44:01 - [ArticleSearch] Token ontvangen (vervalt in 1800s)
[INFO] 2025-05-13 14:44:21 - [StockInfo] Token aanvragen bij https://api.cgk-group.com/api/account/login...
[INFO] 2025-05-13 14:44:21 - [StockInfo] Token ontvangen (vervalt in 1800s)
[INFO] 2025-05-13 14:47:33 - [ArticleSearch] Token aanvragen bij https://api.cgk-group.com/api/account/login...
[INFO] 2025-05-13 14:47:33 - [ArticleSearch] Token ontvangen (vervalt in 1800s)
[INFO] 2025-05-13 14:47:43 - [StockInfo] Token aanvragen bij https://api.cgk-group.com/api/account/login...
[INFO] 2025-05-13 14:47:43 - [StockInfo] Token ontvangen (vervalt in 1800s)
[INFO] 2025-05-13 15:02:48 - [ArticleSearch] Token aanvragen bij https://api.cgk-group.com/api/account/login...
[INFO] 2025-05-13 15:02:48 - [ArticleSearch] Token ontvangen (vervalt in 1800s)
[INFO] 2025-05-13 15:02:50 - [StockInfo] Token aanvragen bij https://api.cgk-group.com/api/account/login...
[INFO] 2025-05-13 15:02:50 - [StockInfo] Token ontvangen (vervalt in 1800s)
[INFO] 2025-05-13 15:18:41 - [ArticleSearch] Token aanvragen bij https://api.cgk-group.com/api/account/login...
[INFO] 2025-05-13 15:18:41 - [ArticleSearch] Token ontvangen (vervalt in 1800s)
[INFO] 2025-05-13 15:18:43 - [StockInfo] Token aanvragen bij https://api.cgk-group.com/api/account/login...
[INFO] 2025-05-13 15:18:43 - [StockInfo] Token ontvangen (vervalt in 1800s)
[INFO] 2025-05-13 15:28:40 - [ArticleSearch] Token aanvragen bij https://api.cgk-group.com/api/account/login...
[INFO] 2025-05-13 15:28:40 - [ArticleSearch] Token ontvangen (vervalt in 1800s)
[INFO] 2025-05-13 15:28:48 - [StockInfo] Token aanvragen bij https://api.cgk-group.com/api/account/login...
[INFO] 2025-05-13 15:28:48 - [StockInfo] Token ontvangen (vervalt in 1800s)
[INFO] 2025-05-13 15:33:49 - [ArticleSearch] Token aanvragen bij https://api.cgk-group.com/api/account/login...
[INFO] 2025-05-13 15:33:49 - [ArticleSearch] Token ontvangen (vervalt in 1800s)
[INFO] 2025-05-13 15:33:49 - [StockInfo] Token aanvragen bij https://api.cgk-group.com/api/account/login...
[INFO] 2025-05-13 15:33:49 - [StockInfo] Token ontvangen (vervalt in 1800s)
[INFO] 2025-05-13 15:37:48 - [ArticleSearch] Token aanvragen bij https://api.cgk-group.com/api/account/login...
[INFO] 2025-05-13 15:37:48 - [ArticleSearch] Token ontvangen (vervalt in 1800s)
[INFO] 2025-05-13 15:37:48 - [Startup] Vooraf token laden voor StockInfo...
[INFO] 2025-05-13 15:37:48 - [StockInfo] Token aanvragen bij https://api.cgk-group.com/api/account/login...
[INFO] 2025-05-13 15:37:49 - [StockInfo] Token ontvangen (vervalt in 1800s)
[INFO] 2025-05-13 15:43:22 - [ArticleSearch] Token aanvragen bij https://api.cgk-group.com/api/account/login...
[INFO] 2025-05-13 15:43:22 - [ArticleSearch] Token ontvangen (vervalt in 1800s)
[INFO] 2025-05-13 15:43:22 - [Startup] Vooraf token laden voor StockInfo...
[INFO] 2025-05-13 15:43:22 - [StockInfo] Token aanvragen bij https://api.cgk-group.com/api/account/login...
[INFO] 2025-05-13 15:43:22 - [StockInfo] Token ontvangen (vervalt in 1800s)
[INFO] 2025-05-13 15:49:34 - [ArticleSearch] Token aanvragen bij https://api.cgk-group.com/api/account/login...
[INFO] 2025-05-13 15:49:35 - [ArticleSearch] Token ontvangen (vervalt in 1800s)
[INFO] 2025-05-13 15:49:35 - [Startup] Vooraf token laden voor StockInfo...
[INFO] 2025-05-13 15:49:35 - [StockInfo] Token aanvragen bij https://api.cgk-group.com/api/account/login...
[INFO] 2025-05-13 15:49:35 - [StockInfo] Token ontvangen (vervalt in 1800s)
[INFO] 2025-05-13 15:50:25 - [ArticleSearch] Token aanvragen bij https://api.cgk-group.com/api/account/login...
[INFO] 2025-05-13 15:50:25 - [ArticleSearch] Token ontvangen (vervalt in 1800s)
[INFO] 2025-05-13 15:50:25 - [Startup] Vooraf token laden voor StockInfo...
[INFO] 2025-05-13 15:50:25 - [StockInfo] Token aanvragen bij https://api.cgk-group.com/api/account/login...
[INFO] 2025-05-13 15:50:25 - [StockInfo] Token ontvangen (vervalt in 1800s)
[INFO] 2025-05-13 15:51:03 - [ArticleSearch] Token aanvragen bij https://api.cgk-group.com/api/account/login...
[INFO] 2025-05-13 15:51:03 - [ArticleSearch] Token ontvangen (vervalt in 1800s)
[INFO] 2025-05-13 15:51:03 - [Startup] Vooraf token laden voor StockInfo...
[INFO] 2025-05-13 15:51:03 - [StockInfo] Token aanvragen bij https://api.cgk-group.com/api/account/login...
[INFO] 2025-05-13 15:51:03 - [StockInfo] Token ontvangen (vervalt in 1800s)
[INFO] 2025-05-13 16:12:40 - [ArticleSearch] Token aanvragen bij https://api.cgk-group.com/api/account/login...
[INFO] 2025-05-13 16:12:40 - [ArticleSearch] Token ontvangen (vervalt in 1800s)
[INFO] 2025-05-13 16:12:40 - [Startup] Vooraf token laden voor StockInfo...
[INFO] 2025-05-13 16:12:40 - [StockInfo] Token aanvragen bij https://api.cgk-group.com/api/account/login...
[INFO] 2025-05-13 16:12:41 - [StockInfo] Token ontvangen (vervalt in 1800s)
[INFO] 2025-05-14 07:24:07 - [ArticleSearch] Token aanvragen bij https://api.cgk-group.com/api/account/login...
[INFO] 2025-05-14 07:24:08 - [ArticleSearch] Token ontvangen (vervalt in 1800s)
[INFO] 2025-05-14 07:24:08 - [Startup] Vooraf token laden voor StockInfo...
[INFO] 2025-05-14 07:24:08 - [StockInfo] Token aanvragen bij https://api.cgk-group.com/api/account/login...
[INFO] 2025-05-14 07:24:08 - [StockInfo] Token ontvangen (vervalt in 1800s)
[INFO] 2025-05-14 07:36:35 - [ArticleSearch] Token aanvragen bij https://api.cgk-group.com/api/account/login...
[INFO] 2025-05-14 07:36:35 - [ArticleSearch] Token ontvangen (vervalt in 1800s)
[INFO] 2025-05-14 07:36:35 - [Startup] Vooraf token laden voor StockInfo...
[INFO] 2025-05-14 07:36:35 - [StockInfo] Token aanvragen bij https://api.cgk-group.com/api/account/login...
[INFO] 2025-05-14 07:36:35 - [StockInfo] Token ontvangen (vervalt in 1800s)
[INFO] 2025-05-14 07:37:20 - [ArticleSearch] Token aanvragen bij https://api.cgk-group.com/api/account/login...
[INFO] 2025-05-14 07:37:20 - [ArticleSearch] Token ontvangen (vervalt in 1800s)
[INFO] 2025-05-14 07:37:20 - [Startup] Vooraf token laden voor StockInfo...
[INFO] 2025-05-14 07:37:20 - [StockInfo] Token aanvragen bij https://api.cgk-group.com/api/account/login...
[INFO] 2025-05-14 07:37:20 - [StockInfo] Token ontvangen (vervalt in 1800s)
[INFO] 2025-05-14 07:38:50 - [ArticleSearch] Token aanvragen bij https://api.cgk-group.com/api/account/login...
[INFO] 2025-05-14 07:38:50 - [ArticleSearch] Token ontvangen (vervalt in 1800s)
[INFO] 2025-05-14 07:38:50 - [Startup] Vooraf token laden voor StockInfo...
[INFO] 2025-05-14 07:38:50 - [StockInfo] Token aanvragen bij https://api.cgk-group.com/api/account/login...
[INFO] 2025-05-14 07:38:50 - [StockInfo] Token ontvangen (vervalt in 1800s)
[INFO] 2025-05-14 07:41:26 - [ArticleSearch] Token aanvragen bij https://api.cgk-group.com/api/account/login...
[INFO] 2025-05-14 07:41:26 - [ArticleSearch] Token ontvangen (vervalt in 1800s)
[INFO] 2025-05-14 07:41:26 - [Startup] Vooraf token laden voor StockInfo...
[INFO] 2025-05-14 07:41:26 - [StockInfo] Token aanvragen bij https://api.cgk-group.com/api/account/login...
[INFO] 2025-05-14 07:41:26 - [StockInfo] Token ontvangen (vervalt in 1800s)
[INFO] 2025-05-14 07:45:18 - [ArticleSearch] Token aanvragen bij https://api.cgk-group.com/api/account/login...
[INFO] 2025-05-14 07:45:18 - [ArticleSearch] Token ontvangen (vervalt in 1800s)
[INFO] 2025-05-14 07:45:18 - [Startup] Vooraf token laden voor StockInfo...
[INFO] 2025-05-14 07:45:18 - [StockInfo] Token aanvragen bij https://api.cgk-group.com/api/account/login...
[INFO] 2025-05-14 07:45:18 - [StockInfo] Token ontvangen (vervalt in 1800s)
[INFO] 2025-05-14 08:20:55 - [StockInfo] Token aanvragen bij https://api.cgk-group.com/api/account/login...
[INFO] 2025-05-14 08:20:56 - [StockInfo] Token ontvangen (vervalt in 1800s)
[INFO] 2025-05-14 08:50:10 - [ArticleSearch] Token aanvragen bij https://api.cgk-group.com/api/account/login...
[INFO] 2025-05-14 08:50:11 - [ArticleSearch] Token ontvangen (vervalt in 1800s)
[INFO] 2025-05-14 08:50:11 - [Startup] Vooraf token laden voor StockInfo...
[INFO] 2025-05-14 08:50:11 - [StockInfo] Token aanvragen bij https://api.cgk-group.com/api/account/login...
[INFO] 2025-05-14 08:50:11 - [StockInfo] Token ontvangen (vervalt in 1800s)
[INFO] 2025-05-14 09:06:18 - [ArticleSearch] Token aanvragen bij https://api.cgk-group.com/api/account/login...
[INFO] 2025-05-14 09:06:18 - [ArticleSearch] Token ontvangen (vervalt in 1800s)
[INFO] 2025-05-14 09:06:18 - [Startup] Vooraf token laden voor StockInfo...
[INFO] 2025-05-14 09:06:18 - [StockInfo] Token aanvragen bij https://api.cgk-group.com/api/account/login...
[INFO] 2025-05-14 09:06:18 - [StockInfo] Token ontvangen (vervalt in 1800s)
[INFO] 2025-05-14 09:15:29 - [ArticleSearch] Token aanvragen bij https://api.cgk-group.com/api/account/login...
[INFO] 2025-05-14 09:15:29 - [ArticleSearch] Token ontvangen (vervalt in 1800s)
[INFO] 2025-05-14 09:15:29 - [Startup] Vooraf token laden voor StockInfo...
[INFO] 2025-05-14 09:15:29 - [StockInfo] Token aanvragen bij https://api.cgk-group.com/api/account/login...
[INFO] 2025-05-14 09:15:29 - [StockInfo] Token ontvangen (vervalt in 1800s)
[INFO] 2025-05-14 09:26:15 - [ArticleSearch] Token aanvragen bij https://api.cgk-group.com/api/account/login...
[INFO] 2025-05-14 09:26:15 - [ArticleSearch] Token ontvangen (vervalt in 1800s)
[INFO] 2025-05-14 09:26:15 - [Startup] Vooraf token laden voor StockInfo...
[INFO] 2025-05-14 09:26:15 - [StockInfo] Token aanvragen bij https://api.cgk-group.com/api/account/login...
[INFO] 2025-05-14 09:26:15 - [StockInfo] Token ontvangen (vervalt in 1800s)
[INFO] 2025-05-14 09:45:05 - [ArticleSearch] Token aanvragen bij https://api.cgk-group.com/api/account/login...
[INFO] 2025-05-14 09:45:05 - [ArticleSearch] Token ontvangen (vervalt in 1800s)
[INFO] 2025-05-14 09:45:05 - [Startup] Vooraf token laden voor StockInfo...
[INFO] 2025-05-14 09:45:05 - [StockInfo] Token aanvragen bij https://api.cgk-group.com/api/account/login...
[INFO] 2025-05-14 09:45:05 - [StockInfo] Token ontvangen (vervalt in 1800s)
[INFO] 2025-05-14 10:54:08 - [ArticleSearch] Token aanvragen bij https://api.cgk-group.com/api/account/login...
[INFO] 2025-05-14 10:54:08 - [ArticleSearch] Token ontvangen (vervalt in 1800s)
[INFO] 2025-05-14 10:54:08 - [Startup] Vooraf token laden voor StockInfo...
[INFO] 2025-05-14 10:54:08 - [StockInfo] Token aanvragen bij https://api.cgk-group.com/api/account/login...
[INFO] 2025-05-14 10:54:08 - [StockInfo] Token ontvangen (vervalt in 1800s)
[INFO] 2025-05-14 10:57:09 - [ArticleSearch] Token aanvragen bij https://api.cgk-group.com/api/account/login...
[INFO] 2025-05-14 10:57:09 - [ArticleSearch] Token ontvangen (vervalt in 1800s)
[INFO] 2025-05-14 10:57:09 - [Startup] Vooraf token laden voor StockInfo...
[INFO] 2025-05-14 10:57:09 - [StockInfo] Token aanvragen bij https://api.cgk-group.com/api/account/login...
[INFO] 2025-05-14 10:57:09 - [StockInfo] Token ontvangen (vervalt in 1800s)
[INFO] 2025-05-14 11:07:10 - [ArticleSearch] Token aanvragen bij https://api.cgk-group.com/api/account/login...
[INFO] 2025-05-14 11:07:10 - [ArticleSearch] Token ontvangen (vervalt in 1800s)
[INFO] 2025-05-14 11:07:10 - [Startup] Vooraf token laden voor StockInfo...
[INFO] 2025-05-14 11:07:10 - [StockInfo] Token aanvragen bij https://api.cgk-group.com/api/account/login...
[INFO] 2025-05-14 11:07:10 - [StockInfo] Token ontvangen (vervalt in 1800s)
[INFO] 2025-05-14 11:08:57 - [ArticleSearch] Token aanvragen bij https://api.cgk-group.com/api/account/login...
[INFO] 2025-05-14 11:08:57 - [ArticleSearch] Token ontvangen (vervalt in 1800s)
[INFO] 2025-05-14 11:08:57 - [Startup] Vooraf token laden voor StockInfo...
[INFO] 2025-05-14 11:08:57 - [StockInfo] Token aanvragen bij https://api.cgk-group.com/api/account/login...
[INFO] 2025-05-14 11:08:57 - [StockInfo] Token ontvangen (vervalt in 1800s)
[INFO] 2025-05-14 11:12:52 - [ArticleSearch] Token aanvragen bij https://api.cgk-group.com/api/account/login...
[INFO] 2025-05-14 11:12:53 - [ArticleSearch] Token ontvangen (vervalt in 1800s)
[INFO] 2025-05-14 11:12:53 - [Startup] Vooraf token laden voor StockInfo...
[INFO] 2025-05-14 11:12:53 - [StockInfo] Token aanvragen bij https://api.cgk-group.com/api/account/login...
[INFO] 2025-05-14 11:12:53 - [StockInfo] Token ontvangen (vervalt in 1800s)
[INFO] 2025-05-14 11:14:31 - [ArticleSearch] Token aanvragen bij https://api.cgk-group.com/api/account/login...
[INFO] 2025-05-14 11:14:31 - [ArticleSearch] Token ontvangen (vervalt in 1800s)
[INFO] 2025-05-14 11:14:31 - [Startup] Vooraf token laden voor StockInfo...
[INFO] 2025-05-14 11:14:31 - [StockInfo] Token aanvragen bij https://api.cgk-group.com/api/account/login...
[INFO] 2025-05-14 11:14:31 - [StockInfo] Token ontvangen (vervalt in 1800s)
[INFO] 2025-05-14 11:16:07 - [ArticleSearch] Token aanvragen bij https://api.cgk-group.com/api/account/login...
[INFO] 2025-05-14 11:16:07 - [ArticleSearch] Token ontvangen (vervalt in 1800s)
[INFO] 2025-05-14 11:16:07 - [Startup] Vooraf token laden voor StockInfo...
[INFO] 2025-05-14 11:16:07 - [StockInfo] Token aanvragen bij https://api.cgk-group.com/api/account/login...
[INFO] 2025-05-14 11:16:07 - [StockInfo] Token ontvangen (vervalt in 1800s)
[INFO] 2025-05-14 11:22:29 - [ArticleSearch] Token aanvragen bij https://api.cgk-group.com/api/account/login...
[INFO] 2025-05-14 11:22:29 - [ArticleSearch] Token ontvangen (vervalt in 1800s)
[INFO] 2025-05-14 11:22:29 - [Startup] Vooraf token laden voor StockInfo...
[INFO] 2025-05-14 11:22:29 - [StockInfo] Token aanvragen bij https://api.cgk-group.com/api/account/login...
[INFO] 2025-05-14 11:22:29 - [StockInfo] Token ontvangen (vervalt in 1800s)
[INFO] 2025-05-14 11:28:10 - [ArticleSearch] Token aanvragen bij https://api.cgk-group.com/api/account/login...
[INFO] 2025-05-14 11:28:10 - [ArticleSearch] Token ontvangen (vervalt in 1800s)
[INFO] 2025-05-14 11:28:10 - [Startup] Vooraf token laden voor StockInfo...
[INFO] 2025-05-14 11:28:10 - [StockInfo] Token aanvragen bij https://api.cgk-group.com/api/account/login...
[INFO] 2025-05-14 11:28:10 - [StockInfo] Token ontvangen (vervalt in 1800s)
[INFO] 2025-05-14 11:33:07 - [ArticleSearch] Token aanvragen bij https://api.cgk-group.com/api/account/login...
[INFO] 2025-05-14 11:33:07 - [ArticleSearch] Token ontvangen (vervalt in 1800s)
[INFO] 2025-05-14 11:33:07 - [Startup] Vooraf token laden voor StockInfo...
[INFO] 2025-05-14 11:33:07 - [StockInfo] Token aanvragen bij https://api.cgk-group.com/api/account/login...
[INFO] 2025-05-14 11:33:07 - [StockInfo] Token ontvangen (vervalt in 1800s)
[INFO] 2025-05-14 15:53:27 - [ArticleSearch] Token aanvragen bij https://api-test.cgk-group.com/api/account/login...
[INFO] 2025-05-14 15:53:32 - [ArticleSearch] Token ontvangen (vervalt in 1800s)
[INFO] 2025-05-14 15:53:32 - [Startup] Vooraf token laden voor StockInfo...
[INFO] 2025-05-14 15:53:32 - [StockInfo] Token aanvragen bij https://api-test.cgk-group.com/api/account/login...
[INFO] 2025-05-14 15:53:32 - [StockInfo] Token ontvangen (vervalt in 1800s)
[INFO] 2025-05-14 16:06:57 - [ArticleSearch] Token aanvragen bij https://api-test.cgk-group.com/api/account/login...
[INFO] 2025-05-14 16:06:57 - [ArticleSearch] Token ontvangen (vervalt in 1800s)
[INFO] 2025-05-14 16:06:57 - [Startup] Vooraf token laden voor StockInfo...
[INFO] 2025-05-14 16:06:57 - [StockInfo] Token aanvragen bij https://api-test.cgk-group.com/api/account/login...
[INFO] 2025-05-14 16:06:57 - [StockInfo] Token ontvangen (vervalt in 1800s)
[INFO] 2025-05-14 16:12:31 - [ArticleSearch] Token aanvragen bij https://api-test.cgk-group.com/api/account/login...
[INFO] 2025-05-14 16:12:31 - [ArticleSearch] Token ontvangen (vervalt in 1800s)
[INFO] 2025-05-14 16:12:31 - [Startup] Vooraf token laden voor StockInfo...
[INFO] 2025-05-14 16:12:31 - [StockInfo] Token aanvragen bij https://api-test.cgk-group.com/api/account/login...
[INFO] 2025-05-14 16:12:31 - [StockInfo] Token ontvangen (vervalt in 1800s)
[INFO] 2025-05-14 18:04:05 - [ArticleSearch] Token aanvragen bij https://api-test.cgk-group.com/api/account/login...
[INFO] 2025-05-14 18:04:10 - [ArticleSearch] Token ontvangen (vervalt in 1800s)
[INFO] 2025-05-14 18:04:10 - [Startup] Vooraf token laden voor StockInfo...
[INFO] 2025-05-14 18:04:10 - [StockInfo] Token aanvragen bij https://api-test.cgk-group.com/api/account/login...
[INFO] 2025-05-14 18:04:11 - [StockInfo] Token ontvangen (vervalt in 1800s)
[INFO] 2025-05-15 07:26:36 - [ArticleSearch] Token aanvragen bij https://api-test.cgk-group.com/api/account/login...
[ERROR] 2025-05-15 07:26:36 - [ArticleSearch] Token aanvraag mislukt: ('Connection aborted.', ConnectionResetError(10054, 'An existing connection was forcibly closed by the remote host', None, 10054, None))
[INFO] 2025-05-15 07:27:35 - [ArticleSearch] Token aanvragen bij https://api-test.cgk-group.com/api/account/login...
[INFO] 2025-05-15 07:27:43 - [ArticleSearch] Token ontvangen (vervalt in 1800s)
[INFO] 2025-05-15 07:27:43 - [Startup] Vooraf token laden voor StockInfo...
[INFO] 2025-05-15 07:27:43 - [StockInfo] Token aanvragen bij https://api-test.cgk-group.com/api/account/login...
[INFO] 2025-05-15 07:27:43 - [StockInfo] Token ontvangen (vervalt in 1800s)
[INFO] 2025-05-15 07:44:32 - [ArticleSearch] Token aanvragen bij https://api-test.cgk-group.com/api/account/login...
[INFO] 2025-05-15 07:44:32 - [ArticleSearch] Token ontvangen (vervalt in 1800s)
[INFO] 2025-05-15 07:44:32 - [Startup] Vooraf token laden voor StockInfo...
[INFO] 2025-05-15 07:44:32 - [StockInfo] Token aanvragen bij https://api-test.cgk-group.com/api/account/login...
[INFO] 2025-05-15 07:44:32 - [StockInfo] Token ontvangen (vervalt in 1800s)
[INFO] 2025-05-15 07:47:52 - [ArticleSearch] Token aanvragen bij https://api-test.cgk-group.com/api/account/login...
[INFO] 2025-05-15 07:47:52 - [ArticleSearch] Token ontvangen (vervalt in 1800s)
[INFO] 2025-05-15 07:47:52 - [Startup] Vooraf token laden voor StockInfo...
[INFO] 2025-05-15 07:47:52 - [StockInfo] Token aanvragen bij https://api-test.cgk-group.com/api/account/login...
[INFO] 2025-05-15 07:47:52 - [StockInfo] Token ontvangen (vervalt in 1800s)
[INFO] 2025-05-15 07:50:24 - [ArticleSearch] Token aanvragen bij https://api-test.cgk-group.com/api/account/login...
[INFO] 2025-05-15 07:50:24 - [ArticleSearch] Token ontvangen (vervalt in 1800s)
[INFO] 2025-05-15 07:50:24 - [Startup] Vooraf token laden voor StockInfo...
[INFO] 2025-05-15 07:50:24 - [StockInfo] Token aanvragen bij https://api-test.cgk-group.com/api/account/login...
[INFO] 2025-05-15 07:50:24 - [StockInfo] Token ontvangen (vervalt in 1800s)
[INFO] 2025-05-15 07:58:31 - [ArticleSearch] Token aanvragen bij https://api-test.cgk-group.com/api/account/login...
[INFO] 2025-05-15 07:58:31 - [ArticleSearch] Token ontvangen (vervalt in 1800s)
[INFO] 2025-05-15 07:58:31 - [Startup] Vooraf token laden voor StockInfo...
[INFO] 2025-05-15 07:58:31 - [StockInfo] Token aanvragen bij https://api-test.cgk-group.com/api/account/login...
[INFO] 2025-05-15 07:58:31 - [StockInfo] Token ontvangen (vervalt in 1800s)
[INFO] 2025-05-15 08:17:50 - [ArticleSearch] Token aanvragen bij https://api.cgk-group.com/api/account/login...
[INFO] 2025-05-15 08:17:52 - [ArticleSearch] Token ontvangen (vervalt in 1800s)
[INFO] 2025-05-15 08:17:52 - [Startup] Vooraf token laden voor StockInfo...
[INFO] 2025-05-15 08:17:52 - [StockInfo] Token aanvragen bij https://api.cgk-group.com/api/account/login...
[INFO] 2025-05-15 08:17:52 - [StockInfo] Token ontvangen (vervalt in 1800s)
[INFO] 2025-05-15 09:40:57 - [ArticleSearch] Token aanvragen bij https://api.cgk-group.com/api/account/login...
[INFO] 2025-05-15 09:40:57 - [ArticleSearch] Token ontvangen (vervalt in 1800s)
[INFO] 2025-05-15 09:40:57 - [Startup] Vooraf token laden voor StockInfo...
[INFO] 2025-05-15 09:40:57 - [StockInfo] Token aanvragen bij https://api.cgk-group.com/api/account/login...
[INFO] 2025-05-15 09:40:58 - [StockInfo] Token ontvangen (vervalt in 1800s)
[DEBUG] 2025-05-15 09:41:16 - Reading 'maxp' table from disk
[DEBUG] 2025-05-15 09:41:16 - Decompiling 'maxp' table
[DEBUG] 2025-05-15 09:41:16 - Took 0.001s to load 'maxp'
[DEBUG] 2025-05-15 09:41:16 - Took 0.000s to prune 'maxp'
[INFO] 2025-05-15 09:41:16 - maxp pruned
[DEBUG] 2025-05-15 09:41:16 - Reading 'cmap' table from disk
[DEBUG] 2025-05-15 09:41:16 - Decompiling 'cmap' table
[DEBUG] 2025-05-15 09:41:16 - Reading 'post' table from disk
[DEBUG] 2025-05-15 09:41:16 - Decompiling 'post' table
[DEBUG] 2025-05-15 09:41:16 - Took 0.006s to load 'cmap'
[DEBUG] 2025-05-15 09:41:16 - Took 0.000s to prune 'cmap'
[INFO] 2025-05-15 09:41:16 - cmap pruned
[INFO] 2025-05-15 09:41:16 - fpgm dropped
[INFO] 2025-05-15 09:41:16 - prep dropped
[INFO] 2025-05-15 09:41:16 - cvt  dropped
[INFO] 2025-05-15 09:41:16 - kern dropped
[DEBUG] 2025-05-15 09:41:16 - Took 0.000s to load 'post'
[DEBUG] 2025-05-15 09:41:16 - Took 0.000s to prune 'post'
[INFO] 2025-05-15 09:41:16 - post pruned
[INFO] 2025-05-15 09:41:16 - GPOS dropped
[INFO] 2025-05-15 09:41:16 - GSUB dropped
[DEBUG] 2025-05-15 09:41:16 - Reading 'glyf' table from disk
[DEBUG] 2025-05-15 09:41:16 - Decompiling 'glyf' table
[DEBUG] 2025-05-15 09:41:16 - Reading 'loca' table from disk
[DEBUG] 2025-05-15 09:41:16 - Decompiling 'loca' table
[DEBUG] 2025-05-15 09:41:16 - Reading 'head' table from disk
[DEBUG] 2025-05-15 09:41:16 - Decompiling 'head' table
[DEBUG] 2025-05-15 09:41:16 - Took 0.004s to load 'glyf'
[DEBUG] 2025-05-15 09:41:16 - Took 0.000s to prune 'glyf'
[INFO] 2025-05-15 09:41:16 - glyf pruned
[DEBUG] 2025-05-15 09:41:16 - Took 0.000s to close glyph list over 'cmap'
[INFO] 2025-05-15 09:41:16 - Added gid0 to subset
[INFO] 2025-05-15 09:41:16 - Closing glyph list over 'glyf': 24 glyphs before
[INFO] 2025-05-15 09:41:16 - Glyph names: ['.notdef', 'B', 'C', 'M', 'S', 'a', 'c', 'e', 'five', 'hyphen', 'i', 'l', 'm', 'n', 'o', 'r', 's', 'space', 't', 'two', 'u', 'v', 'y', 'zero']
[INFO] 2025-05-15 09:41:16 - Glyph IDs:   [0, 3, 16, 19, 21, 24, 37, 38, 48, 54, 68, 70, 72, 76, 79, 80, 81, 82, 85, 86, 87, 88, 89, 92]
[INFO] 2025-05-15 09:41:16 - Closed glyph list over 'glyf': 24 glyphs after
[INFO] 2025-05-15 09:41:16 - Glyph names: ['.notdef', 'B', 'C', 'M', 'S', 'a', 'c', 'e', 'five', 'hyphen', 'i', 'l', 'm', 'n', 'o', 'r', 's', 'space', 't', 'two', 'u', 'v', 'y', 'zero']
[INFO] 2025-05-15 09:41:16 - Glyph IDs:   [0, 3, 16, 19, 21, 24, 37, 38, 48, 54, 68, 70, 72, 76, 79, 80, 81, 82, 85, 86, 87, 88, 89, 92]
[DEBUG] 2025-05-15 09:41:16 - Took 0.005s to close glyph list over 'glyf'
[INFO] 2025-05-15 09:41:16 - Retaining 24 glyphs
[INFO] 2025-05-15 09:41:16 - head subsetting not needed
[INFO] 2025-05-15 09:41:16 - hhea subsetting not needed
[INFO] 2025-05-15 09:41:16 - maxp subsetting not needed
[INFO] 2025-05-15 09:41:16 - OS/2 subsetting not needed
[DEBUG] 2025-05-15 09:41:16 - Reading 'hmtx' table from disk
[DEBUG] 2025-05-15 09:41:16 - Decompiling 'hmtx' table
[DEBUG] 2025-05-15 09:41:16 - Reading 'hhea' table from disk
[DEBUG] 2025-05-15 09:41:16 - Decompiling 'hhea' table
[DEBUG] 2025-05-15 09:41:16 - Took 0.005s to subset 'hmtx'
[INFO] 2025-05-15 09:41:16 - hmtx subsetted
[DEBUG] 2025-05-15 09:41:16 - Took 0.001s to subset 'cmap'
[INFO] 2025-05-15 09:41:16 - cmap subsetted
[INFO] 2025-05-15 09:41:16 - loca subsetting not needed
[DEBUG] 2025-05-15 09:41:16 - Took 0.000s to subset 'post'
[INFO] 2025-05-15 09:41:16 - post subsetted
[INFO] 2025-05-15 09:41:16 - gasp subsetting not needed
[INFO] 2025-05-15 09:41:16 - FFTM NOT subset; don't know how to subset
[DEBUG] 2025-05-15 09:41:16 - Reading 'GDEF' table from disk
[DEBUG] 2025-05-15 09:41:16 - Decompiling 'GDEF' table
[DEBUG] 2025-05-15 09:41:16 - Took 0.002s to subset 'GDEF'
[INFO] 2025-05-15 09:41:16 - GDEF subsetted
[INFO] 2025-05-15 09:41:16 - name subsetting not needed
[DEBUG] 2025-05-15 09:41:16 - Took 0.000s to subset 'glyf'
[INFO] 2025-05-15 09:41:16 - glyf subsetted
[DEBUG] 2025-05-15 09:41:16 - Took 0.000s to subset GlyphOrder
[DEBUG] 2025-05-15 09:41:16 - Took 0.000s to prune 'head'
[INFO] 2025-05-15 09:41:16 - head pruned
[DEBUG] 2025-05-15 09:41:16 - Reading 'OS/2' table from disk
[DEBUG] 2025-05-15 09:41:16 - Decompiling 'OS/2' table
[INFO] 2025-05-15 09:41:16 - OS/2 Unicode ranges pruned: [0]
[INFO] 2025-05-15 09:41:16 - OS/2 CodePage ranges pruned: [0]
[DEBUG] 2025-05-15 09:41:16 - Took 0.000s to prune 'glyf'
[INFO] 2025-05-15 09:41:16 - glyf pruned
[DEBUG] 2025-05-15 09:41:16 - Took 0.000s to prune 'GDEF'
[INFO] 2025-05-15 09:41:16 - GDEF pruned
[DEBUG] 2025-05-15 09:41:16 - Reading 'name' table from disk
[DEBUG] 2025-05-15 09:41:16 - Decompiling 'name' table
[DEBUG] 2025-05-15 09:41:16 - Reading 'gasp' table from disk
[DEBUG] 2025-05-15 09:41:16 - Decompiling 'gasp' table
[DEBUG] 2025-05-15 09:41:16 - Reading 'FFTM' table from disk
[DEBUG] 2025-05-15 09:41:16 - Decompiling 'FFTM' table
[DEBUG] 2025-05-15 09:41:16 - Took 0.002s to prune 'name'
[INFO] 2025-05-15 09:41:16 - name pruned
[DEBUG] 2025-05-15 09:41:16 - Reading 'maxp' table from disk
[DEBUG] 2025-05-15 09:41:16 - Decompiling 'maxp' table
[DEBUG] 2025-05-15 09:41:16 - Took 0.001s to load 'maxp'
[DEBUG] 2025-05-15 09:41:16 - Took 0.000s to prune 'maxp'
[INFO] 2025-05-15 09:41:16 - maxp pruned
[DEBUG] 2025-05-15 09:41:16 - Reading 'cmap' table from disk
[DEBUG] 2025-05-15 09:41:16 - Decompiling 'cmap' table
[DEBUG] 2025-05-15 09:41:16 - Reading 'post' table from disk
[DEBUG] 2025-05-15 09:41:16 - Decompiling 'post' table
[DEBUG] 2025-05-15 09:41:16 - Took 0.004s to load 'cmap'
[DEBUG] 2025-05-15 09:41:16 - Took 0.000s to prune 'cmap'
[INFO] 2025-05-15 09:41:16 - cmap pruned
[INFO] 2025-05-15 09:41:16 - fpgm dropped
[INFO] 2025-05-15 09:41:16 - prep dropped
[INFO] 2025-05-15 09:41:16 - cvt  dropped
[INFO] 2025-05-15 09:41:16 - kern dropped
[DEBUG] 2025-05-15 09:41:16 - Took 0.000s to load 'post'
[DEBUG] 2025-05-15 09:41:16 - Took 0.000s to prune 'post'
[INFO] 2025-05-15 09:41:16 - post pruned
[INFO] 2025-05-15 09:41:16 - GPOS dropped
[INFO] 2025-05-15 09:41:16 - GSUB dropped
[DEBUG] 2025-05-15 09:41:16 - Reading 'glyf' table from disk
[DEBUG] 2025-05-15 09:41:16 - Decompiling 'glyf' table
[DEBUG] 2025-05-15 09:41:16 - Reading 'loca' table from disk
[DEBUG] 2025-05-15 09:41:16 - Decompiling 'loca' table
[DEBUG] 2025-05-15 09:41:16 - Reading 'head' table from disk
[DEBUG] 2025-05-15 09:41:16 - Decompiling 'head' table
[DEBUG] 2025-05-15 09:41:16 - Took 0.004s to load 'glyf'
[DEBUG] 2025-05-15 09:41:16 - Took 0.000s to prune 'glyf'
[INFO] 2025-05-15 09:41:16 - glyf pruned
[DEBUG] 2025-05-15 09:41:16 - Took 0.000s to close glyph list over 'cmap'
[INFO] 2025-05-15 09:41:16 - Added gid0 to subset
[INFO] 2025-05-15 09:41:16 - Closing glyph list over 'MATH': 25 glyphs before
[INFO] 2025-05-15 09:41:16 - Glyph names: ['.notdef', 'A', 'D', 'I', 'S', 'a', 'b', 'colon', 'd', 'e', 'eight', 'five', 'hyphen', 'l', 'n', 'o', 'one', 'p', 'period', 'r', 'space', 't', 'two', 'u', 'zero']
[INFO] 2025-05-15 09:41:16 - Glyph IDs:   [0, 3, 16, 17, 19, 20, 21, 24, 27, 29, 36, 39, 44, 54, 68, 69, 71, 72, 79, 81, 82, 83, 85, 87, 88]
[DEBUG] 2025-05-15 09:41:16 - Reading 'MATH' table from disk
[DEBUG] 2025-05-15 09:41:16 - Decompiling 'MATH' table
[INFO] 2025-05-15 09:41:16 - Closed glyph list over 'MATH': 25 glyphs after
[INFO] 2025-05-15 09:41:16 - Glyph names: ['.notdef', 'A', 'D', 'I', 'S', 'a', 'b', 'colon', 'd', 'e', 'eight', 'five', 'hyphen', 'l', 'n', 'o', 'one', 'p', 'period', 'r', 'space', 't', 'two', 'u', 'zero']
[INFO] 2025-05-15 09:41:16 - Glyph IDs:   [0, 3, 16, 17, 19, 20, 21, 24, 27, 29, 36, 39, 44, 54, 68, 69, 71, 72, 79, 81, 82, 83, 85, 87, 88]
[DEBUG] 2025-05-15 09:41:16 - Took 0.004s to close glyph list over 'MATH'
[INFO] 2025-05-15 09:41:16 - Closing glyph list over 'glyf': 25 glyphs before
[INFO] 2025-05-15 09:41:16 - Glyph names: ['.notdef', 'A', 'D', 'I', 'S', 'a', 'b', 'colon', 'd', 'e', 'eight', 'five', 'hyphen', 'l', 'n', 'o', 'one', 'p', 'period', 'r', 'space', 't', 'two', 'u', 'zero']
[INFO] 2025-05-15 09:41:16 - Glyph IDs:   [0, 3, 16, 17, 19, 20, 21, 24, 27, 29, 36, 39, 44, 54, 68, 69, 71, 72, 79, 81, 82, 83, 85, 87, 88]
[INFO] 2025-05-15 09:41:16 - Closed glyph list over 'glyf': 25 glyphs after
[INFO] 2025-05-15 09:41:16 - Glyph names: ['.notdef', 'A', 'D', 'I', 'S', 'a', 'b', 'colon', 'd', 'e', 'eight', 'five', 'hyphen', 'l', 'n', 'o', 'one', 'p', 'period', 'r', 'space', 't', 'two', 'u', 'zero']
[INFO] 2025-05-15 09:41:16 - Glyph IDs:   [0, 3, 16, 17, 19, 20, 21, 24, 27, 29, 36, 39, 44, 54, 68, 69, 71, 72, 79, 81, 82, 83, 85, 87, 88]
[DEBUG] 2025-05-15 09:41:16 - Took 0.002s to close glyph list over 'glyf'
[INFO] 2025-05-15 09:41:16 - Retaining 25 glyphs
[INFO] 2025-05-15 09:41:16 - head subsetting not needed
[INFO] 2025-05-15 09:41:16 - hhea subsetting not needed
[INFO] 2025-05-15 09:41:16 - maxp subsetting not needed
[INFO] 2025-05-15 09:41:16 - OS/2 subsetting not needed
[DEBUG] 2025-05-15 09:41:16 - Reading 'hmtx' table from disk
[DEBUG] 2025-05-15 09:41:16 - Decompiling 'hmtx' table
[DEBUG] 2025-05-15 09:41:16 - Reading 'hhea' table from disk
[DEBUG] 2025-05-15 09:41:16 - Decompiling 'hhea' table
[DEBUG] 2025-05-15 09:41:16 - Took 0.003s to subset 'hmtx'
[INFO] 2025-05-15 09:41:16 - hmtx subsetted
[DEBUG] 2025-05-15 09:41:16 - Took 0.001s to subset 'cmap'
[INFO] 2025-05-15 09:41:16 - cmap subsetted
[INFO] 2025-05-15 09:41:16 - loca subsetting not needed
[DEBUG] 2025-05-15 09:41:16 - Took 0.000s to subset 'post'
[INFO] 2025-05-15 09:41:16 - post subsetted
[INFO] 2025-05-15 09:41:16 - gasp subsetting not needed
[INFO] 2025-05-15 09:41:16 - FFTM NOT subset; don't know how to subset
[DEBUG] 2025-05-15 09:41:16 - Took 0.000s to subset 'MATH'
[INFO] 2025-05-15 09:41:16 - MATH subsetted
[DEBUG] 2025-05-15 09:41:16 - Reading 'GDEF' table from disk
[DEBUG] 2025-05-15 09:41:16 - Decompiling 'GDEF' table
[DEBUG] 2025-05-15 09:41:16 - Took 0.002s to subset 'GDEF'
[INFO] 2025-05-15 09:41:16 - GDEF subsetted
[INFO] 2025-05-15 09:41:16 - name subsetting not needed
[DEBUG] 2025-05-15 09:41:16 - Took 0.000s to subset 'glyf'
[INFO] 2025-05-15 09:41:16 - glyf subsetted
[DEBUG] 2025-05-15 09:41:16 - Took 0.000s to subset GlyphOrder
[DEBUG] 2025-05-15 09:41:16 - Took 0.000s to prune 'head'
[INFO] 2025-05-15 09:41:16 - head pruned
[DEBUG] 2025-05-15 09:41:16 - Reading 'OS/2' table from disk
[DEBUG] 2025-05-15 09:41:16 - Decompiling 'OS/2' table
[INFO] 2025-05-15 09:41:16 - OS/2 Unicode ranges pruned: [0]
[INFO] 2025-05-15 09:41:16 - OS/2 CodePage ranges pruned: [0]
[DEBUG] 2025-05-15 09:41:16 - Took 0.000s to prune 'glyf'
[INFO] 2025-05-15 09:41:16 - glyf pruned
[DEBUG] 2025-05-15 09:41:16 - Took 0.000s to prune 'GDEF'
[INFO] 2025-05-15 09:41:16 - GDEF pruned
[DEBUG] 2025-05-15 09:41:16 - Reading 'name' table from disk
[DEBUG] 2025-05-15 09:41:16 - Decompiling 'name' table
[DEBUG] 2025-05-15 09:41:16 - Reading 'gasp' table from disk
[DEBUG] 2025-05-15 09:41:16 - Decompiling 'gasp' table
[DEBUG] 2025-05-15 09:41:16 - Reading 'FFTM' table from disk
[DEBUG] 2025-05-15 09:41:16 - Decompiling 'FFTM' table
[DEBUG] 2025-05-15 09:41:16 - Took 0.002s to prune 'name'
[INFO] 2025-05-15 09:41:16 - name pruned
[DEBUG] 2025-05-15 09:43:17 - Reading 'maxp' table from disk
[DEBUG] 2025-05-15 09:43:17 - Decompiling 'maxp' table
[DEBUG] 2025-05-15 09:43:17 - Took 0.001s to load 'maxp'
[DEBUG] 2025-05-15 09:43:17 - Took 0.000s to prune 'maxp'
[INFO] 2025-05-15 09:43:17 - maxp pruned
[DEBUG] 2025-05-15 09:43:17 - Reading 'cmap' table from disk
[DEBUG] 2025-05-15 09:43:17 - Decompiling 'cmap' table
[DEBUG] 2025-05-15 09:43:17 - Reading 'post' table from disk
[DEBUG] 2025-05-15 09:43:17 - Decompiling 'post' table
[DEBUG] 2025-05-15 09:43:17 - Took 0.005s to load 'cmap'
[DEBUG] 2025-05-15 09:43:17 - Took 0.000s to prune 'cmap'
[INFO] 2025-05-15 09:43:17 - cmap pruned
[INFO] 2025-05-15 09:43:17 - fpgm dropped
[INFO] 2025-05-15 09:43:17 - prep dropped
[INFO] 2025-05-15 09:43:17 - cvt  dropped
[INFO] 2025-05-15 09:43:17 - kern dropped
[DEBUG] 2025-05-15 09:43:17 - Took 0.000s to load 'post'
[DEBUG] 2025-05-15 09:43:17 - Took 0.000s to prune 'post'
[INFO] 2025-05-15 09:43:17 - post pruned
[INFO] 2025-05-15 09:43:17 - GPOS dropped
[INFO] 2025-05-15 09:43:17 - GSUB dropped
[DEBUG] 2025-05-15 09:43:17 - Reading 'glyf' table from disk
[DEBUG] 2025-05-15 09:43:17 - Decompiling 'glyf' table
[DEBUG] 2025-05-15 09:43:17 - Reading 'loca' table from disk
[DEBUG] 2025-05-15 09:43:17 - Decompiling 'loca' table
[DEBUG] 2025-05-15 09:43:17 - Reading 'head' table from disk
[DEBUG] 2025-05-15 09:43:17 - Decompiling 'head' table
[DEBUG] 2025-05-15 09:43:17 - Took 0.006s to load 'glyf'
[DEBUG] 2025-05-15 09:43:17 - Took 0.000s to prune 'glyf'
[INFO] 2025-05-15 09:43:17 - glyf pruned
[DEBUG] 2025-05-15 09:43:17 - Took 0.000s to close glyph list over 'cmap'
[INFO] 2025-05-15 09:43:17 - Added gid0 to subset
[INFO] 2025-05-15 09:43:17 - Closing glyph list over 'glyf': 24 glyphs before
[INFO] 2025-05-15 09:43:17 - Glyph names: ['.notdef', 'B', 'C', 'M', 'S', 'a', 'c', 'e', 'five', 'hyphen', 'i', 'l', 'm', 'n', 'o', 'r', 's', 'space', 't', 'two', 'u', 'v', 'y', 'zero']
[INFO] 2025-05-15 09:43:17 - Glyph IDs:   [0, 3, 16, 19, 21, 24, 37, 38, 48, 54, 68, 70, 72, 76, 79, 80, 81, 82, 85, 86, 87, 88, 89, 92]
[INFO] 2025-05-15 09:43:17 - Closed glyph list over 'glyf': 24 glyphs after
[INFO] 2025-05-15 09:43:17 - Glyph names: ['.notdef', 'B', 'C', 'M', 'S', 'a', 'c', 'e', 'five', 'hyphen', 'i', 'l', 'm', 'n', 'o', 'r', 's', 'space', 't', 'two', 'u', 'v', 'y', 'zero']
[INFO] 2025-05-15 09:43:17 - Glyph IDs:   [0, 3, 16, 19, 21, 24, 37, 38, 48, 54, 68, 70, 72, 76, 79, 80, 81, 82, 85, 86, 87, 88, 89, 92]
[DEBUG] 2025-05-15 09:43:17 - Took 0.003s to close glyph list over 'glyf'
[INFO] 2025-05-15 09:43:17 - Retaining 24 glyphs
[INFO] 2025-05-15 09:43:17 - head subsetting not needed
[INFO] 2025-05-15 09:43:17 - hhea subsetting not needed
[INFO] 2025-05-15 09:43:17 - maxp subsetting not needed
[INFO] 2025-05-15 09:43:17 - OS/2 subsetting not needed
[DEBUG] 2025-05-15 09:43:17 - Reading 'hmtx' table from disk
[DEBUG] 2025-05-15 09:43:17 - Decompiling 'hmtx' table
[DEBUG] 2025-05-15 09:43:17 - Reading 'hhea' table from disk
[DEBUG] 2025-05-15 09:43:17 - Decompiling 'hhea' table
[DEBUG] 2025-05-15 09:43:17 - Took 0.003s to subset 'hmtx'
[INFO] 2025-05-15 09:43:17 - hmtx subsetted
[DEBUG] 2025-05-15 09:43:17 - Took 0.001s to subset 'cmap'
[INFO] 2025-05-15 09:43:17 - cmap subsetted
[INFO] 2025-05-15 09:43:17 - loca subsetting not needed
[DEBUG] 2025-05-15 09:43:17 - Took 0.000s to subset 'post'
[INFO] 2025-05-15 09:43:17 - post subsetted
[INFO] 2025-05-15 09:43:17 - gasp subsetting not needed
[INFO] 2025-05-15 09:43:17 - FFTM NOT subset; don't know how to subset
[DEBUG] 2025-05-15 09:43:17 - Reading 'GDEF' table from disk
[DEBUG] 2025-05-15 09:43:17 - Decompiling 'GDEF' table
[DEBUG] 2025-05-15 09:43:17 - Took 0.001s to subset 'GDEF'
[INFO] 2025-05-15 09:43:17 - GDEF subsetted
[INFO] 2025-05-15 09:43:17 - name subsetting not needed
[DEBUG] 2025-05-15 09:43:17 - Took 0.000s to subset 'glyf'
[INFO] 2025-05-15 09:43:17 - glyf subsetted
[DEBUG] 2025-05-15 09:43:17 - Took 0.000s to subset GlyphOrder
[DEBUG] 2025-05-15 09:43:17 - Took 0.000s to prune 'head'
[INFO] 2025-05-15 09:43:17 - head pruned
[DEBUG] 2025-05-15 09:43:17 - Reading 'OS/2' table from disk
[DEBUG] 2025-05-15 09:43:17 - Decompiling 'OS/2' table
[INFO] 2025-05-15 09:43:17 - OS/2 Unicode ranges pruned: [0]
[INFO] 2025-05-15 09:43:17 - OS/2 CodePage ranges pruned: [0]
[DEBUG] 2025-05-15 09:43:17 - Took 0.000s to prune 'glyf'
[INFO] 2025-05-15 09:43:17 - glyf pruned
[DEBUG] 2025-05-15 09:43:17 - Took 0.000s to prune 'GDEF'
[INFO] 2025-05-15 09:43:17 - GDEF pruned
[DEBUG] 2025-05-15 09:43:17 - Reading 'name' table from disk
[DEBUG] 2025-05-15 09:43:17 - Decompiling 'name' table
[DEBUG] 2025-05-15 09:43:17 - Reading 'gasp' table from disk
[DEBUG] 2025-05-15 09:43:17 - Decompiling 'gasp' table
[DEBUG] 2025-05-15 09:43:17 - Reading 'FFTM' table from disk
[DEBUG] 2025-05-15 09:43:17 - Decompiling 'FFTM' table
[DEBUG] 2025-05-15 09:43:17 - Took 0.003s to prune 'name'
[INFO] 2025-05-15 09:43:17 - name pruned
[DEBUG] 2025-05-15 09:43:17 - Reading 'maxp' table from disk
[DEBUG] 2025-05-15 09:43:17 - Decompiling 'maxp' table
[DEBUG] 2025-05-15 09:43:17 - Took 0.001s to load 'maxp'
[DEBUG] 2025-05-15 09:43:17 - Took 0.000s to prune 'maxp'
[INFO] 2025-05-15 09:43:17 - maxp pruned
[DEBUG] 2025-05-15 09:43:17 - Reading 'cmap' table from disk
[DEBUG] 2025-05-15 09:43:17 - Decompiling 'cmap' table
[DEBUG] 2025-05-15 09:43:17 - Reading 'post' table from disk
[DEBUG] 2025-05-15 09:43:17 - Decompiling 'post' table
[DEBUG] 2025-05-15 09:43:17 - Took 0.004s to load 'cmap'
[DEBUG] 2025-05-15 09:43:17 - Took 0.000s to prune 'cmap'
[INFO] 2025-05-15 09:43:17 - cmap pruned
[INFO] 2025-05-15 09:43:17 - fpgm dropped
[INFO] 2025-05-15 09:43:17 - prep dropped
[INFO] 2025-05-15 09:43:17 - cvt  dropped
[INFO] 2025-05-15 09:43:17 - kern dropped
[DEBUG] 2025-05-15 09:43:17 - Took 0.000s to load 'post'
[DEBUG] 2025-05-15 09:43:17 - Took 0.000s to prune 'post'
[INFO] 2025-05-15 09:43:17 - post pruned
[INFO] 2025-05-15 09:43:17 - GPOS dropped
[INFO] 2025-05-15 09:43:17 - GSUB dropped
[DEBUG] 2025-05-15 09:43:17 - Reading 'glyf' table from disk
[DEBUG] 2025-05-15 09:43:17 - Decompiling 'glyf' table
[DEBUG] 2025-05-15 09:43:17 - Reading 'loca' table from disk
[DEBUG] 2025-05-15 09:43:17 - Decompiling 'loca' table
[DEBUG] 2025-05-15 09:43:17 - Reading 'head' table from disk
[DEBUG] 2025-05-15 09:43:17 - Decompiling 'head' table
[DEBUG] 2025-05-15 09:43:17 - Took 0.003s to load 'glyf'
[DEBUG] 2025-05-15 09:43:17 - Took 0.000s to prune 'glyf'
[INFO] 2025-05-15 09:43:17 - glyf pruned
[DEBUG] 2025-05-15 09:43:17 - Took 0.000s to close glyph list over 'cmap'
[INFO] 2025-05-15 09:43:17 - Added gid0 to subset
[INFO] 2025-05-15 09:43:17 - Closing glyph list over 'MATH': 25 glyphs before
[INFO] 2025-05-15 09:43:17 - Glyph names: ['.notdef', 'A', 'D', 'I', 'S', 'a', 'b', 'colon', 'd', 'e', 'eight', 'five', 'hyphen', 'l', 'n', 'o', 'one', 'p', 'period', 'r', 'space', 't', 'two', 'u', 'zero']
[INFO] 2025-05-15 09:43:17 - Glyph IDs:   [0, 3, 16, 17, 19, 20, 21, 24, 27, 29, 36, 39, 44, 54, 68, 69, 71, 72, 79, 81, 82, 83, 85, 87, 88]
[DEBUG] 2025-05-15 09:43:17 - Reading 'MATH' table from disk
[DEBUG] 2025-05-15 09:43:17 - Decompiling 'MATH' table
[INFO] 2025-05-15 09:43:17 - Closed glyph list over 'MATH': 25 glyphs after
[INFO] 2025-05-15 09:43:17 - Glyph names: ['.notdef', 'A', 'D', 'I', 'S', 'a', 'b', 'colon', 'd', 'e', 'eight', 'five', 'hyphen', 'l', 'n', 'o', 'one', 'p', 'period', 'r', 'space', 't', 'two', 'u', 'zero']
[INFO] 2025-05-15 09:43:17 - Glyph IDs:   [0, 3, 16, 17, 19, 20, 21, 24, 27, 29, 36, 39, 44, 54, 68, 69, 71, 72, 79, 81, 82, 83, 85, 87, 88]
[DEBUG] 2025-05-15 09:43:17 - Took 0.004s to close glyph list over 'MATH'
[INFO] 2025-05-15 09:43:17 - Closing glyph list over 'glyf': 25 glyphs before
[INFO] 2025-05-15 09:43:17 - Glyph names: ['.notdef', 'A', 'D', 'I', 'S', 'a', 'b', 'colon', 'd', 'e', 'eight', 'five', 'hyphen', 'l', 'n', 'o', 'one', 'p', 'period', 'r', 'space', 't', 'two', 'u', 'zero']
[INFO] 2025-05-15 09:43:17 - Glyph IDs:   [0, 3, 16, 17, 19, 20, 21, 24, 27, 29, 36, 39, 44, 54, 68, 69, 71, 72, 79, 81, 82, 83, 85, 87, 88]
[INFO] 2025-05-15 09:43:17 - Closed glyph list over 'glyf': 25 glyphs after
[INFO] 2025-05-15 09:43:17 - Glyph names: ['.notdef', 'A', 'D', 'I', 'S', 'a', 'b', 'colon', 'd', 'e', 'eight', 'five', 'hyphen', 'l', 'n', 'o', 'one', 'p', 'period', 'r', 'space', 't', 'two', 'u', 'zero']
[INFO] 2025-05-15 09:43:17 - Glyph IDs:   [0, 3, 16, 17, 19, 20, 21, 24, 27, 29, 36, 39, 44, 54, 68, 69, 71, 72, 79, 81, 82, 83, 85, 87, 88]
[DEBUG] 2025-05-15 09:43:17 - Took 0.002s to close glyph list over 'glyf'
[INFO] 2025-05-15 09:43:17 - Retaining 25 glyphs
[INFO] 2025-05-15 09:43:17 - head subsetting not needed
[INFO] 2025-05-15 09:43:17 - hhea subsetting not needed
[INFO] 2025-05-15 09:43:17 - maxp subsetting not needed
[INFO] 2025-05-15 09:43:17 - OS/2 subsetting not needed
[DEBUG] 2025-05-15 09:43:17 - Reading 'hmtx' table from disk
[DEBUG] 2025-05-15 09:43:17 - Decompiling 'hmtx' table
[DEBUG] 2025-05-15 09:43:17 - Reading 'hhea' table from disk
[DEBUG] 2025-05-15 09:43:17 - Decompiling 'hhea' table
[DEBUG] 2025-05-15 09:43:17 - Took 0.002s to subset 'hmtx'
[INFO] 2025-05-15 09:43:17 - hmtx subsetted
[DEBUG] 2025-05-15 09:43:17 - Took 0.001s to subset 'cmap'
[INFO] 2025-05-15 09:43:17 - cmap subsetted
[INFO] 2025-05-15 09:43:17 - loca subsetting not needed
[DEBUG] 2025-05-15 09:43:17 - Took 0.000s to subset 'post'
[INFO] 2025-05-15 09:43:17 - post subsetted
[INFO] 2025-05-15 09:43:17 - gasp subsetting not needed
[INFO] 2025-05-15 09:43:17 - FFTM NOT subset; don't know how to subset
[DEBUG] 2025-05-15 09:43:17 - Took 0.000s to subset 'MATH'
[INFO] 2025-05-15 09:43:17 - MATH subsetted
[DEBUG] 2025-05-15 09:43:17 - Reading 'GDEF' table from disk
[DEBUG] 2025-05-15 09:43:17 - Decompiling 'GDEF' table
[DEBUG] 2025-05-15 09:43:17 - Took 0.001s to subset 'GDEF'
[INFO] 2025-05-15 09:43:17 - GDEF subsetted
[INFO] 2025-05-15 09:43:17 - name subsetting not needed
[DEBUG] 2025-05-15 09:43:17 - Took 0.000s to subset 'glyf'
[INFO] 2025-05-15 09:43:17 - glyf subsetted
[DEBUG] 2025-05-15 09:43:17 - Took 0.000s to subset GlyphOrder
[DEBUG] 2025-05-15 09:43:17 - Took 0.000s to prune 'head'
[INFO] 2025-05-15 09:43:17 - head pruned
[DEBUG] 2025-05-15 09:43:17 - Reading 'OS/2' table from disk
[DEBUG] 2025-05-15 09:43:17 - Decompiling 'OS/2' table
[INFO] 2025-05-15 09:43:17 - OS/2 Unicode ranges pruned: [0]
[INFO] 2025-05-15 09:43:17 - OS/2 CodePage ranges pruned: [0]
[DEBUG] 2025-05-15 09:43:17 - Took 0.000s to prune 'glyf'
[INFO] 2025-05-15 09:43:17 - glyf pruned
[DEBUG] 2025-05-15 09:43:17 - Took 0.000s to prune 'GDEF'
[INFO] 2025-05-15 09:43:17 - GDEF pruned
[DEBUG] 2025-05-15 09:43:17 - Reading 'name' table from disk
[DEBUG] 2025-05-15 09:43:17 - Decompiling 'name' table
[DEBUG] 2025-05-15 09:43:17 - Reading 'gasp' table from disk
[DEBUG] 2025-05-15 09:43:17 - Decompiling 'gasp' table
[DEBUG] 2025-05-15 09:43:17 - Reading 'FFTM' table from disk
[DEBUG] 2025-05-15 09:43:17 - Decompiling 'FFTM' table
[DEBUG] 2025-05-15 09:43:17 - Took 0.002s to prune 'name'
[INFO] 2025-05-15 09:43:17 - name pruned
[DEBUG] 2025-05-15 09:43:35 - Reading 'maxp' table from disk
[DEBUG] 2025-05-15 09:43:35 - Decompiling 'maxp' table
[DEBUG] 2025-05-15 09:43:35 - Took 0.001s to load 'maxp'
[DEBUG] 2025-05-15 09:43:35 - Took 0.000s to prune 'maxp'
[INFO] 2025-05-15 09:43:35 - maxp pruned
[DEBUG] 2025-05-15 09:43:35 - Reading 'cmap' table from disk
[DEBUG] 2025-05-15 09:43:35 - Decompiling 'cmap' table
[DEBUG] 2025-05-15 09:43:35 - Reading 'post' table from disk
[DEBUG] 2025-05-15 09:43:35 - Decompiling 'post' table
[DEBUG] 2025-05-15 09:43:35 - Took 0.006s to load 'cmap'
[DEBUG] 2025-05-15 09:43:35 - Took 0.000s to prune 'cmap'
[INFO] 2025-05-15 09:43:35 - cmap pruned
[INFO] 2025-05-15 09:43:35 - fpgm dropped
[INFO] 2025-05-15 09:43:35 - prep dropped
[INFO] 2025-05-15 09:43:35 - cvt  dropped
[INFO] 2025-05-15 09:43:35 - kern dropped
[DEBUG] 2025-05-15 09:43:35 - Took 0.000s to load 'post'
[DEBUG] 2025-05-15 09:43:35 - Took 0.000s to prune 'post'
[INFO] 2025-05-15 09:43:35 - post pruned
[INFO] 2025-05-15 09:43:35 - GPOS dropped
[INFO] 2025-05-15 09:43:35 - GSUB dropped
[DEBUG] 2025-05-15 09:43:35 - Reading 'glyf' table from disk
[DEBUG] 2025-05-15 09:43:35 - Decompiling 'glyf' table
[DEBUG] 2025-05-15 09:43:35 - Reading 'loca' table from disk
[DEBUG] 2025-05-15 09:43:35 - Decompiling 'loca' table
[DEBUG] 2025-05-15 09:43:35 - Reading 'head' table from disk
[DEBUG] 2025-05-15 09:43:35 - Decompiling 'head' table
[DEBUG] 2025-05-15 09:43:35 - Took 0.007s to load 'glyf'
[DEBUG] 2025-05-15 09:43:35 - Took 0.000s to prune 'glyf'
[INFO] 2025-05-15 09:43:35 - glyf pruned
[DEBUG] 2025-05-15 09:43:35 - Took 0.000s to close glyph list over 'cmap'
[INFO] 2025-05-15 09:43:35 - Added gid0 to subset
[INFO] 2025-05-15 09:43:35 - Closing glyph list over 'glyf': 32 glyphs before
[INFO] 2025-05-15 09:43:35 - Glyph names: ['.notdef', 'D', 'Oslash', 'P', 'R', 'S', 'T', 'a', 'c', 'comma', 'd', 'e', 'fi', 'g', 'hyphen', 'i', 'k', 'l', 'm', 'n', 'nine', 'o', 'one', 'p', 'r', 's', 'seven', 'six', 'space', 't', 'u', 'zero']
[INFO] 2025-05-15 09:43:35 - Glyph IDs:   [0, 3, 15, 16, 19, 20, 25, 26, 28, 39, 51, 53, 54, 55, 68, 70, 71, 72, 74, 76, 78, 79, 80, 81, 82, 83, 85, 86, 87, 88, 154, 3297]
[INFO] 2025-05-15 09:43:35 - Closed glyph list over 'glyf': 32 glyphs after
[INFO] 2025-05-15 09:43:35 - Glyph names: ['.notdef', 'D', 'Oslash', 'P', 'R', 'S', 'T', 'a', 'c', 'comma', 'd', 'e', 'fi', 'g', 'hyphen', 'i', 'k', 'l', 'm', 'n', 'nine', 'o', 'one', 'p', 'r', 's', 'seven', 'six', 'space', 't', 'u', 'zero']
[INFO] 2025-05-15 09:43:35 - Glyph IDs:   [0, 3, 15, 16, 19, 20, 25, 26, 28, 39, 51, 53, 54, 55, 68, 70, 71, 72, 74, 76, 78, 79, 80, 81, 82, 83, 85, 86, 87, 88, 154, 3297]
[DEBUG] 2025-05-15 09:43:35 - Took 0.003s to close glyph list over 'glyf'
[INFO] 2025-05-15 09:43:35 - Retaining 32 glyphs
[INFO] 2025-05-15 09:43:35 - head subsetting not needed
[INFO] 2025-05-15 09:43:35 - hhea subsetting not needed
[INFO] 2025-05-15 09:43:35 - maxp subsetting not needed
[INFO] 2025-05-15 09:43:35 - OS/2 subsetting not needed
[DEBUG] 2025-05-15 09:43:35 - Reading 'hmtx' table from disk
[DEBUG] 2025-05-15 09:43:35 - Decompiling 'hmtx' table
[DEBUG] 2025-05-15 09:43:35 - Reading 'hhea' table from disk
[DEBUG] 2025-05-15 09:43:35 - Decompiling 'hhea' table
[DEBUG] 2025-05-15 09:43:35 - Took 0.006s to subset 'hmtx'
[INFO] 2025-05-15 09:43:35 - hmtx subsetted
[DEBUG] 2025-05-15 09:43:35 - Took 0.001s to subset 'cmap'
[INFO] 2025-05-15 09:43:35 - cmap subsetted
[INFO] 2025-05-15 09:43:35 - loca subsetting not needed
[DEBUG] 2025-05-15 09:43:35 - Took 0.000s to subset 'post'
[INFO] 2025-05-15 09:43:35 - post subsetted
[INFO] 2025-05-15 09:43:35 - gasp subsetting not needed
[INFO] 2025-05-15 09:43:35 - FFTM NOT subset; don't know how to subset
[DEBUG] 2025-05-15 09:43:35 - Reading 'GDEF' table from disk
[DEBUG] 2025-05-15 09:43:35 - Decompiling 'GDEF' table
[DEBUG] 2025-05-15 09:43:35 - Took 0.003s to subset 'GDEF'
[INFO] 2025-05-15 09:43:35 - GDEF subsetted
[INFO] 2025-05-15 09:43:35 - name subsetting not needed
[DEBUG] 2025-05-15 09:43:35 - Took 0.004s to subset 'glyf'
[INFO] 2025-05-15 09:43:35 - glyf subsetted
[DEBUG] 2025-05-15 09:43:35 - Took 0.000s to subset GlyphOrder
[DEBUG] 2025-05-15 09:43:35 - Took 0.000s to prune 'head'
[INFO] 2025-05-15 09:43:35 - head pruned
[DEBUG] 2025-05-15 09:43:35 - Reading 'OS/2' table from disk
[DEBUG] 2025-05-15 09:43:35 - Decompiling 'OS/2' table
[INFO] 2025-05-15 09:43:35 - OS/2 Unicode ranges pruned: [0, 1, 62]
[INFO] 2025-05-15 09:43:35 - OS/2 CodePage ranges pruned: [0]
[DEBUG] 2025-05-15 09:43:35 - Took 0.000s to prune 'glyf'
[INFO] 2025-05-15 09:43:35 - glyf pruned
[DEBUG] 2025-05-15 09:43:35 - Took 0.000s to prune 'GDEF'
[INFO] 2025-05-15 09:43:35 - GDEF pruned
[DEBUG] 2025-05-15 09:43:35 - Reading 'name' table from disk
[DEBUG] 2025-05-15 09:43:35 - Decompiling 'name' table
[DEBUG] 2025-05-15 09:43:35 - Reading 'gasp' table from disk
[DEBUG] 2025-05-15 09:43:35 - Decompiling 'gasp' table
[DEBUG] 2025-05-15 09:43:35 - Reading 'FFTM' table from disk
[DEBUG] 2025-05-15 09:43:35 - Decompiling 'FFTM' table
[DEBUG] 2025-05-15 09:43:35 - Took 0.004s to prune 'name'
[INFO] 2025-05-15 09:43:35 - name pruned
[DEBUG] 2025-05-15 09:43:36 - Reading 'maxp' table from disk
[DEBUG] 2025-05-15 09:43:36 - Decompiling 'maxp' table
[DEBUG] 2025-05-15 09:43:36 - Took 0.001s to load 'maxp'
[DEBUG] 2025-05-15 09:43:36 - Took 0.000s to prune 'maxp'
[INFO] 2025-05-15 09:43:36 - maxp pruned
[DEBUG] 2025-05-15 09:43:36 - Reading 'cmap' table from disk
[DEBUG] 2025-05-15 09:43:36 - Decompiling 'cmap' table
[DEBUG] 2025-05-15 09:43:36 - Reading 'post' table from disk
[DEBUG] 2025-05-15 09:43:36 - Decompiling 'post' table
[DEBUG] 2025-05-15 09:43:36 - Took 0.006s to load 'cmap'
[DEBUG] 2025-05-15 09:43:36 - Took 0.000s to prune 'cmap'
[INFO] 2025-05-15 09:43:36 - cmap pruned
[INFO] 2025-05-15 09:43:36 - fpgm dropped
[INFO] 2025-05-15 09:43:36 - prep dropped
[INFO] 2025-05-15 09:43:36 - cvt  dropped
[INFO] 2025-05-15 09:43:36 - kern dropped
[DEBUG] 2025-05-15 09:43:36 - Took 0.000s to load 'post'
[DEBUG] 2025-05-15 09:43:36 - Took 0.000s to prune 'post'
[INFO] 2025-05-15 09:43:36 - post pruned
[INFO] 2025-05-15 09:43:36 - GPOS dropped
[INFO] 2025-05-15 09:43:36 - GSUB dropped
[DEBUG] 2025-05-15 09:43:36 - Reading 'glyf' table from disk
[DEBUG] 2025-05-15 09:43:36 - Decompiling 'glyf' table
[DEBUG] 2025-05-15 09:43:36 - Reading 'loca' table from disk
[DEBUG] 2025-05-15 09:43:36 - Decompiling 'loca' table
[DEBUG] 2025-05-15 09:43:36 - Reading 'head' table from disk
[DEBUG] 2025-05-15 09:43:36 - Decompiling 'head' table
[DEBUG] 2025-05-15 09:43:36 - Took 0.003s to load 'glyf'
[DEBUG] 2025-05-15 09:43:36 - Took 0.000s to prune 'glyf'
[INFO] 2025-05-15 09:43:36 - glyf pruned
[DEBUG] 2025-05-15 09:43:36 - Took 0.000s to close glyph list over 'cmap'
[INFO] 2025-05-15 09:43:36 - Added gid0 to subset
[INFO] 2025-05-15 09:43:36 - Closing glyph list over 'MATH': 28 glyphs before
[INFO] 2025-05-15 09:43:36 - Glyph names: ['.notdef', 'A', 'D', 'I', 'S', 'a', 'b', 'colon', 'd', 'e', 'eight', 'five', 'four', 'hyphen', 'l', 'n', 'o', 'one', 'p', 'period', 'r', 'seven', 'space', 't', 'three', 'two', 'u', 'zero']
[INFO] 2025-05-15 09:43:36 - Glyph IDs:   [0, 3, 16, 17, 19, 20, 21, 22, 23, 24, 26, 27, 29, 36, 39, 44, 54, 68, 69, 71, 72, 79, 81, 82, 83, 85, 87, 88]
[DEBUG] 2025-05-15 09:43:36 - Reading 'MATH' table from disk
[DEBUG] 2025-05-15 09:43:36 - Decompiling 'MATH' table
[INFO] 2025-05-15 09:43:36 - Closed glyph list over 'MATH': 28 glyphs after
[INFO] 2025-05-15 09:43:36 - Glyph names: ['.notdef', 'A', 'D', 'I', 'S', 'a', 'b', 'colon', 'd', 'e', 'eight', 'five', 'four', 'hyphen', 'l', 'n', 'o', 'one', 'p', 'period', 'r', 'seven', 'space', 't', 'three', 'two', 'u', 'zero']
[INFO] 2025-05-15 09:43:36 - Glyph IDs:   [0, 3, 16, 17, 19, 20, 21, 22, 23, 24, 26, 27, 29, 36, 39, 44, 54, 68, 69, 71, 72, 79, 81, 82, 83, 85, 87, 88]
[DEBUG] 2025-05-15 09:43:36 - Took 0.003s to close glyph list over 'MATH'
[INFO] 2025-05-15 09:43:36 - Closing glyph list over 'glyf': 28 glyphs before
[INFO] 2025-05-15 09:43:36 - Glyph names: ['.notdef', 'A', 'D', 'I', 'S', 'a', 'b', 'colon', 'd', 'e', 'eight', 'five', 'four', 'hyphen', 'l', 'n', 'o', 'one', 'p', 'period', 'r', 'seven', 'space', 't', 'three', 'two', 'u', 'zero']
[INFO] 2025-05-15 09:43:36 - Glyph IDs:   [0, 3, 16, 17, 19, 20, 21, 22, 23, 24, 26, 27, 29, 36, 39, 44, 54, 68, 69, 71, 72, 79, 81, 82, 83, 85, 87, 88]
[INFO] 2025-05-15 09:43:36 - Closed glyph list over 'glyf': 28 glyphs after
[INFO] 2025-05-15 09:43:36 - Glyph names: ['.notdef', 'A', 'D', 'I', 'S', 'a', 'b', 'colon', 'd', 'e', 'eight', 'five', 'four', 'hyphen', 'l', 'n', 'o', 'one', 'p', 'period', 'r', 'seven', 'space', 't', 'three', 'two', 'u', 'zero']
[INFO] 2025-05-15 09:43:36 - Glyph IDs:   [0, 3, 16, 17, 19, 20, 21, 22, 23, 24, 26, 27, 29, 36, 39, 44, 54, 68, 69, 71, 72, 79, 81, 82, 83, 85, 87, 88]
[DEBUG] 2025-05-15 09:43:36 - Took 0.002s to close glyph list over 'glyf'
[INFO] 2025-05-15 09:43:36 - Retaining 28 glyphs
[INFO] 2025-05-15 09:43:36 - head subsetting not needed
[INFO] 2025-05-15 09:43:36 - hhea subsetting not needed
[INFO] 2025-05-15 09:43:36 - maxp subsetting not needed
[INFO] 2025-05-15 09:43:36 - OS/2 subsetting not needed
[DEBUG] 2025-05-15 09:43:36 - Reading 'hmtx' table from disk
[DEBUG] 2025-05-15 09:43:36 - Decompiling 'hmtx' table
[DEBUG] 2025-05-15 09:43:36 - Reading 'hhea' table from disk
[DEBUG] 2025-05-15 09:43:36 - Decompiling 'hhea' table
[DEBUG] 2025-05-15 09:43:36 - Took 0.004s to subset 'hmtx'
[INFO] 2025-05-15 09:43:36 - hmtx subsetted
[DEBUG] 2025-05-15 09:43:36 - Took 0.001s to subset 'cmap'
[INFO] 2025-05-15 09:43:36 - cmap subsetted
[INFO] 2025-05-15 09:43:36 - loca subsetting not needed
[DEBUG] 2025-05-15 09:43:36 - Took 0.000s to subset 'post'
[INFO] 2025-05-15 09:43:36 - post subsetted
[INFO] 2025-05-15 09:43:36 - gasp subsetting not needed
[INFO] 2025-05-15 09:43:36 - FFTM NOT subset; don't know how to subset
[DEBUG] 2025-05-15 09:43:36 - Took 0.000s to subset 'MATH'
[INFO] 2025-05-15 09:43:36 - MATH subsetted
[DEBUG] 2025-05-15 09:43:36 - Reading 'GDEF' table from disk
[DEBUG] 2025-05-15 09:43:36 - Decompiling 'GDEF' table
[DEBUG] 2025-05-15 09:43:36 - Took 0.002s to subset 'GDEF'
[INFO] 2025-05-15 09:43:36 - GDEF subsetted
[INFO] 2025-05-15 09:43:36 - name subsetting not needed
[DEBUG] 2025-05-15 09:43:36 - Took 0.000s to subset 'glyf'
[INFO] 2025-05-15 09:43:36 - glyf subsetted
[DEBUG] 2025-05-15 09:43:36 - Took 0.000s to subset GlyphOrder
[DEBUG] 2025-05-15 09:43:36 - Took 0.000s to prune 'head'
[INFO] 2025-05-15 09:43:36 - head pruned
[DEBUG] 2025-05-15 09:43:36 - Reading 'OS/2' table from disk
[DEBUG] 2025-05-15 09:43:36 - Decompiling 'OS/2' table
[INFO] 2025-05-15 09:43:36 - OS/2 Unicode ranges pruned: [0]
[INFO] 2025-05-15 09:43:36 - OS/2 CodePage ranges pruned: [0]
[DEBUG] 2025-05-15 09:43:36 - Took 0.000s to prune 'glyf'
[INFO] 2025-05-15 09:43:36 - glyf pruned
[DEBUG] 2025-05-15 09:43:36 - Took 0.000s to prune 'GDEF'
[INFO] 2025-05-15 09:43:36 - GDEF pruned
[DEBUG] 2025-05-15 09:43:36 - Reading 'name' table from disk
[DEBUG] 2025-05-15 09:43:36 - Decompiling 'name' table
[DEBUG] 2025-05-15 09:43:36 - Reading 'gasp' table from disk
[DEBUG] 2025-05-15 09:43:36 - Decompiling 'gasp' table
[DEBUG] 2025-05-15 09:43:36 - Reading 'FFTM' table from disk
[DEBUG] 2025-05-15 09:43:36 - Decompiling 'FFTM' table
[DEBUG] 2025-05-15 09:43:36 - Took 0.003s to prune 'name'
[INFO] 2025-05-15 09:43:36 - name pruned
[DEBUG] 2025-05-15 09:43:43 - Reading 'maxp' table from disk
[DEBUG] 2025-05-15 09:43:43 - Decompiling 'maxp' table
[DEBUG] 2025-05-15 09:43:43 - Took 0.001s to load 'maxp'
[DEBUG] 2025-05-15 09:43:43 - Took 0.000s to prune 'maxp'
[INFO] 2025-05-15 09:43:43 - maxp pruned
[DEBUG] 2025-05-15 09:43:43 - Reading 'cmap' table from disk
[DEBUG] 2025-05-15 09:43:43 - Decompiling 'cmap' table
[DEBUG] 2025-05-15 09:43:43 - Reading 'post' table from disk
[DEBUG] 2025-05-15 09:43:43 - Decompiling 'post' table
[DEBUG] 2025-05-15 09:43:43 - Took 0.005s to load 'cmap'
[DEBUG] 2025-05-15 09:43:43 - Took 0.000s to prune 'cmap'
[INFO] 2025-05-15 09:43:43 - cmap pruned
[INFO] 2025-05-15 09:43:43 - fpgm dropped
[INFO] 2025-05-15 09:43:43 - prep dropped
[INFO] 2025-05-15 09:43:43 - cvt  dropped
[INFO] 2025-05-15 09:43:43 - kern dropped
[DEBUG] 2025-05-15 09:43:43 - Took 0.000s to load 'post'
[DEBUG] 2025-05-15 09:43:43 - Took 0.000s to prune 'post'
[INFO] 2025-05-15 09:43:43 - post pruned
[INFO] 2025-05-15 09:43:43 - GPOS dropped
[INFO] 2025-05-15 09:43:43 - GSUB dropped
[DEBUG] 2025-05-15 09:43:43 - Reading 'glyf' table from disk
[DEBUG] 2025-05-15 09:43:43 - Decompiling 'glyf' table
[DEBUG] 2025-05-15 09:43:43 - Reading 'loca' table from disk
[DEBUG] 2025-05-15 09:43:43 - Decompiling 'loca' table
[DEBUG] 2025-05-15 09:43:43 - Reading 'head' table from disk
[DEBUG] 2025-05-15 09:43:43 - Decompiling 'head' table
[DEBUG] 2025-05-15 09:43:43 - Took 0.005s to load 'glyf'
[DEBUG] 2025-05-15 09:43:43 - Took 0.000s to prune 'glyf'
[INFO] 2025-05-15 09:43:43 - glyf pruned
[DEBUG] 2025-05-15 09:43:43 - Took 0.000s to close glyph list over 'cmap'
[INFO] 2025-05-15 09:43:43 - Added gid0 to subset
[INFO] 2025-05-15 09:43:43 - Closing glyph list over 'glyf': 32 glyphs before
[INFO] 2025-05-15 09:43:43 - Glyph names: ['.notdef', 'D', 'Oslash', 'P', 'R', 'S', 'T', 'a', 'c', 'comma', 'd', 'e', 'fi', 'five', 'g', 'hyphen', 'i', 'k', 'l', 'm', 'n', 'o', 'one', 'p', 'r', 's', 'seven', 'six', 'space', 't', 'u', 'zero']
[INFO] 2025-05-15 09:43:43 - Glyph IDs:   [0, 3, 15, 16, 19, 20, 24, 25, 26, 39, 51, 53, 54, 55, 68, 70, 71, 72, 74, 76, 78, 79, 80, 81, 82, 83, 85, 86, 87, 88, 154, 3297]
[INFO] 2025-05-15 09:43:43 - Closed glyph list over 'glyf': 32 glyphs after
[INFO] 2025-05-15 09:43:43 - Glyph names: ['.notdef', 'D', 'Oslash', 'P', 'R', 'S', 'T', 'a', 'c', 'comma', 'd', 'e', 'fi', 'five', 'g', 'hyphen', 'i', 'k', 'l', 'm', 'n', 'o', 'one', 'p', 'r', 's', 'seven', 'six', 'space', 't', 'u', 'zero']
[INFO] 2025-05-15 09:43:43 - Glyph IDs:   [0, 3, 15, 16, 19, 20, 24, 25, 26, 39, 51, 53, 54, 55, 68, 70, 71, 72, 74, 76, 78, 79, 80, 81, 82, 83, 85, 86, 87, 88, 154, 3297]
[DEBUG] 2025-05-15 09:43:43 - Took 0.003s to close glyph list over 'glyf'
[INFO] 2025-05-15 09:43:43 - Retaining 32 glyphs
[INFO] 2025-05-15 09:43:43 - head subsetting not needed
[INFO] 2025-05-15 09:43:43 - hhea subsetting not needed
[INFO] 2025-05-15 09:43:43 - maxp subsetting not needed
[INFO] 2025-05-15 09:43:43 - OS/2 subsetting not needed
[DEBUG] 2025-05-15 09:43:43 - Reading 'hmtx' table from disk
[DEBUG] 2025-05-15 09:43:43 - Decompiling 'hmtx' table
[DEBUG] 2025-05-15 09:43:43 - Reading 'hhea' table from disk
[DEBUG] 2025-05-15 09:43:43 - Decompiling 'hhea' table
[DEBUG] 2025-05-15 09:43:43 - Took 0.004s to subset 'hmtx'
[INFO] 2025-05-15 09:43:43 - hmtx subsetted
[DEBUG] 2025-05-15 09:43:43 - Took 0.001s to subset 'cmap'
[INFO] 2025-05-15 09:43:43 - cmap subsetted
[INFO] 2025-05-15 09:43:43 - loca subsetting not needed
[DEBUG] 2025-05-15 09:43:43 - Took 0.000s to subset 'post'
[INFO] 2025-05-15 09:43:43 - post subsetted
[INFO] 2025-05-15 09:43:43 - gasp subsetting not needed
[INFO] 2025-05-15 09:43:43 - FFTM NOT subset; don't know how to subset
[DEBUG] 2025-05-15 09:43:43 - Reading 'GDEF' table from disk
[DEBUG] 2025-05-15 09:43:43 - Decompiling 'GDEF' table
[DEBUG] 2025-05-15 09:43:43 - Took 0.001s to subset 'GDEF'
[INFO] 2025-05-15 09:43:43 - GDEF subsetted
[INFO] 2025-05-15 09:43:43 - name subsetting not needed
[DEBUG] 2025-05-15 09:43:43 - Took 0.001s to subset 'glyf'
[INFO] 2025-05-15 09:43:43 - glyf subsetted
[DEBUG] 2025-05-15 09:43:43 - Took 0.000s to subset GlyphOrder
[DEBUG] 2025-05-15 09:43:43 - Took 0.000s to prune 'head'
[INFO] 2025-05-15 09:43:43 - head pruned
[DEBUG] 2025-05-15 09:43:43 - Reading 'OS/2' table from disk
[DEBUG] 2025-05-15 09:43:43 - Decompiling 'OS/2' table
[INFO] 2025-05-15 09:43:43 - OS/2 Unicode ranges pruned: [0, 1, 62]
[INFO] 2025-05-15 09:43:43 - OS/2 CodePage ranges pruned: [0]
[DEBUG] 2025-05-15 09:43:43 - Took 0.001s to prune 'glyf'
[INFO] 2025-05-15 09:43:43 - glyf pruned
[DEBUG] 2025-05-15 09:43:43 - Took 0.000s to prune 'GDEF'
[INFO] 2025-05-15 09:43:43 - GDEF pruned
[DEBUG] 2025-05-15 09:43:43 - Reading 'name' table from disk
[DEBUG] 2025-05-15 09:43:43 - Decompiling 'name' table
[DEBUG] 2025-05-15 09:43:43 - Reading 'gasp' table from disk
[DEBUG] 2025-05-15 09:43:43 - Decompiling 'gasp' table
[DEBUG] 2025-05-15 09:43:43 - Reading 'FFTM' table from disk
[DEBUG] 2025-05-15 09:43:43 - Decompiling 'FFTM' table
[DEBUG] 2025-05-15 09:43:43 - Took 0.003s to prune 'name'
[INFO] 2025-05-15 09:43:43 - name pruned
[DEBUG] 2025-05-15 09:43:43 - Reading 'maxp' table from disk
[DEBUG] 2025-05-15 09:43:43 - Decompiling 'maxp' table
[DEBUG] 2025-05-15 09:43:43 - Took 0.001s to load 'maxp'
[DEBUG] 2025-05-15 09:43:43 - Took 0.000s to prune 'maxp'
[INFO] 2025-05-15 09:43:43 - maxp pruned
[DEBUG] 2025-05-15 09:43:43 - Reading 'cmap' table from disk
[DEBUG] 2025-05-15 09:43:43 - Decompiling 'cmap' table
[DEBUG] 2025-05-15 09:43:43 - Reading 'post' table from disk
[DEBUG] 2025-05-15 09:43:43 - Decompiling 'post' table
[DEBUG] 2025-05-15 09:43:43 - Took 0.005s to load 'cmap'
[DEBUG] 2025-05-15 09:43:43 - Took 0.000s to prune 'cmap'
[INFO] 2025-05-15 09:43:43 - cmap pruned
[INFO] 2025-05-15 09:43:43 - fpgm dropped
[INFO] 2025-05-15 09:43:43 - prep dropped
[INFO] 2025-05-15 09:43:43 - cvt  dropped
[INFO] 2025-05-15 09:43:43 - kern dropped
[DEBUG] 2025-05-15 09:43:43 - Took 0.000s to load 'post'
[DEBUG] 2025-05-15 09:43:43 - Took 0.000s to prune 'post'
[INFO] 2025-05-15 09:43:43 - post pruned
[INFO] 2025-05-15 09:43:43 - GPOS dropped
[INFO] 2025-05-15 09:43:43 - GSUB dropped
[DEBUG] 2025-05-15 09:43:43 - Reading 'glyf' table from disk
[DEBUG] 2025-05-15 09:43:43 - Decompiling 'glyf' table
[DEBUG] 2025-05-15 09:43:43 - Reading 'loca' table from disk
[DEBUG] 2025-05-15 09:43:43 - Decompiling 'loca' table
[DEBUG] 2025-05-15 09:43:43 - Reading 'head' table from disk
[DEBUG] 2025-05-15 09:43:43 - Decompiling 'head' table
[DEBUG] 2025-05-15 09:43:43 - Took 0.006s to load 'glyf'
[DEBUG] 2025-05-15 09:43:43 - Took 0.000s to prune 'glyf'
[INFO] 2025-05-15 09:43:43 - glyf pruned
[DEBUG] 2025-05-15 09:43:43 - Took 0.000s to close glyph list over 'cmap'
[INFO] 2025-05-15 09:43:43 - Added gid0 to subset
[INFO] 2025-05-15 09:43:43 - Closing glyph list over 'MATH': 27 glyphs before
[INFO] 2025-05-15 09:43:43 - Glyph names: ['.notdef', 'A', 'D', 'I', 'S', 'a', 'b', 'colon', 'd', 'e', 'eight', 'five', 'hyphen', 'l', 'n', 'o', 'one', 'p', 'period', 'r', 'seven', 'space', 't', 'three', 'two', 'u', 'zero']
[INFO] 2025-05-15 09:43:43 - Glyph IDs:   [0, 3, 16, 17, 19, 20, 21, 22, 24, 26, 27, 29, 36, 39, 44, 54, 68, 69, 71, 72, 79, 81, 82, 83, 85, 87, 88]
[DEBUG] 2025-05-15 09:43:43 - Reading 'MATH' table from disk
[DEBUG] 2025-05-15 09:43:43 - Decompiling 'MATH' table
[INFO] 2025-05-15 09:43:43 - Closed glyph list over 'MATH': 27 glyphs after
[INFO] 2025-05-15 09:43:43 - Glyph names: ['.notdef', 'A', 'D', 'I', 'S', 'a', 'b', 'colon', 'd', 'e', 'eight', 'five', 'hyphen', 'l', 'n', 'o', 'one', 'p', 'period', 'r', 'seven', 'space', 't', 'three', 'two', 'u', 'zero']
[INFO] 2025-05-15 09:43:43 - Glyph IDs:   [0, 3, 16, 17, 19, 20, 21, 22, 24, 26, 27, 29, 36, 39, 44, 54, 68, 69, 71, 72, 79, 81, 82, 83, 85, 87, 88]
[DEBUG] 2025-05-15 09:43:43 - Took 0.004s to close glyph list over 'MATH'
[INFO] 2025-05-15 09:43:43 - Closing glyph list over 'glyf': 27 glyphs before
[INFO] 2025-05-15 09:43:43 - Glyph names: ['.notdef', 'A', 'D', 'I', 'S', 'a', 'b', 'colon', 'd', 'e', 'eight', 'five', 'hyphen', 'l', 'n', 'o', 'one', 'p', 'period', 'r', 'seven', 'space', 't', 'three', 'two', 'u', 'zero']
[INFO] 2025-05-15 09:43:43 - Glyph IDs:   [0, 3, 16, 17, 19, 20, 21, 22, 24, 26, 27, 29, 36, 39, 44, 54, 68, 69, 71, 72, 79, 81, 82, 83, 85, 87, 88]
[INFO] 2025-05-15 09:43:43 - Closed glyph list over 'glyf': 27 glyphs after
[INFO] 2025-05-15 09:43:43 - Glyph names: ['.notdef', 'A', 'D', 'I', 'S', 'a', 'b', 'colon', 'd', 'e', 'eight', 'five', 'hyphen', 'l', 'n', 'o', 'one', 'p', 'period', 'r', 'seven', 'space', 't', 'three', 'two', 'u', 'zero']
[INFO] 2025-05-15 09:43:43 - Glyph IDs:   [0, 3, 16, 17, 19, 20, 21, 22, 24, 26, 27, 29, 36, 39, 44, 54, 68, 69, 71, 72, 79, 81, 82, 83, 85, 87, 88]
[DEBUG] 2025-05-15 09:43:43 - Took 0.001s to close glyph list over 'glyf'
[INFO] 2025-05-15 09:43:43 - Retaining 27 glyphs
[INFO] 2025-05-15 09:43:43 - head subsetting not needed
[INFO] 2025-05-15 09:43:43 - hhea subsetting not needed
[INFO] 2025-05-15 09:43:43 - maxp subsetting not needed
[INFO] 2025-05-15 09:43:43 - OS/2 subsetting not needed
[DEBUG] 2025-05-15 09:43:43 - Reading 'hmtx' table from disk
[DEBUG] 2025-05-15 09:43:43 - Decompiling 'hmtx' table
[DEBUG] 2025-05-15 09:43:43 - Reading 'hhea' table from disk
[DEBUG] 2025-05-15 09:43:43 - Decompiling 'hhea' table
[DEBUG] 2025-05-15 09:43:43 - Took 0.003s to subset 'hmtx'
[INFO] 2025-05-15 09:43:43 - hmtx subsetted
[DEBUG] 2025-05-15 09:43:43 - Took 0.001s to subset 'cmap'
[INFO] 2025-05-15 09:43:43 - cmap subsetted
[INFO] 2025-05-15 09:43:43 - loca subsetting not needed
[DEBUG] 2025-05-15 09:43:43 - Took 0.000s to subset 'post'
[INFO] 2025-05-15 09:43:43 - post subsetted
[INFO] 2025-05-15 09:43:43 - gasp subsetting not needed
[INFO] 2025-05-15 09:43:43 - FFTM NOT subset; don't know how to subset
[DEBUG] 2025-05-15 09:43:43 - Took 0.000s to subset 'MATH'
[INFO] 2025-05-15 09:43:43 - MATH subsetted
[DEBUG] 2025-05-15 09:43:43 - Reading 'GDEF' table from disk
[DEBUG] 2025-05-15 09:43:43 - Decompiling 'GDEF' table
[DEBUG] 2025-05-15 09:43:43 - Took 0.001s to subset 'GDEF'
[INFO] 2025-05-15 09:43:43 - GDEF subsetted
[INFO] 2025-05-15 09:43:43 - name subsetting not needed
[DEBUG] 2025-05-15 09:43:43 - Took 0.000s to subset 'glyf'
[INFO] 2025-05-15 09:43:43 - glyf subsetted
[DEBUG] 2025-05-15 09:43:43 - Took 0.000s to subset GlyphOrder
[DEBUG] 2025-05-15 09:43:43 - Took 0.000s to prune 'head'
[INFO] 2025-05-15 09:43:43 - head pruned
[DEBUG] 2025-05-15 09:43:43 - Reading 'OS/2' table from disk
[DEBUG] 2025-05-15 09:43:43 - Decompiling 'OS/2' table
[INFO] 2025-05-15 09:43:43 - OS/2 Unicode ranges pruned: [0]
[INFO] 2025-05-15 09:43:43 - OS/2 CodePage ranges pruned: [0]
[DEBUG] 2025-05-15 09:43:43 - Took 0.000s to prune 'glyf'
[INFO] 2025-05-15 09:43:43 - glyf pruned
[DEBUG] 2025-05-15 09:43:43 - Took 0.000s to prune 'GDEF'
[INFO] 2025-05-15 09:43:43 - GDEF pruned
[DEBUG] 2025-05-15 09:43:43 - Reading 'name' table from disk
[DEBUG] 2025-05-15 09:43:43 - Decompiling 'name' table
[DEBUG] 2025-05-15 09:43:43 - Reading 'gasp' table from disk
[DEBUG] 2025-05-15 09:43:43 - Decompiling 'gasp' table
[DEBUG] 2025-05-15 09:43:43 - Reading 'FFTM' table from disk
[DEBUG] 2025-05-15 09:43:43 - Decompiling 'FFTM' table
[DEBUG] 2025-05-15 09:43:43 - Took 0.005s to prune 'name'
[INFO] 2025-05-15 09:43:43 - name pruned
[DEBUG] 2025-05-15 09:43:54 - Reading 'maxp' table from disk
[DEBUG] 2025-05-15 09:43:54 - Decompiling 'maxp' table
[DEBUG] 2025-05-15 09:43:54 - Took 0.001s to load 'maxp'
[DEBUG] 2025-05-15 09:43:54 - Took 0.000s to prune 'maxp'
[INFO] 2025-05-15 09:43:54 - maxp pruned
[DEBUG] 2025-05-15 09:43:54 - Reading 'cmap' table from disk
[DEBUG] 2025-05-15 09:43:54 - Decompiling 'cmap' table
[DEBUG] 2025-05-15 09:43:54 - Reading 'post' table from disk
[DEBUG] 2025-05-15 09:43:54 - Decompiling 'post' table
[DEBUG] 2025-05-15 09:43:54 - Took 0.003s to load 'cmap'
[DEBUG] 2025-05-15 09:43:54 - Took 0.000s to prune 'cmap'
[INFO] 2025-05-15 09:43:54 - cmap pruned
[INFO] 2025-05-15 09:43:54 - fpgm dropped
[INFO] 2025-05-15 09:43:54 - prep dropped
[INFO] 2025-05-15 09:43:54 - cvt  dropped
[INFO] 2025-05-15 09:43:54 - kern dropped
[DEBUG] 2025-05-15 09:43:54 - Took 0.000s to load 'post'
[DEBUG] 2025-05-15 09:43:54 - Took 0.000s to prune 'post'
[INFO] 2025-05-15 09:43:54 - post pruned
[INFO] 2025-05-15 09:43:54 - GPOS dropped
[INFO] 2025-05-15 09:43:54 - GSUB dropped
[DEBUG] 2025-05-15 09:43:54 - Reading 'glyf' table from disk
[DEBUG] 2025-05-15 09:43:54 - Decompiling 'glyf' table
[DEBUG] 2025-05-15 09:43:54 - Reading 'loca' table from disk
[DEBUG] 2025-05-15 09:43:54 - Decompiling 'loca' table
[DEBUG] 2025-05-15 09:43:54 - Reading 'head' table from disk
[DEBUG] 2025-05-15 09:43:54 - Decompiling 'head' table
[DEBUG] 2025-05-15 09:43:54 - Took 0.003s to load 'glyf'
[DEBUG] 2025-05-15 09:43:54 - Took 0.000s to prune 'glyf'
[INFO] 2025-05-15 09:43:54 - glyf pruned
[DEBUG] 2025-05-15 09:43:54 - Took 0.000s to close glyph list over 'cmap'
[INFO] 2025-05-15 09:43:54 - Added gid0 to subset
[INFO] 2025-05-15 09:43:54 - Closing glyph list over 'glyf': 34 glyphs before
[INFO] 2025-05-15 09:43:54 - Glyph names: ['.notdef', 'D', 'Oslash', 'P', 'R', 'S', 'T', 'a', 'c', 'comma', 'd', 'e', 'fi', 'five', 'g', 'hyphen', 'i', 'k', 'l', 'm', 'n', 'nine', 'o', 'one', 'p', 'r', 's', 'seven', 'six', 'space', 't', 'two', 'u', 'zero']
[INFO] 2025-05-15 09:43:54 - Glyph IDs:   [0, 3, 15, 16, 19, 20, 21, 24, 25, 26, 28, 39, 51, 53, 54, 55, 68, 70, 71, 72, 74, 76, 78, 79, 80, 81, 82, 83, 85, 86, 87, 88, 154, 3297]
[INFO] 2025-05-15 09:43:54 - Closed glyph list over 'glyf': 34 glyphs after
[INFO] 2025-05-15 09:43:54 - Glyph names: ['.notdef', 'D', 'Oslash', 'P', 'R', 'S', 'T', 'a', 'c', 'comma', 'd', 'e', 'fi', 'five', 'g', 'hyphen', 'i', 'k', 'l', 'm', 'n', 'nine', 'o', 'one', 'p', 'r', 's', 'seven', 'six', 'space', 't', 'two', 'u', 'zero']
[INFO] 2025-05-15 09:43:54 - Glyph IDs:   [0, 3, 15, 16, 19, 20, 21, 24, 25, 26, 28, 39, 51, 53, 54, 55, 68, 70, 71, 72, 74, 76, 78, 79, 80, 81, 82, 83, 85, 86, 87, 88, 154, 3297]
[DEBUG] 2025-05-15 09:43:54 - Took 0.006s to close glyph list over 'glyf'
[INFO] 2025-05-15 09:43:54 - Retaining 34 glyphs
[INFO] 2025-05-15 09:43:54 - head subsetting not needed
[INFO] 2025-05-15 09:43:54 - hhea subsetting not needed
[INFO] 2025-05-15 09:43:54 - maxp subsetting not needed
[INFO] 2025-05-15 09:43:54 - OS/2 subsetting not needed
[DEBUG] 2025-05-15 09:43:54 - Reading 'hmtx' table from disk
[DEBUG] 2025-05-15 09:43:54 - Decompiling 'hmtx' table
[DEBUG] 2025-05-15 09:43:54 - Reading 'hhea' table from disk
[DEBUG] 2025-05-15 09:43:54 - Decompiling 'hhea' table
[DEBUG] 2025-05-15 09:43:54 - Took 0.003s to subset 'hmtx'
[INFO] 2025-05-15 09:43:54 - hmtx subsetted
[DEBUG] 2025-05-15 09:43:54 - Took 0.001s to subset 'cmap'
[INFO] 2025-05-15 09:43:54 - cmap subsetted
[INFO] 2025-05-15 09:43:54 - loca subsetting not needed
[DEBUG] 2025-05-15 09:43:54 - Took 0.000s to subset 'post'
[INFO] 2025-05-15 09:43:54 - post subsetted
[INFO] 2025-05-15 09:43:54 - gasp subsetting not needed
[INFO] 2025-05-15 09:43:54 - FFTM NOT subset; don't know how to subset
[DEBUG] 2025-05-15 09:43:54 - Reading 'GDEF' table from disk
[DEBUG] 2025-05-15 09:43:54 - Decompiling 'GDEF' table
[DEBUG] 2025-05-15 09:43:54 - Took 0.001s to subset 'GDEF'
[INFO] 2025-05-15 09:43:54 - GDEF subsetted
[INFO] 2025-05-15 09:43:54 - name subsetting not needed
[DEBUG] 2025-05-15 09:43:54 - Took 0.001s to subset 'glyf'
[INFO] 2025-05-15 09:43:54 - glyf subsetted
[DEBUG] 2025-05-15 09:43:54 - Took 0.000s to subset GlyphOrder
[DEBUG] 2025-05-15 09:43:54 - Took 0.000s to prune 'head'
[INFO] 2025-05-15 09:43:54 - head pruned
[DEBUG] 2025-05-15 09:43:54 - Reading 'OS/2' table from disk
[DEBUG] 2025-05-15 09:43:54 - Decompiling 'OS/2' table
[INFO] 2025-05-15 09:43:54 - OS/2 Unicode ranges pruned: [0, 1, 62]
[INFO] 2025-05-15 09:43:54 - OS/2 CodePage ranges pruned: [0]
[DEBUG] 2025-05-15 09:43:54 - Took 0.000s to prune 'glyf'
[INFO] 2025-05-15 09:43:54 - glyf pruned
[DEBUG] 2025-05-15 09:43:54 - Took 0.000s to prune 'GDEF'
[INFO] 2025-05-15 09:43:54 - GDEF pruned
[DEBUG] 2025-05-15 09:43:54 - Reading 'name' table from disk
[DEBUG] 2025-05-15 09:43:54 - Decompiling 'name' table
[DEBUG] 2025-05-15 09:43:54 - Reading 'gasp' table from disk
[DEBUG] 2025-05-15 09:43:54 - Decompiling 'gasp' table
[DEBUG] 2025-05-15 09:43:54 - Reading 'FFTM' table from disk
[DEBUG] 2025-05-15 09:43:54 - Decompiling 'FFTM' table
[DEBUG] 2025-05-15 09:43:54 - Took 0.012s to prune 'name'
[INFO] 2025-05-15 09:43:54 - name pruned
[DEBUG] 2025-05-15 09:43:54 - Reading 'maxp' table from disk
[DEBUG] 2025-05-15 09:43:54 - Decompiling 'maxp' table
[DEBUG] 2025-05-15 09:43:54 - Took 0.001s to load 'maxp'
[DEBUG] 2025-05-15 09:43:54 - Took 0.000s to prune 'maxp'
[INFO] 2025-05-15 09:43:54 - maxp pruned
[DEBUG] 2025-05-15 09:43:54 - Reading 'cmap' table from disk
[DEBUG] 2025-05-15 09:43:54 - Decompiling 'cmap' table
[DEBUG] 2025-05-15 09:43:54 - Reading 'post' table from disk
[DEBUG] 2025-05-15 09:43:54 - Decompiling 'post' table
[DEBUG] 2025-05-15 09:43:54 - Took 0.004s to load 'cmap'
[DEBUG] 2025-05-15 09:43:54 - Took 0.000s to prune 'cmap'
[INFO] 2025-05-15 09:43:54 - cmap pruned
[INFO] 2025-05-15 09:43:54 - fpgm dropped
[INFO] 2025-05-15 09:43:54 - prep dropped
[INFO] 2025-05-15 09:43:54 - cvt  dropped
[INFO] 2025-05-15 09:43:54 - kern dropped
[DEBUG] 2025-05-15 09:43:54 - Took 0.000s to load 'post'
[DEBUG] 2025-05-15 09:43:54 - Took 0.000s to prune 'post'
[INFO] 2025-05-15 09:43:54 - post pruned
[INFO] 2025-05-15 09:43:54 - GPOS dropped
[INFO] 2025-05-15 09:43:54 - GSUB dropped
[DEBUG] 2025-05-15 09:43:54 - Reading 'glyf' table from disk
[DEBUG] 2025-05-15 09:43:54 - Decompiling 'glyf' table
[DEBUG] 2025-05-15 09:43:54 - Reading 'loca' table from disk
[DEBUG] 2025-05-15 09:43:54 - Decompiling 'loca' table
[DEBUG] 2025-05-15 09:43:54 - Reading 'head' table from disk
[DEBUG] 2025-05-15 09:43:54 - Decompiling 'head' table
[DEBUG] 2025-05-15 09:43:54 - Took 0.005s to load 'glyf'
[DEBUG] 2025-05-15 09:43:54 - Took 0.000s to prune 'glyf'
[INFO] 2025-05-15 09:43:54 - glyf pruned
[DEBUG] 2025-05-15 09:43:54 - Took 0.000s to close glyph list over 'cmap'
[INFO] 2025-05-15 09:43:54 - Added gid0 to subset
[INFO] 2025-05-15 09:43:54 - Closing glyph list over 'MATH': 27 glyphs before
[INFO] 2025-05-15 09:43:54 - Glyph names: ['.notdef', 'A', 'D', 'I', 'S', 'a', 'b', 'colon', 'd', 'e', 'eight', 'five', 'hyphen', 'l', 'n', 'o', 'one', 'p', 'period', 'r', 'seven', 'space', 't', 'three', 'two', 'u', 'zero']
[INFO] 2025-05-15 09:43:54 - Glyph IDs:   [0, 3, 16, 17, 19, 20, 21, 22, 24, 26, 27, 29, 36, 39, 44, 54, 68, 69, 71, 72, 79, 81, 82, 83, 85, 87, 88]
[DEBUG] 2025-05-15 09:43:54 - Reading 'MATH' table from disk
[DEBUG] 2025-05-15 09:43:54 - Decompiling 'MATH' table
[INFO] 2025-05-15 09:43:54 - Closed glyph list over 'MATH': 27 glyphs after
[INFO] 2025-05-15 09:43:54 - Glyph names: ['.notdef', 'A', 'D', 'I', 'S', 'a', 'b', 'colon', 'd', 'e', 'eight', 'five', 'hyphen', 'l', 'n', 'o', 'one', 'p', 'period', 'r', 'seven', 'space', 't', 'three', 'two', 'u', 'zero']
[INFO] 2025-05-15 09:43:54 - Glyph IDs:   [0, 3, 16, 17, 19, 20, 21, 22, 24, 26, 27, 29, 36, 39, 44, 54, 68, 69, 71, 72, 79, 81, 82, 83, 85, 87, 88]
[DEBUG] 2025-05-15 09:43:54 - Took 0.006s to close glyph list over 'MATH'
[INFO] 2025-05-15 09:43:54 - Closing glyph list over 'glyf': 27 glyphs before
[INFO] 2025-05-15 09:43:54 - Glyph names: ['.notdef', 'A', 'D', 'I', 'S', 'a', 'b', 'colon', 'd', 'e', 'eight', 'five', 'hyphen', 'l', 'n', 'o', 'one', 'p', 'period', 'r', 'seven', 'space', 't', 'three', 'two', 'u', 'zero']
[INFO] 2025-05-15 09:43:54 - Glyph IDs:   [0, 3, 16, 17, 19, 20, 21, 22, 24, 26, 27, 29, 36, 39, 44, 54, 68, 69, 71, 72, 79, 81, 82, 83, 85, 87, 88]
[INFO] 2025-05-15 09:43:54 - Closed glyph list over 'glyf': 27 glyphs after
[INFO] 2025-05-15 09:43:54 - Glyph names: ['.notdef', 'A', 'D', 'I', 'S', 'a', 'b', 'colon', 'd', 'e', 'eight', 'five', 'hyphen', 'l', 'n', 'o', 'one', 'p', 'period', 'r', 'seven', 'space', 't', 'three', 'two', 'u', 'zero']
[INFO] 2025-05-15 09:43:54 - Glyph IDs:   [0, 3, 16, 17, 19, 20, 21, 22, 24, 26, 27, 29, 36, 39, 44, 54, 68, 69, 71, 72, 79, 81, 82, 83, 85, 87, 88]
[DEBUG] 2025-05-15 09:43:54 - Took 0.003s to close glyph list over 'glyf'
[INFO] 2025-05-15 09:43:54 - Retaining 27 glyphs
[INFO] 2025-05-15 09:43:54 - head subsetting not needed
[INFO] 2025-05-15 09:43:54 - hhea subsetting not needed
[INFO] 2025-05-15 09:43:54 - maxp subsetting not needed
[INFO] 2025-05-15 09:43:54 - OS/2 subsetting not needed
[DEBUG] 2025-05-15 09:43:54 - Reading 'hmtx' table from disk
[DEBUG] 2025-05-15 09:43:54 - Decompiling 'hmtx' table
[DEBUG] 2025-05-15 09:43:54 - Reading 'hhea' table from disk
[DEBUG] 2025-05-15 09:43:54 - Decompiling 'hhea' table
[DEBUG] 2025-05-15 09:43:54 - Took 0.003s to subset 'hmtx'
[INFO] 2025-05-15 09:43:54 - hmtx subsetted
[DEBUG] 2025-05-15 09:43:54 - Took 0.001s to subset 'cmap'
[INFO] 2025-05-15 09:43:54 - cmap subsetted
[INFO] 2025-05-15 09:43:54 - loca subsetting not needed
[DEBUG] 2025-05-15 09:43:54 - Took 0.000s to subset 'post'
[INFO] 2025-05-15 09:43:54 - post subsetted
[INFO] 2025-05-15 09:43:54 - gasp subsetting not needed
[INFO] 2025-05-15 09:43:54 - FFTM NOT subset; don't know how to subset
[DEBUG] 2025-05-15 09:43:54 - Took 0.000s to subset 'MATH'
[INFO] 2025-05-15 09:43:54 - MATH subsetted
[DEBUG] 2025-05-15 09:43:54 - Reading 'GDEF' table from disk
[DEBUG] 2025-05-15 09:43:54 - Decompiling 'GDEF' table
[DEBUG] 2025-05-15 09:43:54 - Took 0.002s to subset 'GDEF'
[INFO] 2025-05-15 09:43:54 - GDEF subsetted
[INFO] 2025-05-15 09:43:54 - name subsetting not needed
[DEBUG] 2025-05-15 09:43:54 - Took 0.000s to subset 'glyf'
[INFO] 2025-05-15 09:43:54 - glyf subsetted
[DEBUG] 2025-05-15 09:43:54 - Took 0.000s to subset GlyphOrder
[DEBUG] 2025-05-15 09:43:54 - Took 0.000s to prune 'head'
[INFO] 2025-05-15 09:43:54 - head pruned
[DEBUG] 2025-05-15 09:43:54 - Reading 'OS/2' table from disk
[DEBUG] 2025-05-15 09:43:54 - Decompiling 'OS/2' table
[INFO] 2025-05-15 09:43:54 - OS/2 Unicode ranges pruned: [0]
[INFO] 2025-05-15 09:43:54 - OS/2 CodePage ranges pruned: [0]
[DEBUG] 2025-05-15 09:43:54 - Took 0.000s to prune 'glyf'
[INFO] 2025-05-15 09:43:54 - glyf pruned
[DEBUG] 2025-05-15 09:43:54 - Took 0.000s to prune 'GDEF'
[INFO] 2025-05-15 09:43:54 - GDEF pruned
[DEBUG] 2025-05-15 09:43:54 - Reading 'name' table from disk
[DEBUG] 2025-05-15 09:43:54 - Decompiling 'name' table
[DEBUG] 2025-05-15 09:43:54 - Reading 'gasp' table from disk
[DEBUG] 2025-05-15 09:43:54 - Decompiling 'gasp' table
[DEBUG] 2025-05-15 09:43:54 - Reading 'FFTM' table from disk
[DEBUG] 2025-05-15 09:43:54 - Decompiling 'FFTM' table
[DEBUG] 2025-05-15 09:43:54 - Took 0.002s to prune 'name'
[INFO] 2025-05-15 09:43:54 - name pruned
[INFO] 2025-05-15 09:57:26 - [ArticleSearch] Token aanvragen bij https://api.cgk-group.com/api/account/login...
[INFO] 2025-05-15 09:57:26 - [ArticleSearch] Token ontvangen (vervalt in 1800s)
[INFO] 2025-05-15 09:57:26 - [Startup] Vooraf token laden voor StockInfo...
[INFO] 2025-05-15 09:57:26 - [StockInfo] Token aanvragen bij https://api.cgk-group.com/api/account/login...
[INFO] 2025-05-15 09:57:26 - [StockInfo] Token ontvangen (vervalt in 1800s)
[INFO] 2025-05-15 10:09:33 - [ArticleSearch] Token aanvragen bij https://api.cgk-group.com/api/account/login...
[INFO] 2025-05-15 10:09:33 - [ArticleSearch] Token ontvangen (vervalt in 1800s)
[INFO] 2025-05-15 10:09:33 - [Startup] Vooraf token laden voor StockInfo...
[INFO] 2025-05-15 10:09:33 - [StockInfo] Token aanvragen bij https://api.cgk-group.com/api/account/login...
[INFO] 2025-05-15 10:09:34 - [StockInfo] Token ontvangen (vervalt in 1800s)
[DEBUG] 2025-05-15 10:09:46 - Reading 'maxp' table from disk
[DEBUG] 2025-05-15 10:09:46 - Decompiling 'maxp' table
[DEBUG] 2025-05-15 10:09:46 - Took 0.001s to load 'maxp'
[DEBUG] 2025-05-15 10:09:46 - Took 0.000s to prune 'maxp'
[INFO] 2025-05-15 10:09:46 - maxp pruned
[DEBUG] 2025-05-15 10:09:46 - Reading 'cmap' table from disk
[DEBUG] 2025-05-15 10:09:46 - Decompiling 'cmap' table
[DEBUG] 2025-05-15 10:09:46 - Reading 'post' table from disk
[DEBUG] 2025-05-15 10:09:46 - Decompiling 'post' table
[DEBUG] 2025-05-15 10:09:46 - Took 0.004s to load 'cmap'
[DEBUG] 2025-05-15 10:09:46 - Took 0.000s to prune 'cmap'
[INFO] 2025-05-15 10:09:46 - cmap pruned
[INFO] 2025-05-15 10:09:46 - fpgm dropped
[INFO] 2025-05-15 10:09:46 - prep dropped
[INFO] 2025-05-15 10:09:46 - cvt  dropped
[INFO] 2025-05-15 10:09:46 - kern dropped
[DEBUG] 2025-05-15 10:09:46 - Took 0.000s to load 'post'
[DEBUG] 2025-05-15 10:09:46 - Took 0.000s to prune 'post'
[INFO] 2025-05-15 10:09:46 - post pruned
[INFO] 2025-05-15 10:09:46 - GPOS dropped
[INFO] 2025-05-15 10:09:46 - GSUB dropped
[DEBUG] 2025-05-15 10:09:46 - Reading 'glyf' table from disk
[DEBUG] 2025-05-15 10:09:46 - Decompiling 'glyf' table
[DEBUG] 2025-05-15 10:09:46 - Reading 'loca' table from disk
[DEBUG] 2025-05-15 10:09:46 - Decompiling 'loca' table
[DEBUG] 2025-05-15 10:09:46 - Reading 'head' table from disk
[DEBUG] 2025-05-15 10:09:46 - Decompiling 'head' table
[DEBUG] 2025-05-15 10:09:46 - Took 0.003s to load 'glyf'
[DEBUG] 2025-05-15 10:09:46 - Took 0.000s to prune 'glyf'
[INFO] 2025-05-15 10:09:46 - glyf pruned
[DEBUG] 2025-05-15 10:09:46 - Took 0.000s to close glyph list over 'cmap'
[INFO] 2025-05-15 10:09:46 - Added gid0 to subset
[INFO] 2025-05-15 10:09:46 - Closing glyph list over 'glyf': 24 glyphs before
[INFO] 2025-05-15 10:09:46 - Glyph names: ['.notdef', 'B', 'C', 'M', 'S', 'a', 'c', 'e', 'five', 'hyphen', 'i', 'l', 'm', 'n', 'o', 'r', 's', 'space', 't', 'two', 'u', 'v', 'y', 'zero']
[INFO] 2025-05-15 10:09:46 - Glyph IDs:   [0, 3, 16, 19, 21, 24, 37, 38, 48, 54, 68, 70, 72, 76, 79, 80, 81, 82, 85, 86, 87, 88, 89, 92]
[INFO] 2025-05-15 10:09:46 - Closed glyph list over 'glyf': 24 glyphs after
[INFO] 2025-05-15 10:09:46 - Glyph names: ['.notdef', 'B', 'C', 'M', 'S', 'a', 'c', 'e', 'five', 'hyphen', 'i', 'l', 'm', 'n', 'o', 'r', 's', 'space', 't', 'two', 'u', 'v', 'y', 'zero']
[INFO] 2025-05-15 10:09:46 - Glyph IDs:   [0, 3, 16, 19, 21, 24, 37, 38, 48, 54, 68, 70, 72, 76, 79, 80, 81, 82, 85, 86, 87, 88, 89, 92]
[DEBUG] 2025-05-15 10:09:46 - Took 0.001s to close glyph list over 'glyf'
[INFO] 2025-05-15 10:09:46 - Retaining 24 glyphs
[INFO] 2025-05-15 10:09:46 - head subsetting not needed
[INFO] 2025-05-15 10:09:46 - hhea subsetting not needed
[INFO] 2025-05-15 10:09:46 - maxp subsetting not needed
[INFO] 2025-05-15 10:09:46 - OS/2 subsetting not needed
[DEBUG] 2025-05-15 10:09:46 - Reading 'hmtx' table from disk
[DEBUG] 2025-05-15 10:09:46 - Decompiling 'hmtx' table
[DEBUG] 2025-05-15 10:09:46 - Reading 'hhea' table from disk
[DEBUG] 2025-05-15 10:09:46 - Decompiling 'hhea' table
[DEBUG] 2025-05-15 10:09:46 - Took 0.002s to subset 'hmtx'
[INFO] 2025-05-15 10:09:46 - hmtx subsetted
[DEBUG] 2025-05-15 10:09:46 - Took 0.001s to subset 'cmap'
[INFO] 2025-05-15 10:09:46 - cmap subsetted
[INFO] 2025-05-15 10:09:46 - loca subsetting not needed
[DEBUG] 2025-05-15 10:09:46 - Took 0.000s to subset 'post'
[INFO] 2025-05-15 10:09:46 - post subsetted
[INFO] 2025-05-15 10:09:46 - gasp subsetting not needed
[INFO] 2025-05-15 10:09:46 - FFTM NOT subset; don't know how to subset
[DEBUG] 2025-05-15 10:09:46 - Reading 'GDEF' table from disk
[DEBUG] 2025-05-15 10:09:46 - Decompiling 'GDEF' table
[DEBUG] 2025-05-15 10:09:46 - Took 0.009s to subset 'GDEF'
[INFO] 2025-05-15 10:09:46 - GDEF subsetted
[INFO] 2025-05-15 10:09:46 - name subsetting not needed
[DEBUG] 2025-05-15 10:09:46 - Took 0.000s to subset 'glyf'
[INFO] 2025-05-15 10:09:46 - glyf subsetted
[DEBUG] 2025-05-15 10:09:46 - Took 0.000s to subset GlyphOrder
[DEBUG] 2025-05-15 10:09:46 - Took 0.000s to prune 'head'
[INFO] 2025-05-15 10:09:46 - head pruned
[DEBUG] 2025-05-15 10:09:46 - Reading 'OS/2' table from disk
[DEBUG] 2025-05-15 10:09:46 - Decompiling 'OS/2' table
[INFO] 2025-05-15 10:09:46 - OS/2 Unicode ranges pruned: [0]
[INFO] 2025-05-15 10:09:46 - OS/2 CodePage ranges pruned: [0]
[DEBUG] 2025-05-15 10:09:46 - Took 0.000s to prune 'glyf'
[INFO] 2025-05-15 10:09:46 - glyf pruned
[DEBUG] 2025-05-15 10:09:46 - Took 0.000s to prune 'GDEF'
[INFO] 2025-05-15 10:09:46 - GDEF pruned
[DEBUG] 2025-05-15 10:09:46 - Reading 'name' table from disk
[DEBUG] 2025-05-15 10:09:46 - Decompiling 'name' table
[DEBUG] 2025-05-15 10:09:46 - Reading 'gasp' table from disk
[DEBUG] 2025-05-15 10:09:46 - Decompiling 'gasp' table
[DEBUG] 2025-05-15 10:09:46 - Reading 'FFTM' table from disk
[DEBUG] 2025-05-15 10:09:46 - Decompiling 'FFTM' table
[DEBUG] 2025-05-15 10:09:46 - Took 0.001s to prune 'name'
[INFO] 2025-05-15 10:09:46 - name pruned
[DEBUG] 2025-05-15 10:09:46 - Reading 'maxp' table from disk
[DEBUG] 2025-05-15 10:09:46 - Decompiling 'maxp' table
[DEBUG] 2025-05-15 10:09:46 - Took 0.000s to load 'maxp'
[DEBUG] 2025-05-15 10:09:46 - Took 0.000s to prune 'maxp'
[INFO] 2025-05-15 10:09:46 - maxp pruned
[DEBUG] 2025-05-15 10:09:46 - Reading 'cmap' table from disk
[DEBUG] 2025-05-15 10:09:46 - Decompiling 'cmap' table
[DEBUG] 2025-05-15 10:09:46 - Reading 'post' table from disk
[DEBUG] 2025-05-15 10:09:46 - Decompiling 'post' table
[DEBUG] 2025-05-15 10:09:46 - Took 0.003s to load 'cmap'
[DEBUG] 2025-05-15 10:09:46 - Took 0.000s to prune 'cmap'
[INFO] 2025-05-15 10:09:46 - cmap pruned
[INFO] 2025-05-15 10:09:46 - fpgm dropped
[INFO] 2025-05-15 10:09:46 - prep dropped
[INFO] 2025-05-15 10:09:46 - cvt  dropped
[INFO] 2025-05-15 10:09:46 - kern dropped
[DEBUG] 2025-05-15 10:09:46 - Took 0.000s to load 'post'
[DEBUG] 2025-05-15 10:09:46 - Took 0.000s to prune 'post'
[INFO] 2025-05-15 10:09:46 - post pruned
[INFO] 2025-05-15 10:09:46 - GPOS dropped
[INFO] 2025-05-15 10:09:46 - GSUB dropped
[DEBUG] 2025-05-15 10:09:46 - Reading 'glyf' table from disk
[DEBUG] 2025-05-15 10:09:46 - Decompiling 'glyf' table
[DEBUG] 2025-05-15 10:09:46 - Reading 'loca' table from disk
[DEBUG] 2025-05-15 10:09:46 - Decompiling 'loca' table
[DEBUG] 2025-05-15 10:09:46 - Reading 'head' table from disk
[DEBUG] 2025-05-15 10:09:46 - Decompiling 'head' table
[DEBUG] 2025-05-15 10:09:46 - Took 0.002s to load 'glyf'
[DEBUG] 2025-05-15 10:09:46 - Took 0.000s to prune 'glyf'
[INFO] 2025-05-15 10:09:46 - glyf pruned
[DEBUG] 2025-05-15 10:09:46 - Took 0.000s to close glyph list over 'cmap'
[INFO] 2025-05-15 10:09:46 - Added gid0 to subset
[INFO] 2025-05-15 10:09:46 - Closing glyph list over 'MATH': 25 glyphs before
[INFO] 2025-05-15 10:09:46 - Glyph names: ['.notdef', 'A', 'D', 'I', 'S', 'a', 'b', 'colon', 'd', 'e', 'eight', 'five', 'hyphen', 'l', 'n', 'o', 'one', 'p', 'period', 'r', 'space', 't', 'two', 'u', 'zero']
[INFO] 2025-05-15 10:09:46 - Glyph IDs:   [0, 3, 16, 17, 19, 20, 21, 24, 27, 29, 36, 39, 44, 54, 68, 69, 71, 72, 79, 81, 82, 83, 85, 87, 88]
[DEBUG] 2025-05-15 10:09:46 - Reading 'MATH' table from disk
[DEBUG] 2025-05-15 10:09:46 - Decompiling 'MATH' table
[INFO] 2025-05-15 10:09:46 - Closed glyph list over 'MATH': 25 glyphs after
[INFO] 2025-05-15 10:09:46 - Glyph names: ['.notdef', 'A', 'D', 'I', 'S', 'a', 'b', 'colon', 'd', 'e', 'eight', 'five', 'hyphen', 'l', 'n', 'o', 'one', 'p', 'period', 'r', 'space', 't', 'two', 'u', 'zero']
[INFO] 2025-05-15 10:09:46 - Glyph IDs:   [0, 3, 16, 17, 19, 20, 21, 24, 27, 29, 36, 39, 44, 54, 68, 69, 71, 72, 79, 81, 82, 83, 85, 87, 88]
[DEBUG] 2025-05-15 10:09:46 - Took 0.002s to close glyph list over 'MATH'
[INFO] 2025-05-15 10:09:46 - Closing glyph list over 'glyf': 25 glyphs before
[INFO] 2025-05-15 10:09:46 - Glyph names: ['.notdef', 'A', 'D', 'I', 'S', 'a', 'b', 'colon', 'd', 'e', 'eight', 'five', 'hyphen', 'l', 'n', 'o', 'one', 'p', 'period', 'r', 'space', 't', 'two', 'u', 'zero']
[INFO] 2025-05-15 10:09:46 - Glyph IDs:   [0, 3, 16, 17, 19, 20, 21, 24, 27, 29, 36, 39, 44, 54, 68, 69, 71, 72, 79, 81, 82, 83, 85, 87, 88]
[INFO] 2025-05-15 10:09:46 - Closed glyph list over 'glyf': 25 glyphs after
[INFO] 2025-05-15 10:09:46 - Glyph names: ['.notdef', 'A', 'D', 'I', 'S', 'a', 'b', 'colon', 'd', 'e', 'eight', 'five', 'hyphen', 'l', 'n', 'o', 'one', 'p', 'period', 'r', 'space', 't', 'two', 'u', 'zero']
[INFO] 2025-05-15 10:09:46 - Glyph IDs:   [0, 3, 16, 17, 19, 20, 21, 24, 27, 29, 36, 39, 44, 54, 68, 69, 71, 72, 79, 81, 82, 83, 85, 87, 88]
[DEBUG] 2025-05-15 10:09:46 - Took 0.001s to close glyph list over 'glyf'
[INFO] 2025-05-15 10:09:46 - Retaining 25 glyphs
[INFO] 2025-05-15 10:09:46 - head subsetting not needed
[INFO] 2025-05-15 10:09:46 - hhea subsetting not needed
[INFO] 2025-05-15 10:09:46 - maxp subsetting not needed
[INFO] 2025-05-15 10:09:46 - OS/2 subsetting not needed
[DEBUG] 2025-05-15 10:09:46 - Reading 'hmtx' table from disk
[DEBUG] 2025-05-15 10:09:46 - Decompiling 'hmtx' table
[DEBUG] 2025-05-15 10:09:46 - Reading 'hhea' table from disk
[DEBUG] 2025-05-15 10:09:46 - Decompiling 'hhea' table
[DEBUG] 2025-05-15 10:09:46 - Took 0.001s to subset 'hmtx'
[INFO] 2025-05-15 10:09:46 - hmtx subsetted
[DEBUG] 2025-05-15 10:09:46 - Took 0.001s to subset 'cmap'
[INFO] 2025-05-15 10:09:46 - cmap subsetted
[INFO] 2025-05-15 10:09:46 - loca subsetting not needed
[DEBUG] 2025-05-15 10:09:46 - Took 0.000s to subset 'post'
[INFO] 2025-05-15 10:09:46 - post subsetted
[INFO] 2025-05-15 10:09:46 - gasp subsetting not needed
[INFO] 2025-05-15 10:09:46 - FFTM NOT subset; don't know how to subset
[DEBUG] 2025-05-15 10:09:46 - Took 0.000s to subset 'MATH'
[INFO] 2025-05-15 10:09:46 - MATH subsetted
[DEBUG] 2025-05-15 10:09:46 - Reading 'GDEF' table from disk
[DEBUG] 2025-05-15 10:09:46 - Decompiling 'GDEF' table
[DEBUG] 2025-05-15 10:09:46 - Took 0.001s to subset 'GDEF'
[INFO] 2025-05-15 10:09:46 - GDEF subsetted
[INFO] 2025-05-15 10:09:46 - name subsetting not needed
[DEBUG] 2025-05-15 10:09:46 - Took 0.000s to subset 'glyf'
[INFO] 2025-05-15 10:09:46 - glyf subsetted
[DEBUG] 2025-05-15 10:09:46 - Took 0.000s to subset GlyphOrder
[DEBUG] 2025-05-15 10:09:46 - Took 0.000s to prune 'head'
[INFO] 2025-05-15 10:09:46 - head pruned
[DEBUG] 2025-05-15 10:09:46 - Reading 'OS/2' table from disk
[DEBUG] 2025-05-15 10:09:46 - Decompiling 'OS/2' table
[INFO] 2025-05-15 10:09:46 - OS/2 Unicode ranges pruned: [0]
[INFO] 2025-05-15 10:09:46 - OS/2 CodePage ranges pruned: [0]
[DEBUG] 2025-05-15 10:09:46 - Took 0.000s to prune 'glyf'
[INFO] 2025-05-15 10:09:46 - glyf pruned
[DEBUG] 2025-05-15 10:09:46 - Took 0.000s to prune 'GDEF'
[INFO] 2025-05-15 10:09:46 - GDEF pruned
[DEBUG] 2025-05-15 10:09:46 - Reading 'name' table from disk
[DEBUG] 2025-05-15 10:09:46 - Decompiling 'name' table
[DEBUG] 2025-05-15 10:09:46 - Reading 'gasp' table from disk
[DEBUG] 2025-05-15 10:09:46 - Decompiling 'gasp' table
[DEBUG] 2025-05-15 10:09:46 - Reading 'FFTM' table from disk
[DEBUG] 2025-05-15 10:09:46 - Decompiling 'FFTM' table
[DEBUG] 2025-05-15 10:09:46 - Took 0.001s to prune 'name'
[INFO] 2025-05-15 10:09:46 - name pruned
[DEBUG] 2025-05-15 10:09:54 - Reading 'maxp' table from disk
[DEBUG] 2025-05-15 10:09:54 - Decompiling 'maxp' table
[DEBUG] 2025-05-15 10:09:54 - Took 0.000s to load 'maxp'
[DEBUG] 2025-05-15 10:09:54 - Took 0.000s to prune 'maxp'
[INFO] 2025-05-15 10:09:54 - maxp pruned
[DEBUG] 2025-05-15 10:09:54 - Reading 'cmap' table from disk
[DEBUG] 2025-05-15 10:09:54 - Decompiling 'cmap' table
[DEBUG] 2025-05-15 10:09:54 - Reading 'post' table from disk
[DEBUG] 2025-05-15 10:09:54 - Decompiling 'post' table
[DEBUG] 2025-05-15 10:09:54 - Took 0.003s to load 'cmap'
[DEBUG] 2025-05-15 10:09:54 - Took 0.000s to prune 'cmap'
[INFO] 2025-05-15 10:09:54 - cmap pruned
[INFO] 2025-05-15 10:09:54 - fpgm dropped
[INFO] 2025-05-15 10:09:54 - prep dropped
[INFO] 2025-05-15 10:09:54 - cvt  dropped
[INFO] 2025-05-15 10:09:54 - kern dropped
[DEBUG] 2025-05-15 10:09:54 - Took 0.000s to load 'post'
[DEBUG] 2025-05-15 10:09:54 - Took 0.000s to prune 'post'
[INFO] 2025-05-15 10:09:54 - post pruned
[INFO] 2025-05-15 10:09:54 - GPOS dropped
[INFO] 2025-05-15 10:09:54 - GSUB dropped
[DEBUG] 2025-05-15 10:09:54 - Reading 'glyf' table from disk
[DEBUG] 2025-05-15 10:09:54 - Decompiling 'glyf' table
[DEBUG] 2025-05-15 10:09:54 - Reading 'loca' table from disk
[DEBUG] 2025-05-15 10:09:54 - Decompiling 'loca' table
[DEBUG] 2025-05-15 10:09:54 - Reading 'head' table from disk
[DEBUG] 2025-05-15 10:09:54 - Decompiling 'head' table
[DEBUG] 2025-05-15 10:09:54 - Took 0.003s to load 'glyf'
[DEBUG] 2025-05-15 10:09:54 - Took 0.000s to prune 'glyf'
[INFO] 2025-05-15 10:09:54 - glyf pruned
[DEBUG] 2025-05-15 10:09:54 - Took 0.000s to close glyph list over 'cmap'
[INFO] 2025-05-15 10:09:54 - Added gid0 to subset
[INFO] 2025-05-15 10:09:54 - Closing glyph list over 'glyf': 24 glyphs before
[INFO] 2025-05-15 10:09:54 - Glyph names: ['.notdef', 'B', 'C', 'M', 'S', 'a', 'c', 'e', 'five', 'hyphen', 'i', 'l', 'm', 'n', 'o', 'r', 's', 'space', 't', 'two', 'u', 'v', 'y', 'zero']
[INFO] 2025-05-15 10:09:54 - Glyph IDs:   [0, 3, 16, 19, 21, 24, 37, 38, 48, 54, 68, 70, 72, 76, 79, 80, 81, 82, 85, 86, 87, 88, 89, 92]
[INFO] 2025-05-15 10:09:54 - Closed glyph list over 'glyf': 24 glyphs after
[INFO] 2025-05-15 10:09:54 - Glyph names: ['.notdef', 'B', 'C', 'M', 'S', 'a', 'c', 'e', 'five', 'hyphen', 'i', 'l', 'm', 'n', 'o', 'r', 's', 'space', 't', 'two', 'u', 'v', 'y', 'zero']
[INFO] 2025-05-15 10:09:54 - Glyph IDs:   [0, 3, 16, 19, 21, 24, 37, 38, 48, 54, 68, 70, 72, 76, 79, 80, 81, 82, 85, 86, 87, 88, 89, 92]
[DEBUG] 2025-05-15 10:09:54 - Took 0.001s to close glyph list over 'glyf'
[INFO] 2025-05-15 10:09:54 - Retaining 24 glyphs
[INFO] 2025-05-15 10:09:54 - head subsetting not needed
[INFO] 2025-05-15 10:09:54 - hhea subsetting not needed
[INFO] 2025-05-15 10:09:54 - maxp subsetting not needed
[INFO] 2025-05-15 10:09:54 - OS/2 subsetting not needed
[DEBUG] 2025-05-15 10:09:54 - Reading 'hmtx' table from disk
[DEBUG] 2025-05-15 10:09:54 - Decompiling 'hmtx' table
[DEBUG] 2025-05-15 10:09:54 - Reading 'hhea' table from disk
[DEBUG] 2025-05-15 10:09:54 - Decompiling 'hhea' table
[DEBUG] 2025-05-15 10:09:54 - Took 0.001s to subset 'hmtx'
[INFO] 2025-05-15 10:09:54 - hmtx subsetted
[DEBUG] 2025-05-15 10:09:54 - Took 0.001s to subset 'cmap'
[INFO] 2025-05-15 10:09:54 - cmap subsetted
[INFO] 2025-05-15 10:09:54 - loca subsetting not needed
[DEBUG] 2025-05-15 10:09:54 - Took 0.000s to subset 'post'
[INFO] 2025-05-15 10:09:54 - post subsetted
[INFO] 2025-05-15 10:09:54 - gasp subsetting not needed
[INFO] 2025-05-15 10:09:54 - FFTM NOT subset; don't know how to subset
[DEBUG] 2025-05-15 10:09:54 - Reading 'GDEF' table from disk
[DEBUG] 2025-05-15 10:09:54 - Decompiling 'GDEF' table
[DEBUG] 2025-05-15 10:09:54 - Took 0.001s to subset 'GDEF'
[INFO] 2025-05-15 10:09:54 - GDEF subsetted
[INFO] 2025-05-15 10:09:54 - name subsetting not needed
[DEBUG] 2025-05-15 10:09:54 - Took 0.000s to subset 'glyf'
[INFO] 2025-05-15 10:09:54 - glyf subsetted
[DEBUG] 2025-05-15 10:09:54 - Took 0.000s to subset GlyphOrder
[DEBUG] 2025-05-15 10:09:54 - Took 0.000s to prune 'head'
[INFO] 2025-05-15 10:09:54 - head pruned
[DEBUG] 2025-05-15 10:09:54 - Reading 'OS/2' table from disk
[DEBUG] 2025-05-15 10:09:54 - Decompiling 'OS/2' table
[INFO] 2025-05-15 10:09:54 - OS/2 Unicode ranges pruned: [0]
[INFO] 2025-05-15 10:09:54 - OS/2 CodePage ranges pruned: [0]
[DEBUG] 2025-05-15 10:09:54 - Took 0.000s to prune 'glyf'
[INFO] 2025-05-15 10:09:54 - glyf pruned
[DEBUG] 2025-05-15 10:09:54 - Took 0.000s to prune 'GDEF'
[INFO] 2025-05-15 10:09:54 - GDEF pruned
[DEBUG] 2025-05-15 10:09:54 - Reading 'name' table from disk
[DEBUG] 2025-05-15 10:09:54 - Decompiling 'name' table
[DEBUG] 2025-05-15 10:09:54 - Reading 'gasp' table from disk
[DEBUG] 2025-05-15 10:09:54 - Decompiling 'gasp' table
[DEBUG] 2025-05-15 10:09:54 - Reading 'FFTM' table from disk
[DEBUG] 2025-05-15 10:09:54 - Decompiling 'FFTM' table
[DEBUG] 2025-05-15 10:09:54 - Took 0.004s to prune 'name'
[INFO] 2025-05-15 10:09:54 - name pruned
[DEBUG] 2025-05-15 10:09:54 - Reading 'maxp' table from disk
[DEBUG] 2025-05-15 10:09:54 - Decompiling 'maxp' table
[DEBUG] 2025-05-15 10:09:54 - Took 0.003s to load 'maxp'
[DEBUG] 2025-05-15 10:09:54 - Took 0.000s to prune 'maxp'
[INFO] 2025-05-15 10:09:54 - maxp pruned
[DEBUG] 2025-05-15 10:09:54 - Reading 'cmap' table from disk
[DEBUG] 2025-05-15 10:09:54 - Decompiling 'cmap' table
[DEBUG] 2025-05-15 10:09:54 - Reading 'post' table from disk
[DEBUG] 2025-05-15 10:09:54 - Decompiling 'post' table
[DEBUG] 2025-05-15 10:09:54 - Took 0.008s to load 'cmap'
[DEBUG] 2025-05-15 10:09:54 - Took 0.000s to prune 'cmap'
[INFO] 2025-05-15 10:09:54 - cmap pruned
[INFO] 2025-05-15 10:09:54 - fpgm dropped
[INFO] 2025-05-15 10:09:54 - prep dropped
[INFO] 2025-05-15 10:09:54 - cvt  dropped
[INFO] 2025-05-15 10:09:54 - kern dropped
[DEBUG] 2025-05-15 10:09:54 - Took 0.000s to load 'post'
[DEBUG] 2025-05-15 10:09:54 - Took 0.000s to prune 'post'
[INFO] 2025-05-15 10:09:54 - post pruned
[INFO] 2025-05-15 10:09:54 - GPOS dropped
[INFO] 2025-05-15 10:09:54 - GSUB dropped
[DEBUG] 2025-05-15 10:09:54 - Reading 'glyf' table from disk
[DEBUG] 2025-05-15 10:09:54 - Decompiling 'glyf' table
[DEBUG] 2025-05-15 10:09:54 - Reading 'loca' table from disk
[DEBUG] 2025-05-15 10:09:54 - Decompiling 'loca' table
[DEBUG] 2025-05-15 10:09:54 - Reading 'head' table from disk
[DEBUG] 2025-05-15 10:09:54 - Decompiling 'head' table
[DEBUG] 2025-05-15 10:09:54 - Took 0.014s to load 'glyf'
[DEBUG] 2025-05-15 10:09:54 - Took 0.000s to prune 'glyf'
[INFO] 2025-05-15 10:09:54 - glyf pruned
[DEBUG] 2025-05-15 10:09:54 - Took 0.001s to close glyph list over 'cmap'
[INFO] 2025-05-15 10:09:54 - Added gid0 to subset
[INFO] 2025-05-15 10:09:54 - Closing glyph list over 'MATH': 25 glyphs before
[INFO] 2025-05-15 10:09:54 - Glyph names: ['.notdef', 'A', 'D', 'I', 'S', 'a', 'b', 'colon', 'd', 'e', 'eight', 'five', 'hyphen', 'l', 'n', 'o', 'one', 'p', 'period', 'r', 'space', 't', 'two', 'u', 'zero']
[INFO] 2025-05-15 10:09:54 - Glyph IDs:   [0, 3, 16, 17, 19, 20, 21, 24, 27, 29, 36, 39, 44, 54, 68, 69, 71, 72, 79, 81, 82, 83, 85, 87, 88]
[DEBUG] 2025-05-15 10:09:54 - Reading 'MATH' table from disk
[DEBUG] 2025-05-15 10:09:54 - Decompiling 'MATH' table
[INFO] 2025-05-15 10:09:54 - Closed glyph list over 'MATH': 25 glyphs after
[INFO] 2025-05-15 10:09:54 - Glyph names: ['.notdef', 'A', 'D', 'I', 'S', 'a', 'b', 'colon', 'd', 'e', 'eight', 'five', 'hyphen', 'l', 'n', 'o', 'one', 'p', 'period', 'r', 'space', 't', 'two', 'u', 'zero']
[INFO] 2025-05-15 10:09:54 - Glyph IDs:   [0, 3, 16, 17, 19, 20, 21, 24, 27, 29, 36, 39, 44, 54, 68, 69, 71, 72, 79, 81, 82, 83, 85, 87, 88]
[DEBUG] 2025-05-15 10:09:54 - Took 0.015s to close glyph list over 'MATH'
[INFO] 2025-05-15 10:09:54 - Closing glyph list over 'glyf': 25 glyphs before
[INFO] 2025-05-15 10:09:54 - Glyph names: ['.notdef', 'A', 'D', 'I', 'S', 'a', 'b', 'colon', 'd', 'e', 'eight', 'five', 'hyphen', 'l', 'n', 'o', 'one', 'p', 'period', 'r', 'space', 't', 'two', 'u', 'zero']
[INFO] 2025-05-15 10:09:54 - Glyph IDs:   [0, 3, 16, 17, 19, 20, 21, 24, 27, 29, 36, 39, 44, 54, 68, 69, 71, 72, 79, 81, 82, 83, 85, 87, 88]
[INFO] 2025-05-15 10:09:54 - Closed glyph list over 'glyf': 25 glyphs after
[INFO] 2025-05-15 10:09:54 - Glyph names: ['.notdef', 'A', 'D', 'I', 'S', 'a', 'b', 'colon', 'd', 'e', 'eight', 'five', 'hyphen', 'l', 'n', 'o', 'one', 'p', 'period', 'r', 'space', 't', 'two', 'u', 'zero']
[INFO] 2025-05-15 10:09:54 - Glyph IDs:   [0, 3, 16, 17, 19, 20, 21, 24, 27, 29, 36, 39, 44, 54, 68, 69, 71, 72, 79, 81, 82, 83, 85, 87, 88]
[DEBUG] 2025-05-15 10:09:54 - Took 0.003s to close glyph list over 'glyf'
[INFO] 2025-05-15 10:09:54 - Retaining 25 glyphs
[INFO] 2025-05-15 10:09:54 - head subsetting not needed
[INFO] 2025-05-15 10:09:54 - hhea subsetting not needed
[INFO] 2025-05-15 10:09:54 - maxp subsetting not needed
[INFO] 2025-05-15 10:09:54 - OS/2 subsetting not needed
[DEBUG] 2025-05-15 10:09:54 - Reading 'hmtx' table from disk
[DEBUG] 2025-05-15 10:09:54 - Decompiling 'hmtx' table
[DEBUG] 2025-05-15 10:09:54 - Reading 'hhea' table from disk
[DEBUG] 2025-05-15 10:09:54 - Decompiling 'hhea' table
[DEBUG] 2025-05-15 10:09:54 - Took 0.007s to subset 'hmtx'
[INFO] 2025-05-15 10:09:54 - hmtx subsetted
[DEBUG] 2025-05-15 10:09:54 - Took 0.001s to subset 'cmap'
[INFO] 2025-05-15 10:09:54 - cmap subsetted
[INFO] 2025-05-15 10:09:54 - loca subsetting not needed
[DEBUG] 2025-05-15 10:09:54 - Took 0.000s to subset 'post'
[INFO] 2025-05-15 10:09:54 - post subsetted
[INFO] 2025-05-15 10:09:54 - gasp subsetting not needed
[INFO] 2025-05-15 10:09:54 - FFTM NOT subset; don't know how to subset
[DEBUG] 2025-05-15 10:09:54 - Took 0.000s to subset 'MATH'
[INFO] 2025-05-15 10:09:54 - MATH subsetted
[DEBUG] 2025-05-15 10:09:54 - Reading 'GDEF' table from disk
[DEBUG] 2025-05-15 10:09:54 - Decompiling 'GDEF' table
[DEBUG] 2025-05-15 10:09:54 - Took 0.006s to subset 'GDEF'
[INFO] 2025-05-15 10:09:54 - GDEF subsetted
[INFO] 2025-05-15 10:09:54 - name subsetting not needed
[DEBUG] 2025-05-15 10:09:54 - Took 0.001s to subset 'glyf'
[INFO] 2025-05-15 10:09:54 - glyf subsetted
[DEBUG] 2025-05-15 10:09:54 - Took 0.000s to subset GlyphOrder
[DEBUG] 2025-05-15 10:09:54 - Took 0.000s to prune 'head'
[INFO] 2025-05-15 10:09:54 - head pruned
[DEBUG] 2025-05-15 10:09:54 - Reading 'OS/2' table from disk
[DEBUG] 2025-05-15 10:09:54 - Decompiling 'OS/2' table
[INFO] 2025-05-15 10:09:54 - OS/2 Unicode ranges pruned: [0]
[INFO] 2025-05-15 10:09:54 - OS/2 CodePage ranges pruned: [0]
[DEBUG] 2025-05-15 10:09:54 - Took 0.000s to prune 'glyf'
[INFO] 2025-05-15 10:09:54 - glyf pruned
[DEBUG] 2025-05-15 10:09:54 - Took 0.000s to prune 'GDEF'
[INFO] 2025-05-15 10:09:54 - GDEF pruned
[DEBUG] 2025-05-15 10:09:54 - Reading 'name' table from disk
[DEBUG] 2025-05-15 10:09:54 - Decompiling 'name' table
[DEBUG] 2025-05-15 10:09:54 - Reading 'gasp' table from disk
[DEBUG] 2025-05-15 10:09:54 - Decompiling 'gasp' table
[DEBUG] 2025-05-15 10:09:54 - Reading 'FFTM' table from disk
[DEBUG] 2025-05-15 10:09:54 - Decompiling 'FFTM' table
[DEBUG] 2025-05-15 10:09:54 - Took 0.003s to prune 'name'
[INFO] 2025-05-15 10:09:54 - name pruned
[INFO] 2025-05-15 10:12:17 - [ArticleSearch] Token aanvragen bij https://api.cgk-group.com/api/account/login...
[INFO] 2025-05-15 10:12:17 - [ArticleSearch] Token ontvangen (vervalt in 1800s)
[INFO] 2025-05-15 10:12:17 - [Startup] Vooraf token laden voor StockInfo...
[INFO] 2025-05-15 10:12:17 - [StockInfo] Token aanvragen bij https://api.cgk-group.com/api/account/login...
[INFO] 2025-05-15 10:12:17 - [StockInfo] Token ontvangen (vervalt in 1800s)
[DEBUG] 2025-05-15 10:12:25 - Reading 'maxp' table from disk
[DEBUG] 2025-05-15 10:12:25 - Decompiling 'maxp' table
[DEBUG] 2025-05-15 10:12:25 - Took 0.000s to load 'maxp'
[DEBUG] 2025-05-15 10:12:25 - Took 0.000s to prune 'maxp'
[INFO] 2025-05-15 10:12:25 - maxp pruned
[DEBUG] 2025-05-15 10:12:25 - Reading 'cmap' table from disk
[DEBUG] 2025-05-15 10:12:25 - Decompiling 'cmap' table
[DEBUG] 2025-05-15 10:12:25 - Reading 'post' table from disk
[DEBUG] 2025-05-15 10:12:25 - Decompiling 'post' table
[DEBUG] 2025-05-15 10:12:25 - Took 0.005s to load 'cmap'
[DEBUG] 2025-05-15 10:12:25 - Took 0.000s to prune 'cmap'
[INFO] 2025-05-15 10:12:25 - cmap pruned
[INFO] 2025-05-15 10:12:25 - fpgm dropped
[INFO] 2025-05-15 10:12:25 - prep dropped
[INFO] 2025-05-15 10:12:25 - cvt  dropped
[INFO] 2025-05-15 10:12:25 - kern dropped
[DEBUG] 2025-05-15 10:12:25 - Took 0.000s to load 'post'
[DEBUG] 2025-05-15 10:12:25 - Took 0.000s to prune 'post'
[INFO] 2025-05-15 10:12:25 - post pruned
[INFO] 2025-05-15 10:12:25 - GPOS dropped
[INFO] 2025-05-15 10:12:25 - GSUB dropped
[DEBUG] 2025-05-15 10:12:25 - Reading 'glyf' table from disk
[DEBUG] 2025-05-15 10:12:25 - Decompiling 'glyf' table
[DEBUG] 2025-05-15 10:12:25 - Reading 'loca' table from disk
[DEBUG] 2025-05-15 10:12:25 - Decompiling 'loca' table
[DEBUG] 2025-05-15 10:12:25 - Reading 'head' table from disk
[DEBUG] 2025-05-15 10:12:25 - Decompiling 'head' table
[DEBUG] 2025-05-15 10:12:25 - Took 0.003s to load 'glyf'
[DEBUG] 2025-05-15 10:12:25 - Took 0.000s to prune 'glyf'
[INFO] 2025-05-15 10:12:25 - glyf pruned
[DEBUG] 2025-05-15 10:12:25 - Took 0.000s to close glyph list over 'cmap'
[INFO] 2025-05-15 10:12:25 - Added gid0 to subset
[INFO] 2025-05-15 10:12:25 - Closing glyph list over 'glyf': 24 glyphs before
[INFO] 2025-05-15 10:12:25 - Glyph names: ['.notdef', 'B', 'C', 'M', 'S', 'a', 'c', 'e', 'five', 'hyphen', 'i', 'l', 'm', 'n', 'o', 'r', 's', 'space', 't', 'two', 'u', 'v', 'y', 'zero']
[INFO] 2025-05-15 10:12:25 - Glyph IDs:   [0, 3, 16, 19, 21, 24, 37, 38, 48, 54, 68, 70, 72, 76, 79, 80, 81, 82, 85, 86, 87, 88, 89, 92]
[INFO] 2025-05-15 10:12:25 - Closed glyph list over 'glyf': 24 glyphs after
[INFO] 2025-05-15 10:12:25 - Glyph names: ['.notdef', 'B', 'C', 'M', 'S', 'a', 'c', 'e', 'five', 'hyphen', 'i', 'l', 'm', 'n', 'o', 'r', 's', 'space', 't', 'two', 'u', 'v', 'y', 'zero']
[INFO] 2025-05-15 10:12:25 - Glyph IDs:   [0, 3, 16, 19, 21, 24, 37, 38, 48, 54, 68, 70, 72, 76, 79, 80, 81, 82, 85, 86, 87, 88, 89, 92]
[DEBUG] 2025-05-15 10:12:25 - Took 0.001s to close glyph list over 'glyf'
[INFO] 2025-05-15 10:12:25 - Retaining 24 glyphs
[INFO] 2025-05-15 10:12:25 - head subsetting not needed
[INFO] 2025-05-15 10:12:25 - hhea subsetting not needed
[INFO] 2025-05-15 10:12:25 - maxp subsetting not needed
[INFO] 2025-05-15 10:12:25 - OS/2 subsetting not needed
[DEBUG] 2025-05-15 10:12:25 - Reading 'hmtx' table from disk
[DEBUG] 2025-05-15 10:12:25 - Decompiling 'hmtx' table
[DEBUG] 2025-05-15 10:12:25 - Reading 'hhea' table from disk
[DEBUG] 2025-05-15 10:12:25 - Decompiling 'hhea' table
[DEBUG] 2025-05-15 10:12:25 - Took 0.001s to subset 'hmtx'
[INFO] 2025-05-15 10:12:25 - hmtx subsetted
[DEBUG] 2025-05-15 10:12:25 - Took 0.001s to subset 'cmap'
[INFO] 2025-05-15 10:12:25 - cmap subsetted
[INFO] 2025-05-15 10:12:25 - loca subsetting not needed
[DEBUG] 2025-05-15 10:12:25 - Took 0.000s to subset 'post'
[INFO] 2025-05-15 10:12:25 - post subsetted
[INFO] 2025-05-15 10:12:25 - gasp subsetting not needed
[INFO] 2025-05-15 10:12:25 - FFTM NOT subset; don't know how to subset
[DEBUG] 2025-05-15 10:12:25 - Reading 'GDEF' table from disk
[DEBUG] 2025-05-15 10:12:25 - Decompiling 'GDEF' table
[DEBUG] 2025-05-15 10:12:25 - Took 0.001s to subset 'GDEF'
[INFO] 2025-05-15 10:12:25 - GDEF subsetted
[INFO] 2025-05-15 10:12:25 - name subsetting not needed
[DEBUG] 2025-05-15 10:12:25 - Took 0.000s to subset 'glyf'
[INFO] 2025-05-15 10:12:25 - glyf subsetted
[DEBUG] 2025-05-15 10:12:25 - Took 0.000s to subset GlyphOrder
[DEBUG] 2025-05-15 10:12:25 - Took 0.000s to prune 'head'
[INFO] 2025-05-15 10:12:25 - head pruned
[DEBUG] 2025-05-15 10:12:25 - Reading 'OS/2' table from disk
[DEBUG] 2025-05-15 10:12:25 - Decompiling 'OS/2' table
[INFO] 2025-05-15 10:12:25 - OS/2 Unicode ranges pruned: [0]
[INFO] 2025-05-15 10:12:25 - OS/2 CodePage ranges pruned: [0]
[DEBUG] 2025-05-15 10:12:25 - Took 0.000s to prune 'glyf'
[INFO] 2025-05-15 10:12:25 - glyf pruned
[DEBUG] 2025-05-15 10:12:25 - Took 0.000s to prune 'GDEF'
[INFO] 2025-05-15 10:12:25 - GDEF pruned
[DEBUG] 2025-05-15 10:12:25 - Reading 'name' table from disk
[DEBUG] 2025-05-15 10:12:25 - Decompiling 'name' table
[DEBUG] 2025-05-15 10:12:25 - Reading 'gasp' table from disk
[DEBUG] 2025-05-15 10:12:25 - Decompiling 'gasp' table
[DEBUG] 2025-05-15 10:12:25 - Reading 'FFTM' table from disk
[DEBUG] 2025-05-15 10:12:25 - Decompiling 'FFTM' table
[DEBUG] 2025-05-15 10:12:25 - Took 0.001s to prune 'name'
[INFO] 2025-05-15 10:12:25 - name pruned
[DEBUG] 2025-05-15 10:12:25 - Reading 'maxp' table from disk
[DEBUG] 2025-05-15 10:12:25 - Decompiling 'maxp' table
[DEBUG] 2025-05-15 10:12:25 - Took 0.000s to load 'maxp'
[DEBUG] 2025-05-15 10:12:25 - Took 0.000s to prune 'maxp'
[INFO] 2025-05-15 10:12:25 - maxp pruned
[DEBUG] 2025-05-15 10:12:25 - Reading 'cmap' table from disk
[DEBUG] 2025-05-15 10:12:25 - Decompiling 'cmap' table
[DEBUG] 2025-05-15 10:12:25 - Reading 'post' table from disk
[DEBUG] 2025-05-15 10:12:25 - Decompiling 'post' table
[DEBUG] 2025-05-15 10:12:25 - Took 0.003s to load 'cmap'
[DEBUG] 2025-05-15 10:12:25 - Took 0.000s to prune 'cmap'
[INFO] 2025-05-15 10:12:25 - cmap pruned
[INFO] 2025-05-15 10:12:25 - fpgm dropped
[INFO] 2025-05-15 10:12:25 - prep dropped
[INFO] 2025-05-15 10:12:25 - cvt  dropped
[INFO] 2025-05-15 10:12:25 - kern dropped
[DEBUG] 2025-05-15 10:12:25 - Took 0.000s to load 'post'
[DEBUG] 2025-05-15 10:12:25 - Took 0.000s to prune 'post'
[INFO] 2025-05-15 10:12:25 - post pruned
[INFO] 2025-05-15 10:12:25 - GPOS dropped
[INFO] 2025-05-15 10:12:25 - GSUB dropped
[DEBUG] 2025-05-15 10:12:25 - Reading 'glyf' table from disk
[DEBUG] 2025-05-15 10:12:25 - Decompiling 'glyf' table
[DEBUG] 2025-05-15 10:12:25 - Reading 'loca' table from disk
[DEBUG] 2025-05-15 10:12:25 - Decompiling 'loca' table
[DEBUG] 2025-05-15 10:12:25 - Reading 'head' table from disk
[DEBUG] 2025-05-15 10:12:25 - Decompiling 'head' table
[DEBUG] 2025-05-15 10:12:25 - Took 0.003s to load 'glyf'
[DEBUG] 2025-05-15 10:12:25 - Took 0.000s to prune 'glyf'
[INFO] 2025-05-15 10:12:25 - glyf pruned
[DEBUG] 2025-05-15 10:12:25 - Took 0.000s to close glyph list over 'cmap'
[INFO] 2025-05-15 10:12:25 - Added gid0 to subset
[INFO] 2025-05-15 10:12:25 - Closing glyph list over 'MATH': 25 glyphs before
[INFO] 2025-05-15 10:12:25 - Glyph names: ['.notdef', 'A', 'D', 'I', 'S', 'a', 'b', 'colon', 'd', 'e', 'eight', 'five', 'hyphen', 'l', 'n', 'o', 'one', 'p', 'period', 'r', 'space', 't', 'two', 'u', 'zero']
[INFO] 2025-05-15 10:12:25 - Glyph IDs:   [0, 3, 16, 17, 19, 20, 21, 24, 27, 29, 36, 39, 44, 54, 68, 69, 71, 72, 79, 81, 82, 83, 85, 87, 88]
[DEBUG] 2025-05-15 10:12:25 - Reading 'MATH' table from disk
[DEBUG] 2025-05-15 10:12:25 - Decompiling 'MATH' table
[INFO] 2025-05-15 10:12:25 - Closed glyph list over 'MATH': 25 glyphs after
[INFO] 2025-05-15 10:12:25 - Glyph names: ['.notdef', 'A', 'D', 'I', 'S', 'a', 'b', 'colon', 'd', 'e', 'eight', 'five', 'hyphen', 'l', 'n', 'o', 'one', 'p', 'period', 'r', 'space', 't', 'two', 'u', 'zero']
[INFO] 2025-05-15 10:12:25 - Glyph IDs:   [0, 3, 16, 17, 19, 20, 21, 24, 27, 29, 36, 39, 44, 54, 68, 69, 71, 72, 79, 81, 82, 83, 85, 87, 88]
[DEBUG] 2025-05-15 10:12:25 - Took 0.004s to close glyph list over 'MATH'
[INFO] 2025-05-15 10:12:25 - Closing glyph list over 'glyf': 25 glyphs before
[INFO] 2025-05-15 10:12:25 - Glyph names: ['.notdef', 'A', 'D', 'I', 'S', 'a', 'b', 'colon', 'd', 'e', 'eight', 'five', 'hyphen', 'l', 'n', 'o', 'one', 'p', 'period', 'r', 'space', 't', 'two', 'u', 'zero']
[INFO] 2025-05-15 10:12:25 - Glyph IDs:   [0, 3, 16, 17, 19, 20, 21, 24, 27, 29, 36, 39, 44, 54, 68, 69, 71, 72, 79, 81, 82, 83, 85, 87, 88]
[INFO] 2025-05-15 10:12:25 - Closed glyph list over 'glyf': 25 glyphs after
[INFO] 2025-05-15 10:12:25 - Glyph names: ['.notdef', 'A', 'D', 'I', 'S', 'a', 'b', 'colon', 'd', 'e', 'eight', 'five', 'hyphen', 'l', 'n', 'o', 'one', 'p', 'period', 'r', 'space', 't', 'two', 'u', 'zero']
[INFO] 2025-05-15 10:12:25 - Glyph IDs:   [0, 3, 16, 17, 19, 20, 21, 24, 27, 29, 36, 39, 44, 54, 68, 69, 71, 72, 79, 81, 82, 83, 85, 87, 88]
[DEBUG] 2025-05-15 10:12:25 - Took 0.001s to close glyph list over 'glyf'
[INFO] 2025-05-15 10:12:25 - Retaining 25 glyphs
[INFO] 2025-05-15 10:12:25 - head subsetting not needed
[INFO] 2025-05-15 10:12:25 - hhea subsetting not needed
[INFO] 2025-05-15 10:12:25 - maxp subsetting not needed
[INFO] 2025-05-15 10:12:25 - OS/2 subsetting not needed
[DEBUG] 2025-05-15 10:12:25 - Reading 'hmtx' table from disk
[DEBUG] 2025-05-15 10:12:25 - Decompiling 'hmtx' table
[DEBUG] 2025-05-15 10:12:25 - Reading 'hhea' table from disk
[DEBUG] 2025-05-15 10:12:25 - Decompiling 'hhea' table
[DEBUG] 2025-05-15 10:12:25 - Took 0.001s to subset 'hmtx'
[INFO] 2025-05-15 10:12:25 - hmtx subsetted
[DEBUG] 2025-05-15 10:12:25 - Took 0.001s to subset 'cmap'
[INFO] 2025-05-15 10:12:25 - cmap subsetted
[INFO] 2025-05-15 10:12:25 - loca subsetting not needed
[DEBUG] 2025-05-15 10:12:25 - Took 0.000s to subset 'post'
[INFO] 2025-05-15 10:12:25 - post subsetted
[INFO] 2025-05-15 10:12:25 - gasp subsetting not needed
[INFO] 2025-05-15 10:12:25 - FFTM NOT subset; don't know how to subset
[DEBUG] 2025-05-15 10:12:25 - Took 0.000s to subset 'MATH'
[INFO] 2025-05-15 10:12:25 - MATH subsetted
[DEBUG] 2025-05-15 10:12:25 - Reading 'GDEF' table from disk
[DEBUG] 2025-05-15 10:12:25 - Decompiling 'GDEF' table
[DEBUG] 2025-05-15 10:12:25 - Took 0.001s to subset 'GDEF'
[INFO] 2025-05-15 10:12:25 - GDEF subsetted
[INFO] 2025-05-15 10:12:25 - name subsetting not needed
[DEBUG] 2025-05-15 10:12:25 - Took 0.000s to subset 'glyf'
[INFO] 2025-05-15 10:12:25 - glyf subsetted
[DEBUG] 2025-05-15 10:12:25 - Took 0.000s to subset GlyphOrder
[DEBUG] 2025-05-15 10:12:25 - Took 0.000s to prune 'head'
[INFO] 2025-05-15 10:12:25 - head pruned
[DEBUG] 2025-05-15 10:12:25 - Reading 'OS/2' table from disk
[DEBUG] 2025-05-15 10:12:25 - Decompiling 'OS/2' table
[INFO] 2025-05-15 10:12:25 - OS/2 Unicode ranges pruned: [0]
[INFO] 2025-05-15 10:12:25 - OS/2 CodePage ranges pruned: [0]
[DEBUG] 2025-05-15 10:12:25 - Took 0.000s to prune 'glyf'
[INFO] 2025-05-15 10:12:25 - glyf pruned
[DEBUG] 2025-05-15 10:12:25 - Took 0.000s to prune 'GDEF'
[INFO] 2025-05-15 10:12:25 - GDEF pruned
[DEBUG] 2025-05-15 10:12:25 - Reading 'name' table from disk
[DEBUG] 2025-05-15 10:12:25 - Decompiling 'name' table
[DEBUG] 2025-05-15 10:12:25 - Reading 'gasp' table from disk
[DEBUG] 2025-05-15 10:12:25 - Decompiling 'gasp' table
[DEBUG] 2025-05-15 10:12:25 - Reading 'FFTM' table from disk
[DEBUG] 2025-05-15 10:12:25 - Decompiling 'FFTM' table
[DEBUG] 2025-05-15 10:12:25 - Took 0.001s to prune 'name'
[INFO] 2025-05-15 10:12:25 - name pruned
[INFO] 2025-05-15 10:15:19 - [ArticleSearch] Token aanvragen bij https://api.cgk-group.com/api/account/login...
[INFO] 2025-05-15 10:15:19 - [ArticleSearch] Token ontvangen (vervalt in 1800s)
[INFO] 2025-05-15 10:15:19 - [Startup] Vooraf token laden voor StockInfo...
[INFO] 2025-05-15 10:15:19 - [StockInfo] Token aanvragen bij https://api.cgk-group.com/api/account/login...
[INFO] 2025-05-15 10:15:19 - [StockInfo] Token ontvangen (vervalt in 1800s)
[INFO] 2025-05-15 10:42:41 - [ArticleSearch] Token aanvragen bij https://api.cgk-group.com/api/account/login...
[INFO] 2025-05-15 10:42:41 - [ArticleSearch] Token ontvangen (vervalt in 1800s)
[INFO] 2025-05-15 10:42:41 - [Startup] Vooraf token laden voor StockInfo...
[INFO] 2025-05-15 10:42:41 - [StockInfo] Token aanvragen bij https://api.cgk-group.com/api/account/login...
[INFO] 2025-05-15 10:42:41 - [StockInfo] Token ontvangen (vervalt in 1800s)
[DEBUG] 2025-05-15 10:42:49 - Reading 'maxp' table from disk
[DEBUG] 2025-05-15 10:42:49 - Decompiling 'maxp' table
[DEBUG] 2025-05-15 10:42:49 - Took 0.003s to load 'maxp'
[DEBUG] 2025-05-15 10:42:49 - Took 0.000s to prune 'maxp'
[INFO] 2025-05-15 10:42:49 - maxp pruned
[DEBUG] 2025-05-15 10:42:49 - Reading 'cmap' table from disk
[DEBUG] 2025-05-15 10:42:49 - Decompiling 'cmap' table
[DEBUG] 2025-05-15 10:42:49 - Reading 'post' table from disk
[DEBUG] 2025-05-15 10:42:49 - Decompiling 'post' table
[DEBUG] 2025-05-15 10:42:49 - Took 0.004s to load 'cmap'
[DEBUG] 2025-05-15 10:42:49 - Took 0.000s to prune 'cmap'
[INFO] 2025-05-15 10:42:49 - cmap pruned
[INFO] 2025-05-15 10:42:49 - fpgm dropped
[INFO] 2025-05-15 10:42:49 - prep dropped
[INFO] 2025-05-15 10:42:49 - cvt  dropped
[INFO] 2025-05-15 10:42:49 - kern dropped
[DEBUG] 2025-05-15 10:42:49 - Took 0.000s to load 'post'
[DEBUG] 2025-05-15 10:42:49 - Took 0.000s to prune 'post'
[INFO] 2025-05-15 10:42:49 - post pruned
[INFO] 2025-05-15 10:42:49 - GPOS dropped
[INFO] 2025-05-15 10:42:49 - GSUB dropped
[DEBUG] 2025-05-15 10:42:49 - Reading 'glyf' table from disk
[DEBUG] 2025-05-15 10:42:49 - Decompiling 'glyf' table
[DEBUG] 2025-05-15 10:42:49 - Reading 'loca' table from disk
[DEBUG] 2025-05-15 10:42:49 - Decompiling 'loca' table
[DEBUG] 2025-05-15 10:42:49 - Reading 'head' table from disk
[DEBUG] 2025-05-15 10:42:49 - Decompiling 'head' table
[DEBUG] 2025-05-15 10:42:49 - Took 0.004s to load 'glyf'
[DEBUG] 2025-05-15 10:42:49 - Took 0.000s to prune 'glyf'
[INFO] 2025-05-15 10:42:49 - glyf pruned
[DEBUG] 2025-05-15 10:42:49 - Took 0.000s to close glyph list over 'cmap'
[INFO] 2025-05-15 10:42:49 - Added gid0 to subset
[INFO] 2025-05-15 10:42:49 - Closing glyph list over 'glyf': 24 glyphs before
[INFO] 2025-05-15 10:42:49 - Glyph names: ['.notdef', 'B', 'C', 'M', 'S', 'a', 'c', 'e', 'five', 'hyphen', 'i', 'l', 'm', 'n', 'o', 'r', 's', 'space', 't', 'two', 'u', 'v', 'y', 'zero']
[INFO] 2025-05-15 10:42:49 - Glyph IDs:   [0, 3, 16, 19, 21, 24, 37, 38, 48, 54, 68, 70, 72, 76, 79, 80, 81, 82, 85, 86, 87, 88, 89, 92]
[INFO] 2025-05-15 10:42:49 - Closed glyph list over 'glyf': 24 glyphs after
[INFO] 2025-05-15 10:42:49 - Glyph names: ['.notdef', 'B', 'C', 'M', 'S', 'a', 'c', 'e', 'five', 'hyphen', 'i', 'l', 'm', 'n', 'o', 'r', 's', 'space', 't', 'two', 'u', 'v', 'y', 'zero']
[INFO] 2025-05-15 10:42:49 - Glyph IDs:   [0, 3, 16, 19, 21, 24, 37, 38, 48, 54, 68, 70, 72, 76, 79, 80, 81, 82, 85, 86, 87, 88, 89, 92]
[DEBUG] 2025-05-15 10:42:49 - Took 0.001s to close glyph list over 'glyf'
[INFO] 2025-05-15 10:42:49 - Retaining 24 glyphs
[INFO] 2025-05-15 10:42:49 - head subsetting not needed
[INFO] 2025-05-15 10:42:49 - hhea subsetting not needed
[INFO] 2025-05-15 10:42:49 - maxp subsetting not needed
[INFO] 2025-05-15 10:42:49 - OS/2 subsetting not needed
[DEBUG] 2025-05-15 10:42:49 - Reading 'hmtx' table from disk
[DEBUG] 2025-05-15 10:42:49 - Decompiling 'hmtx' table
[DEBUG] 2025-05-15 10:42:49 - Reading 'hhea' table from disk
[DEBUG] 2025-05-15 10:42:49 - Decompiling 'hhea' table
[DEBUG] 2025-05-15 10:42:49 - Took 0.001s to subset 'hmtx'
[INFO] 2025-05-15 10:42:49 - hmtx subsetted
[DEBUG] 2025-05-15 10:42:49 - Took 0.001s to subset 'cmap'
[INFO] 2025-05-15 10:42:49 - cmap subsetted
[INFO] 2025-05-15 10:42:49 - loca subsetting not needed
[DEBUG] 2025-05-15 10:42:49 - Took 0.000s to subset 'post'
[INFO] 2025-05-15 10:42:49 - post subsetted
[INFO] 2025-05-15 10:42:49 - gasp subsetting not needed
[INFO] 2025-05-15 10:42:49 - FFTM NOT subset; don't know how to subset
[DEBUG] 2025-05-15 10:42:49 - Reading 'GDEF' table from disk
[DEBUG] 2025-05-15 10:42:49 - Decompiling 'GDEF' table
[DEBUG] 2025-05-15 10:42:49 - Took 0.009s to subset 'GDEF'
[INFO] 2025-05-15 10:42:49 - GDEF subsetted
[INFO] 2025-05-15 10:42:49 - name subsetting not needed
[DEBUG] 2025-05-15 10:42:49 - Took 0.001s to subset 'glyf'
[INFO] 2025-05-15 10:42:49 - glyf subsetted
[DEBUG] 2025-05-15 10:42:49 - Took 0.000s to subset GlyphOrder
[DEBUG] 2025-05-15 10:42:49 - Took 0.000s to prune 'head'
[INFO] 2025-05-15 10:42:49 - head pruned
[DEBUG] 2025-05-15 10:42:49 - Reading 'OS/2' table from disk
[DEBUG] 2025-05-15 10:42:49 - Decompiling 'OS/2' table
[INFO] 2025-05-15 10:42:49 - OS/2 Unicode ranges pruned: [0]
[INFO] 2025-05-15 10:42:49 - OS/2 CodePage ranges pruned: [0]
[DEBUG] 2025-05-15 10:42:49 - Took 0.000s to prune 'glyf'
[INFO] 2025-05-15 10:42:49 - glyf pruned
[DEBUG] 2025-05-15 10:42:49 - Took 0.000s to prune 'GDEF'
[INFO] 2025-05-15 10:42:49 - GDEF pruned
[DEBUG] 2025-05-15 10:42:49 - Reading 'name' table from disk
[DEBUG] 2025-05-15 10:42:49 - Decompiling 'name' table
[DEBUG] 2025-05-15 10:42:49 - Reading 'gasp' table from disk
[DEBUG] 2025-05-15 10:42:49 - Decompiling 'gasp' table
[DEBUG] 2025-05-15 10:42:49 - Reading 'FFTM' table from disk
[DEBUG] 2025-05-15 10:42:49 - Decompiling 'FFTM' table
[DEBUG] 2025-05-15 10:42:49 - Took 0.004s to prune 'name'
[INFO] 2025-05-15 10:42:49 - name pruned
[DEBUG] 2025-05-15 10:42:49 - Reading 'maxp' table from disk
[DEBUG] 2025-05-15 10:42:49 - Decompiling 'maxp' table
[DEBUG] 2025-05-15 10:42:49 - Took 0.001s to load 'maxp'
[DEBUG] 2025-05-15 10:42:49 - Took 0.000s to prune 'maxp'
[INFO] 2025-05-15 10:42:49 - maxp pruned
[DEBUG] 2025-05-15 10:42:49 - Reading 'cmap' table from disk
[DEBUG] 2025-05-15 10:42:49 - Decompiling 'cmap' table
[DEBUG] 2025-05-15 10:42:49 - Reading 'post' table from disk
[DEBUG] 2025-05-15 10:42:49 - Decompiling 'post' table
[DEBUG] 2025-05-15 10:42:49 - Took 0.006s to load 'cmap'
[DEBUG] 2025-05-15 10:42:49 - Took 0.000s to prune 'cmap'
[INFO] 2025-05-15 10:42:49 - cmap pruned
[INFO] 2025-05-15 10:42:49 - fpgm dropped
[INFO] 2025-05-15 10:42:49 - prep dropped
[INFO] 2025-05-15 10:42:49 - cvt  dropped
[INFO] 2025-05-15 10:42:49 - kern dropped
[DEBUG] 2025-05-15 10:42:49 - Took 0.000s to load 'post'
[DEBUG] 2025-05-15 10:42:49 - Took 0.000s to prune 'post'
[INFO] 2025-05-15 10:42:49 - post pruned
[INFO] 2025-05-15 10:42:49 - GPOS dropped
[INFO] 2025-05-15 10:42:49 - GSUB dropped
[DEBUG] 2025-05-15 10:42:49 - Reading 'glyf' table from disk
[DEBUG] 2025-05-15 10:42:49 - Decompiling 'glyf' table
[DEBUG] 2025-05-15 10:42:49 - Reading 'loca' table from disk
[DEBUG] 2025-05-15 10:42:49 - Decompiling 'loca' table
[DEBUG] 2025-05-15 10:42:49 - Reading 'head' table from disk
[DEBUG] 2025-05-15 10:42:49 - Decompiling 'head' table
[DEBUG] 2025-05-15 10:42:49 - Took 0.010s to load 'glyf'
[DEBUG] 2025-05-15 10:42:49 - Took 0.000s to prune 'glyf'
[INFO] 2025-05-15 10:42:49 - glyf pruned
[DEBUG] 2025-05-15 10:42:49 - Took 0.001s to close glyph list over 'cmap'
[INFO] 2025-05-15 10:42:49 - Added gid0 to subset
[INFO] 2025-05-15 10:42:49 - Closing glyph list over 'MATH': 25 glyphs before
[INFO] 2025-05-15 10:42:49 - Glyph names: ['.notdef', 'A', 'D', 'I', 'S', 'a', 'b', 'colon', 'd', 'e', 'eight', 'five', 'hyphen', 'l', 'n', 'o', 'one', 'p', 'period', 'r', 'space', 't', 'two', 'u', 'zero']
[INFO] 2025-05-15 10:42:49 - Glyph IDs:   [0, 3, 16, 17, 19, 20, 21, 24, 27, 29, 36, 39, 44, 54, 68, 69, 71, 72, 79, 81, 82, 83, 85, 87, 88]
[DEBUG] 2025-05-15 10:42:49 - Reading 'MATH' table from disk
[DEBUG] 2025-05-15 10:42:49 - Decompiling 'MATH' table
[INFO] 2025-05-15 10:42:49 - Closed glyph list over 'MATH': 25 glyphs after
[INFO] 2025-05-15 10:42:49 - Glyph names: ['.notdef', 'A', 'D', 'I', 'S', 'a', 'b', 'colon', 'd', 'e', 'eight', 'five', 'hyphen', 'l', 'n', 'o', 'one', 'p', 'period', 'r', 'space', 't', 'two', 'u', 'zero']
[INFO] 2025-05-15 10:42:49 - Glyph IDs:   [0, 3, 16, 17, 19, 20, 21, 24, 27, 29, 36, 39, 44, 54, 68, 69, 71, 72, 79, 81, 82, 83, 85, 87, 88]
[DEBUG] 2025-05-15 10:42:49 - Took 0.014s to close glyph list over 'MATH'
[INFO] 2025-05-15 10:42:49 - Closing glyph list over 'glyf': 25 glyphs before
[INFO] 2025-05-15 10:42:49 - Glyph names: ['.notdef', 'A', 'D', 'I', 'S', 'a', 'b', 'colon', 'd', 'e', 'eight', 'five', 'hyphen', 'l', 'n', 'o', 'one', 'p', 'period', 'r', 'space', 't', 'two', 'u', 'zero']
[INFO] 2025-05-15 10:42:49 - Glyph IDs:   [0, 3, 16, 17, 19, 20, 21, 24, 27, 29, 36, 39, 44, 54, 68, 69, 71, 72, 79, 81, 82, 83, 85, 87, 88]
[INFO] 2025-05-15 10:42:49 - Closed glyph list over 'glyf': 25 glyphs after
[INFO] 2025-05-15 10:42:49 - Glyph names: ['.notdef', 'A', 'D', 'I', 'S', 'a', 'b', 'colon', 'd', 'e', 'eight', 'five', 'hyphen', 'l', 'n', 'o', 'one', 'p', 'period', 'r', 'space', 't', 'two', 'u', 'zero']
[INFO] 2025-05-15 10:42:49 - Glyph IDs:   [0, 3, 16, 17, 19, 20, 21, 24, 27, 29, 36, 39, 44, 54, 68, 69, 71, 72, 79, 81, 82, 83, 85, 87, 88]
[DEBUG] 2025-05-15 10:42:49 - Took 0.007s to close glyph list over 'glyf'
[INFO] 2025-05-15 10:42:49 - Retaining 25 glyphs
[INFO] 2025-05-15 10:42:49 - head subsetting not needed
[INFO] 2025-05-15 10:42:49 - hhea subsetting not needed
[INFO] 2025-05-15 10:42:49 - maxp subsetting not needed
[INFO] 2025-05-15 10:42:49 - OS/2 subsetting not needed
[DEBUG] 2025-05-15 10:42:49 - Reading 'hmtx' table from disk
[DEBUG] 2025-05-15 10:42:49 - Decompiling 'hmtx' table
[DEBUG] 2025-05-15 10:42:49 - Reading 'hhea' table from disk
[DEBUG] 2025-05-15 10:42:49 - Decompiling 'hhea' table
[DEBUG] 2025-05-15 10:42:49 - Took 0.005s to subset 'hmtx'
[INFO] 2025-05-15 10:42:49 - hmtx subsetted
[DEBUG] 2025-05-15 10:42:49 - Took 0.001s to subset 'cmap'
[INFO] 2025-05-15 10:42:49 - cmap subsetted
[INFO] 2025-05-15 10:42:49 - loca subsetting not needed
[DEBUG] 2025-05-15 10:42:49 - Took 0.000s to subset 'post'
[INFO] 2025-05-15 10:42:49 - post subsetted
[INFO] 2025-05-15 10:42:49 - gasp subsetting not needed
[INFO] 2025-05-15 10:42:49 - FFTM NOT subset; don't know how to subset
[DEBUG] 2025-05-15 10:42:49 - Took 0.000s to subset 'MATH'
[INFO] 2025-05-15 10:42:49 - MATH subsetted
[DEBUG] 2025-05-15 10:42:49 - Reading 'GDEF' table from disk
[DEBUG] 2025-05-15 10:42:49 - Decompiling 'GDEF' table
[DEBUG] 2025-05-15 10:42:49 - Took 0.003s to subset 'GDEF'
[INFO] 2025-05-15 10:42:49 - GDEF subsetted
[INFO] 2025-05-15 10:42:49 - name subsetting not needed
[DEBUG] 2025-05-15 10:42:49 - Took 0.001s to subset 'glyf'
[INFO] 2025-05-15 10:42:49 - glyf subsetted
[DEBUG] 2025-05-15 10:42:49 - Took 0.000s to subset GlyphOrder
[DEBUG] 2025-05-15 10:42:49 - Took 0.000s to prune 'head'
[INFO] 2025-05-15 10:42:49 - head pruned
[DEBUG] 2025-05-15 10:42:49 - Reading 'OS/2' table from disk
[DEBUG] 2025-05-15 10:42:49 - Decompiling 'OS/2' table
[INFO] 2025-05-15 10:42:49 - OS/2 Unicode ranges pruned: [0]
[INFO] 2025-05-15 10:42:49 - OS/2 CodePage ranges pruned: [0]
[DEBUG] 2025-05-15 10:42:49 - Took 0.000s to prune 'glyf'
[INFO] 2025-05-15 10:42:49 - glyf pruned
[DEBUG] 2025-05-15 10:42:49 - Took 0.000s to prune 'GDEF'
[INFO] 2025-05-15 10:42:49 - GDEF pruned
[DEBUG] 2025-05-15 10:42:49 - Reading 'name' table from disk
[DEBUG] 2025-05-15 10:42:49 - Decompiling 'name' table
[DEBUG] 2025-05-15 10:42:49 - Reading 'gasp' table from disk
[DEBUG] 2025-05-15 10:42:49 - Decompiling 'gasp' table
[DEBUG] 2025-05-15 10:42:49 - Reading 'FFTM' table from disk
[DEBUG] 2025-05-15 10:42:49 - Decompiling 'FFTM' table
[DEBUG] 2025-05-15 10:42:49 - Took 0.004s to prune 'name'
[INFO] 2025-05-15 10:42:49 - name pruned
[INFO] 2025-05-15 10:45:44 - [ArticleSearch] Token aanvragen bij https://api.cgk-group.com/api/account/login...
[INFO] 2025-05-15 10:45:44 - [ArticleSearch] Token ontvangen (vervalt in 1800s)
[INFO] 2025-05-15 10:45:44 - [Startup] Vooraf token laden voor StockInfo...
[INFO] 2025-05-15 10:45:44 - [StockInfo] Token aanvragen bij https://api.cgk-group.com/api/account/login...
[INFO] 2025-05-15 10:45:44 - [StockInfo] Token ontvangen (vervalt in 1800s)
[INFO] 2025-05-15 10:47:43 - [ArticleSearch] Token aanvragen bij https://api.cgk-group.com/api/account/login...
[INFO] 2025-05-15 10:47:43 - [ArticleSearch] Token ontvangen (vervalt in 1800s)
[INFO] 2025-05-15 10:47:43 - [Startup] Vooraf token laden voor StockInfo...
[INFO] 2025-05-15 10:47:43 - [StockInfo] Token aanvragen bij https://api.cgk-group.com/api/account/login...
[INFO] 2025-05-15 10:47:43 - [StockInfo] Token ontvangen (vervalt in 1800s)
[INFO] 2025-05-15 10:50:14 - [ArticleSearch] Token aanvragen bij https://api.cgk-group.com/api/account/login...
[INFO] 2025-05-15 10:50:14 - [ArticleSearch] Token ontvangen (vervalt in 1800s)
[INFO] 2025-05-15 10:50:14 - [Startup] Vooraf token laden voor StockInfo...
[INFO] 2025-05-15 10:50:14 - [StockInfo] Token aanvragen bij https://api.cgk-group.com/api/account/login...
[INFO] 2025-05-15 10:50:14 - [StockInfo] Token ontvangen (vervalt in 1800s)
[DEBUG] 2025-05-15 10:50:35 - Reading 'maxp' table from disk
[DEBUG] 2025-05-15 10:50:35 - Decompiling 'maxp' table
[DEBUG] 2025-05-15 10:50:35 - Took 0.001s to load 'maxp'
[DEBUG] 2025-05-15 10:50:35 - Took 0.000s to prune 'maxp'
[INFO] 2025-05-15 10:50:35 - maxp pruned
[DEBUG] 2025-05-15 10:50:35 - Reading 'cmap' table from disk
[DEBUG] 2025-05-15 10:50:35 - Decompiling 'cmap' table
[DEBUG] 2025-05-15 10:50:35 - Reading 'post' table from disk
[DEBUG] 2025-05-15 10:50:35 - Decompiling 'post' table
[DEBUG] 2025-05-15 10:50:35 - Took 0.004s to load 'cmap'
[DEBUG] 2025-05-15 10:50:35 - Took 0.000s to prune 'cmap'
[INFO] 2025-05-15 10:50:35 - cmap pruned
[INFO] 2025-05-15 10:50:35 - fpgm dropped
[INFO] 2025-05-15 10:50:35 - prep dropped
[INFO] 2025-05-15 10:50:35 - cvt  dropped
[INFO] 2025-05-15 10:50:35 - kern dropped
[DEBUG] 2025-05-15 10:50:35 - Took 0.000s to load 'post'
[DEBUG] 2025-05-15 10:50:35 - Took 0.000s to prune 'post'
[INFO] 2025-05-15 10:50:35 - post pruned
[INFO] 2025-05-15 10:50:35 - GPOS dropped
[INFO] 2025-05-15 10:50:35 - GSUB dropped
[DEBUG] 2025-05-15 10:50:35 - Reading 'glyf' table from disk
[DEBUG] 2025-05-15 10:50:35 - Decompiling 'glyf' table
[DEBUG] 2025-05-15 10:50:35 - Reading 'loca' table from disk
[DEBUG] 2025-05-15 10:50:35 - Decompiling 'loca' table
[DEBUG] 2025-05-15 10:50:35 - Reading 'head' table from disk
[DEBUG] 2025-05-15 10:50:35 - Decompiling 'head' table
[DEBUG] 2025-05-15 10:50:35 - Took 0.004s to load 'glyf'
[DEBUG] 2025-05-15 10:50:35 - Took 0.000s to prune 'glyf'
[INFO] 2025-05-15 10:50:35 - glyf pruned
[DEBUG] 2025-05-15 10:50:35 - Took 0.000s to close glyph list over 'cmap'
[INFO] 2025-05-15 10:50:35 - Added gid0 to subset
[INFO] 2025-05-15 10:50:35 - Closing glyph list over 'glyf': 24 glyphs before
[INFO] 2025-05-15 10:50:35 - Glyph names: ['.notdef', 'B', 'C', 'M', 'S', 'a', 'c', 'e', 'five', 'hyphen', 'i', 'l', 'm', 'n', 'o', 'r', 's', 'space', 't', 'two', 'u', 'v', 'y', 'zero']
[INFO] 2025-05-15 10:50:35 - Glyph IDs:   [0, 3, 16, 19, 21, 24, 37, 38, 48, 54, 68, 70, 72, 76, 79, 80, 81, 82, 85, 86, 87, 88, 89, 92]
[INFO] 2025-05-15 10:50:35 - Closed glyph list over 'glyf': 24 glyphs after
[INFO] 2025-05-15 10:50:35 - Glyph names: ['.notdef', 'B', 'C', 'M', 'S', 'a', 'c', 'e', 'five', 'hyphen', 'i', 'l', 'm', 'n', 'o', 'r', 's', 'space', 't', 'two', 'u', 'v', 'y', 'zero']
[INFO] 2025-05-15 10:50:35 - Glyph IDs:   [0, 3, 16, 19, 21, 24, 37, 38, 48, 54, 68, 70, 72, 76, 79, 80, 81, 82, 85, 86, 87, 88, 89, 92]
[DEBUG] 2025-05-15 10:50:35 - Took 0.003s to close glyph list over 'glyf'
[INFO] 2025-05-15 10:50:35 - Retaining 24 glyphs
[INFO] 2025-05-15 10:50:35 - head subsetting not needed
[INFO] 2025-05-15 10:50:35 - hhea subsetting not needed
[INFO] 2025-05-15 10:50:35 - maxp subsetting not needed
[INFO] 2025-05-15 10:50:35 - OS/2 subsetting not needed
[DEBUG] 2025-05-15 10:50:35 - Reading 'hmtx' table from disk
[DEBUG] 2025-05-15 10:50:35 - Decompiling 'hmtx' table
[DEBUG] 2025-05-15 10:50:35 - Reading 'hhea' table from disk
[DEBUG] 2025-05-15 10:50:35 - Decompiling 'hhea' table
[DEBUG] 2025-05-15 10:50:35 - Took 0.002s to subset 'hmtx'
[INFO] 2025-05-15 10:50:35 - hmtx subsetted
[DEBUG] 2025-05-15 10:50:35 - Took 0.001s to subset 'cmap'
[INFO] 2025-05-15 10:50:35 - cmap subsetted
[INFO] 2025-05-15 10:50:35 - loca subsetting not needed
[DEBUG] 2025-05-15 10:50:35 - Took 0.000s to subset 'post'
[INFO] 2025-05-15 10:50:35 - post subsetted
[INFO] 2025-05-15 10:50:35 - gasp subsetting not needed
[INFO] 2025-05-15 10:50:35 - FFTM NOT subset; don't know how to subset
[DEBUG] 2025-05-15 10:50:35 - Reading 'GDEF' table from disk
[DEBUG] 2025-05-15 10:50:35 - Decompiling 'GDEF' table
[DEBUG] 2025-05-15 10:50:35 - Took 0.001s to subset 'GDEF'
[INFO] 2025-05-15 10:50:35 - GDEF subsetted
[INFO] 2025-05-15 10:50:35 - name subsetting not needed
[DEBUG] 2025-05-15 10:50:35 - Took 0.000s to subset 'glyf'
[INFO] 2025-05-15 10:50:35 - glyf subsetted
[DEBUG] 2025-05-15 10:50:35 - Took 0.000s to subset GlyphOrder
[DEBUG] 2025-05-15 10:50:35 - Took 0.000s to prune 'head'
[INFO] 2025-05-15 10:50:35 - head pruned
[DEBUG] 2025-05-15 10:50:35 - Reading 'OS/2' table from disk
[DEBUG] 2025-05-15 10:50:35 - Decompiling 'OS/2' table
[INFO] 2025-05-15 10:50:35 - OS/2 Unicode ranges pruned: [0]
[INFO] 2025-05-15 10:50:35 - OS/2 CodePage ranges pruned: [0]
[DEBUG] 2025-05-15 10:50:35 - Took 0.000s to prune 'glyf'
[INFO] 2025-05-15 10:50:35 - glyf pruned
[DEBUG] 2025-05-15 10:50:35 - Took 0.000s to prune 'GDEF'
[INFO] 2025-05-15 10:50:35 - GDEF pruned
[DEBUG] 2025-05-15 10:50:35 - Reading 'name' table from disk
[DEBUG] 2025-05-15 10:50:35 - Decompiling 'name' table
[DEBUG] 2025-05-15 10:50:35 - Reading 'gasp' table from disk
[DEBUG] 2025-05-15 10:50:35 - Decompiling 'gasp' table
[DEBUG] 2025-05-15 10:50:35 - Reading 'FFTM' table from disk
[DEBUG] 2025-05-15 10:50:35 - Decompiling 'FFTM' table
[DEBUG] 2025-05-15 10:50:35 - Took 0.002s to prune 'name'
[INFO] 2025-05-15 10:50:35 - name pruned
[DEBUG] 2025-05-15 10:50:35 - Reading 'maxp' table from disk
[DEBUG] 2025-05-15 10:50:35 - Decompiling 'maxp' table
[DEBUG] 2025-05-15 10:50:35 - Took 0.001s to load 'maxp'
[DEBUG] 2025-05-15 10:50:35 - Took 0.000s to prune 'maxp'
[INFO] 2025-05-15 10:50:35 - maxp pruned
[DEBUG] 2025-05-15 10:50:35 - Reading 'cmap' table from disk
[DEBUG] 2025-05-15 10:50:35 - Decompiling 'cmap' table
[DEBUG] 2025-05-15 10:50:35 - Reading 'post' table from disk
[DEBUG] 2025-05-15 10:50:35 - Decompiling 'post' table
[DEBUG] 2025-05-15 10:50:35 - Took 0.004s to load 'cmap'
[DEBUG] 2025-05-15 10:50:35 - Took 0.000s to prune 'cmap'
[INFO] 2025-05-15 10:50:35 - cmap pruned
[INFO] 2025-05-15 10:50:35 - fpgm dropped
[INFO] 2025-05-15 10:50:35 - prep dropped
[INFO] 2025-05-15 10:50:35 - cvt  dropped
[INFO] 2025-05-15 10:50:35 - kern dropped
[DEBUG] 2025-05-15 10:50:35 - Took 0.000s to load 'post'
[DEBUG] 2025-05-15 10:50:35 - Took 0.000s to prune 'post'
[INFO] 2025-05-15 10:50:35 - post pruned
[INFO] 2025-05-15 10:50:35 - GPOS dropped
[INFO] 2025-05-15 10:50:35 - GSUB dropped
[DEBUG] 2025-05-15 10:50:35 - Reading 'glyf' table from disk
[DEBUG] 2025-05-15 10:50:35 - Decompiling 'glyf' table
[DEBUG] 2025-05-15 10:50:35 - Reading 'loca' table from disk
[DEBUG] 2025-05-15 10:50:35 - Decompiling 'loca' table
[DEBUG] 2025-05-15 10:50:35 - Reading 'head' table from disk
[DEBUG] 2025-05-15 10:50:35 - Decompiling 'head' table
[DEBUG] 2025-05-15 10:50:35 - Took 0.003s to load 'glyf'
[DEBUG] 2025-05-15 10:50:35 - Took 0.000s to prune 'glyf'
[INFO] 2025-05-15 10:50:35 - glyf pruned
[DEBUG] 2025-05-15 10:50:35 - Took 0.000s to close glyph list over 'cmap'
[INFO] 2025-05-15 10:50:35 - Added gid0 to subset
[INFO] 2025-05-15 10:50:35 - Closing glyph list over 'MATH': 25 glyphs before
[INFO] 2025-05-15 10:50:35 - Glyph names: ['.notdef', 'A', 'D', 'I', 'S', 'a', 'b', 'colon', 'd', 'e', 'eight', 'five', 'hyphen', 'l', 'n', 'o', 'one', 'p', 'period', 'r', 'space', 't', 'two', 'u', 'zero']
[INFO] 2025-05-15 10:50:35 - Glyph IDs:   [0, 3, 16, 17, 19, 20, 21, 24, 27, 29, 36, 39, 44, 54, 68, 69, 71, 72, 79, 81, 82, 83, 85, 87, 88]
[DEBUG] 2025-05-15 10:50:35 - Reading 'MATH' table from disk
[DEBUG] 2025-05-15 10:50:35 - Decompiling 'MATH' table
[INFO] 2025-05-15 10:50:35 - Closed glyph list over 'MATH': 25 glyphs after
[INFO] 2025-05-15 10:50:35 - Glyph names: ['.notdef', 'A', 'D', 'I', 'S', 'a', 'b', 'colon', 'd', 'e', 'eight', 'five', 'hyphen', 'l', 'n', 'o', 'one', 'p', 'period', 'r', 'space', 't', 'two', 'u', 'zero']
[INFO] 2025-05-15 10:50:35 - Glyph IDs:   [0, 3, 16, 17, 19, 20, 21, 24, 27, 29, 36, 39, 44, 54, 68, 69, 71, 72, 79, 81, 82, 83, 85, 87, 88]
[DEBUG] 2025-05-15 10:50:35 - Took 0.003s to close glyph list over 'MATH'
[INFO] 2025-05-15 10:50:35 - Closing glyph list over 'glyf': 25 glyphs before
[INFO] 2025-05-15 10:50:35 - Glyph names: ['.notdef', 'A', 'D', 'I', 'S', 'a', 'b', 'colon', 'd', 'e', 'eight', 'five', 'hyphen', 'l', 'n', 'o', 'one', 'p', 'period', 'r', 'space', 't', 'two', 'u', 'zero']
[INFO] 2025-05-15 10:50:35 - Glyph IDs:   [0, 3, 16, 17, 19, 20, 21, 24, 27, 29, 36, 39, 44, 54, 68, 69, 71, 72, 79, 81, 82, 83, 85, 87, 88]
[INFO] 2025-05-15 10:50:35 - Closed glyph list over 'glyf': 25 glyphs after
[INFO] 2025-05-15 10:50:35 - Glyph names: ['.notdef', 'A', 'D', 'I', 'S', 'a', 'b', 'colon', 'd', 'e', 'eight', 'five', 'hyphen', 'l', 'n', 'o', 'one', 'p', 'period', 'r', 'space', 't', 'two', 'u', 'zero']
[INFO] 2025-05-15 10:50:35 - Glyph IDs:   [0, 3, 16, 17, 19, 20, 21, 24, 27, 29, 36, 39, 44, 54, 68, 69, 71, 72, 79, 81, 82, 83, 85, 87, 88]
[DEBUG] 2025-05-15 10:50:35 - Took 0.002s to close glyph list over 'glyf'
[INFO] 2025-05-15 10:50:35 - Retaining 25 glyphs
[INFO] 2025-05-15 10:50:35 - head subsetting not needed
[INFO] 2025-05-15 10:50:35 - hhea subsetting not needed
[INFO] 2025-05-15 10:50:35 - maxp subsetting not needed
[INFO] 2025-05-15 10:50:35 - OS/2 subsetting not needed
[DEBUG] 2025-05-15 10:50:35 - Reading 'hmtx' table from disk
[DEBUG] 2025-05-15 10:50:35 - Decompiling 'hmtx' table
[DEBUG] 2025-05-15 10:50:35 - Reading 'hhea' table from disk
[DEBUG] 2025-05-15 10:50:35 - Decompiling 'hhea' table
[DEBUG] 2025-05-15 10:50:35 - Took 0.002s to subset 'hmtx'
[INFO] 2025-05-15 10:50:35 - hmtx subsetted
[DEBUG] 2025-05-15 10:50:35 - Took 0.001s to subset 'cmap'
[INFO] 2025-05-15 10:50:35 - cmap subsetted
[INFO] 2025-05-15 10:50:35 - loca subsetting not needed
[DEBUG] 2025-05-15 10:50:35 - Took 0.000s to subset 'post'
[INFO] 2025-05-15 10:50:35 - post subsetted
[INFO] 2025-05-15 10:50:35 - gasp subsetting not needed
[INFO] 2025-05-15 10:50:35 - FFTM NOT subset; don't know how to subset
[DEBUG] 2025-05-15 10:50:35 - Took 0.000s to subset 'MATH'
[INFO] 2025-05-15 10:50:35 - MATH subsetted
[DEBUG] 2025-05-15 10:50:35 - Reading 'GDEF' table from disk
[DEBUG] 2025-05-15 10:50:35 - Decompiling 'GDEF' table
[DEBUG] 2025-05-15 10:50:35 - Took 0.002s to subset 'GDEF'
[INFO] 2025-05-15 10:50:35 - GDEF subsetted
[INFO] 2025-05-15 10:50:35 - name subsetting not needed
[DEBUG] 2025-05-15 10:50:35 - Took 0.000s to subset 'glyf'
[INFO] 2025-05-15 10:50:35 - glyf subsetted
[DEBUG] 2025-05-15 10:50:35 - Took 0.000s to subset GlyphOrder
[DEBUG] 2025-05-15 10:50:35 - Took 0.000s to prune 'head'
[INFO] 2025-05-15 10:50:35 - head pruned
[DEBUG] 2025-05-15 10:50:35 - Reading 'OS/2' table from disk
[DEBUG] 2025-05-15 10:50:35 - Decompiling 'OS/2' table
[INFO] 2025-05-15 10:50:35 - OS/2 Unicode ranges pruned: [0]
[INFO] 2025-05-15 10:50:35 - OS/2 CodePage ranges pruned: [0]
[DEBUG] 2025-05-15 10:50:35 - Took 0.000s to prune 'glyf'
[INFO] 2025-05-15 10:50:35 - glyf pruned
[DEBUG] 2025-05-15 10:50:35 - Took 0.000s to prune 'GDEF'
[INFO] 2025-05-15 10:50:35 - GDEF pruned
[DEBUG] 2025-05-15 10:50:35 - Reading 'name' table from disk
[DEBUG] 2025-05-15 10:50:35 - Decompiling 'name' table
[DEBUG] 2025-05-15 10:50:35 - Reading 'gasp' table from disk
[DEBUG] 2025-05-15 10:50:35 - Decompiling 'gasp' table
[DEBUG] 2025-05-15 10:50:35 - Reading 'FFTM' table from disk
[DEBUG] 2025-05-15 10:50:35 - Decompiling 'FFTM' table
[DEBUG] 2025-05-15 10:50:35 - Took 0.003s to prune 'name'
[INFO] 2025-05-15 10:50:35 - name pruned
[INFO] 2025-05-15 11:46:58 - [ArticleSearch] Token aanvragen bij https://api.cgk-group.com/api/account/login...
[INFO] 2025-05-15 11:46:58 - [ArticleSearch] Token ontvangen (vervalt in 1800s)
[INFO] 2025-05-15 11:46:58 - [Startup] Vooraf token laden voor StockInfo...
[INFO] 2025-05-15 11:46:58 - [StockInfo] Token aanvragen bij https://api.cgk-group.com/api/account/login...
[INFO] 2025-05-15 11:46:58 - [StockInfo] Token ontvangen (vervalt in 1800s)
[INFO] 2025-05-15 12:03:10 - [ArticleSearch] Token aanvragen bij https://api.cgk-group.com/api/account/login...
[INFO] 2025-05-15 12:03:10 - [ArticleSearch] Token ontvangen (vervalt in 1800s)
[INFO] 2025-05-15 12:03:10 - [Startup] Vooraf token laden voor StockInfo...
[INFO] 2025-05-15 12:03:10 - [StockInfo] Token aanvragen bij https://api.cgk-group.com/api/account/login...
[INFO] 2025-05-15 12:03:10 - [StockInfo] Token ontvangen (vervalt in 1800s)
[INFO] 2025-05-15 12:13:33 - [ArticleSearch] Token aanvragen bij https://api.cgk-group.com/api/account/login...
[INFO] 2025-05-15 12:13:33 - [ArticleSearch] Token ontvangen (vervalt in 1800s)
[INFO] 2025-05-15 12:13:33 - [Startup] Vooraf token laden voor StockInfo...
[INFO] 2025-05-15 12:13:33 - [StockInfo] Token aanvragen bij https://api.cgk-group.com/api/account/login...
[INFO] 2025-05-15 12:13:33 - [StockInfo] Token ontvangen (vervalt in 1800s)
[INFO] 2025-05-15 12:23:53 - [ArticleSearch] Token aanvragen bij https://api.cgk-group.com/api/account/login...
[INFO] 2025-05-15 12:23:53 - [ArticleSearch] Token ontvangen (vervalt in 1800s)
[INFO] 2025-05-15 12:23:53 - [Startup] Vooraf token laden voor StockInfo...
[INFO] 2025-05-15 12:23:53 - [StockInfo] Token aanvragen bij https://api.cgk-group.com/api/account/login...
[INFO] 2025-05-15 12:23:53 - [StockInfo] Token ontvangen (vervalt in 1800s)
[INFO] 2025-05-15 12:28:04 - [ArticleSearch] Token aanvragen bij https://api.cgk-group.com/api/account/login...
[INFO] 2025-05-15 12:28:04 - [ArticleSearch] Token ontvangen (vervalt in 1800s)
[INFO] 2025-05-15 12:28:04 - [Startup] Vooraf token laden voor StockInfo...
[INFO] 2025-05-15 12:28:04 - [StockInfo] Token aanvragen bij https://api.cgk-group.com/api/account/login...
[INFO] 2025-05-15 12:28:04 - [StockInfo] Token ontvangen (vervalt in 1800s)
[INFO] 2025-05-15 13:26:14 - [ArticleSearch] Token aanvragen bij https://api.cgk-group.com/api/account/login...
[INFO] 2025-05-15 13:26:14 - [ArticleSearch] Token ontvangen (vervalt in 1800s)
[INFO] 2025-05-15 13:26:15 - [Startup] Vooraf token laden voor StockInfo...
[INFO] 2025-05-15 13:26:15 - [StockInfo] Token aanvragen bij https://api.cgk-group.com/api/account/login...
[INFO] 2025-05-15 13:26:15 - [StockInfo] Token ontvangen (vervalt in 1800s)
[INFO] 2025-05-15 13:27:14 - [ArticleSearch] Token aanvragen bij https://api.cgk-group.com/api/account/login...
[INFO] 2025-05-15 13:27:15 - [ArticleSearch] Token ontvangen (vervalt in 1800s)
[INFO] 2025-05-15 13:27:15 - [Startup] Vooraf token laden voor StockInfo...
[INFO] 2025-05-15 13:27:15 - [StockInfo] Token aanvragen bij https://api.cgk-group.com/api/account/login...
[INFO] 2025-05-15 13:27:15 - [StockInfo] Token ontvangen (vervalt in 1800s)
[DEBUG] 2025-05-15 13:28:55 - Reading 'maxp' table from disk
[DEBUG] 2025-05-15 13:28:55 - Decompiling 'maxp' table
[DEBUG] 2025-05-15 13:28:55 - Took 0.001s to load 'maxp'
[DEBUG] 2025-05-15 13:28:55 - Took 0.000s to prune 'maxp'
[INFO] 2025-05-15 13:28:55 - maxp pruned
[DEBUG] 2025-05-15 13:28:55 - Reading 'cmap' table from disk
[DEBUG] 2025-05-15 13:28:55 - Decompiling 'cmap' table
[DEBUG] 2025-05-15 13:28:55 - Reading 'post' table from disk
[DEBUG] 2025-05-15 13:28:55 - Decompiling 'post' table
[DEBUG] 2025-05-15 13:28:55 - Took 0.004s to load 'cmap'
[DEBUG] 2025-05-15 13:28:55 - Took 0.000s to prune 'cmap'
[INFO] 2025-05-15 13:28:55 - cmap pruned
[INFO] 2025-05-15 13:28:55 - fpgm dropped
[INFO] 2025-05-15 13:28:55 - prep dropped
[INFO] 2025-05-15 13:28:55 - cvt  dropped
[INFO] 2025-05-15 13:28:55 - kern dropped
[DEBUG] 2025-05-15 13:28:55 - Took 0.000s to load 'post'
[DEBUG] 2025-05-15 13:28:55 - Took 0.000s to prune 'post'
[INFO] 2025-05-15 13:28:55 - post pruned
[INFO] 2025-05-15 13:28:55 - GPOS dropped
[INFO] 2025-05-15 13:28:55 - GSUB dropped
[DEBUG] 2025-05-15 13:28:55 - Reading 'glyf' table from disk
[DEBUG] 2025-05-15 13:28:55 - Decompiling 'glyf' table
[DEBUG] 2025-05-15 13:28:55 - Reading 'loca' table from disk
[DEBUG] 2025-05-15 13:28:55 - Decompiling 'loca' table
[DEBUG] 2025-05-15 13:28:55 - Reading 'head' table from disk
[DEBUG] 2025-05-15 13:28:55 - Decompiling 'head' table
[DEBUG] 2025-05-15 13:28:55 - Took 0.002s to load 'glyf'
[DEBUG] 2025-05-15 13:28:55 - Took 0.000s to prune 'glyf'
[INFO] 2025-05-15 13:28:55 - glyf pruned
[DEBUG] 2025-05-15 13:28:55 - Took 0.000s to close glyph list over 'cmap'
[INFO] 2025-05-15 13:28:55 - Added gid0 to subset
[INFO] 2025-05-15 13:28:55 - Closing glyph list over 'glyf': 20 glyphs before
[INFO] 2025-05-15 13:28:55 - Glyph names: ['.notdef', 'Oslash', 'P', 'S', 'a', 'e', 'f', 'fi', 'five', 'g', 'hyphen', 'i', 'l', 'm', 'n', 'o', 'space', 't', 'three', 'v']
[INFO] 2025-05-15 13:28:55 - Glyph IDs:   [0, 3, 16, 22, 24, 51, 54, 68, 72, 73, 74, 76, 79, 80, 81, 82, 87, 89, 154, 3297]
[INFO] 2025-05-15 13:28:55 - Closed glyph list over 'glyf': 20 glyphs after
[INFO] 2025-05-15 13:28:55 - Glyph names: ['.notdef', 'Oslash', 'P', 'S', 'a', 'e', 'f', 'fi', 'five', 'g', 'hyphen', 'i', 'l', 'm', 'n', 'o', 'space', 't', 'three', 'v']
[INFO] 2025-05-15 13:28:55 - Glyph IDs:   [0, 3, 16, 22, 24, 51, 54, 68, 72, 73, 74, 76, 79, 80, 81, 82, 87, 89, 154, 3297]
[DEBUG] 2025-05-15 13:28:55 - Took 0.001s to close glyph list over 'glyf'
[INFO] 2025-05-15 13:28:55 - Retaining 20 glyphs
[INFO] 2025-05-15 13:28:55 - head subsetting not needed
[INFO] 2025-05-15 13:28:55 - hhea subsetting not needed
[INFO] 2025-05-15 13:28:55 - maxp subsetting not needed
[INFO] 2025-05-15 13:28:55 - OS/2 subsetting not needed
[DEBUG] 2025-05-15 13:28:55 - Reading 'hmtx' table from disk
[DEBUG] 2025-05-15 13:28:55 - Decompiling 'hmtx' table
[DEBUG] 2025-05-15 13:28:55 - Reading 'hhea' table from disk
[DEBUG] 2025-05-15 13:28:55 - Decompiling 'hhea' table
[DEBUG] 2025-05-15 13:28:55 - Took 0.002s to subset 'hmtx'
[INFO] 2025-05-15 13:28:55 - hmtx subsetted
[DEBUG] 2025-05-15 13:28:55 - Took 0.001s to subset 'cmap'
[INFO] 2025-05-15 13:28:55 - cmap subsetted
[INFO] 2025-05-15 13:28:55 - loca subsetting not needed
[DEBUG] 2025-05-15 13:28:55 - Took 0.000s to subset 'post'
[INFO] 2025-05-15 13:28:55 - post subsetted
[INFO] 2025-05-15 13:28:55 - gasp subsetting not needed
[INFO] 2025-05-15 13:28:55 - FFTM NOT subset; don't know how to subset
[DEBUG] 2025-05-15 13:28:55 - Reading 'GDEF' table from disk
[DEBUG] 2025-05-15 13:28:55 - Decompiling 'GDEF' table
[DEBUG] 2025-05-15 13:28:55 - Took 0.010s to subset 'GDEF'
[INFO] 2025-05-15 13:28:55 - GDEF subsetted
[INFO] 2025-05-15 13:28:55 - name subsetting not needed
[DEBUG] 2025-05-15 13:28:55 - Took 0.001s to subset 'glyf'
[INFO] 2025-05-15 13:28:55 - glyf subsetted
[DEBUG] 2025-05-15 13:28:55 - Took 0.000s to subset GlyphOrder
[DEBUG] 2025-05-15 13:28:55 - Took 0.000s to prune 'head'
[INFO] 2025-05-15 13:28:55 - head pruned
[DEBUG] 2025-05-15 13:28:55 - Reading 'OS/2' table from disk
[DEBUG] 2025-05-15 13:28:55 - Decompiling 'OS/2' table
[INFO] 2025-05-15 13:28:55 - OS/2 Unicode ranges pruned: [0, 1, 62]
[INFO] 2025-05-15 13:28:55 - OS/2 CodePage ranges pruned: [0]
[DEBUG] 2025-05-15 13:28:55 - Took 0.000s to prune 'glyf'
[INFO] 2025-05-15 13:28:55 - glyf pruned
[DEBUG] 2025-05-15 13:28:55 - Took 0.000s to prune 'GDEF'
[INFO] 2025-05-15 13:28:55 - GDEF pruned
[DEBUG] 2025-05-15 13:28:55 - Reading 'name' table from disk
[DEBUG] 2025-05-15 13:28:55 - Decompiling 'name' table
[DEBUG] 2025-05-15 13:28:55 - Reading 'gasp' table from disk
[DEBUG] 2025-05-15 13:28:55 - Decompiling 'gasp' table
[DEBUG] 2025-05-15 13:28:55 - Reading 'FFTM' table from disk
[DEBUG] 2025-05-15 13:28:55 - Decompiling 'FFTM' table
[DEBUG] 2025-05-15 13:28:55 - Took 0.002s to prune 'name'
[INFO] 2025-05-15 13:28:55 - name pruned
[DEBUG] 2025-05-15 13:28:55 - Reading 'maxp' table from disk
[DEBUG] 2025-05-15 13:28:55 - Decompiling 'maxp' table
[DEBUG] 2025-05-15 13:28:55 - Took 0.000s to load 'maxp'
[DEBUG] 2025-05-15 13:28:55 - Took 0.000s to prune 'maxp'
[INFO] 2025-05-15 13:28:55 - maxp pruned
[DEBUG] 2025-05-15 13:28:55 - Reading 'cmap' table from disk
[DEBUG] 2025-05-15 13:28:55 - Decompiling 'cmap' table
[DEBUG] 2025-05-15 13:28:55 - Reading 'post' table from disk
[DEBUG] 2025-05-15 13:28:55 - Decompiling 'post' table
[DEBUG] 2025-05-15 13:28:55 - Took 0.003s to load 'cmap'
[DEBUG] 2025-05-15 13:28:55 - Took 0.000s to prune 'cmap'
[INFO] 2025-05-15 13:28:55 - cmap pruned
[INFO] 2025-05-15 13:28:55 - fpgm dropped
[INFO] 2025-05-15 13:28:55 - prep dropped
[INFO] 2025-05-15 13:28:55 - cvt  dropped
[INFO] 2025-05-15 13:28:55 - kern dropped
[DEBUG] 2025-05-15 13:28:55 - Took 0.000s to load 'post'
[DEBUG] 2025-05-15 13:28:55 - Took 0.000s to prune 'post'
[INFO] 2025-05-15 13:28:55 - post pruned
[INFO] 2025-05-15 13:28:55 - GPOS dropped
[INFO] 2025-05-15 13:28:55 - GSUB dropped
[DEBUG] 2025-05-15 13:28:55 - Reading 'glyf' table from disk
[DEBUG] 2025-05-15 13:28:55 - Decompiling 'glyf' table
[DEBUG] 2025-05-15 13:28:55 - Reading 'loca' table from disk
[DEBUG] 2025-05-15 13:28:55 - Decompiling 'loca' table
[DEBUG] 2025-05-15 13:28:55 - Reading 'head' table from disk
[DEBUG] 2025-05-15 13:28:55 - Decompiling 'head' table
[DEBUG] 2025-05-15 13:28:55 - Took 0.002s to load 'glyf'
[DEBUG] 2025-05-15 13:28:55 - Took 0.000s to prune 'glyf'
[INFO] 2025-05-15 13:28:55 - glyf pruned
[DEBUG] 2025-05-15 13:28:55 - Took 0.000s to close glyph list over 'cmap'
[INFO] 2025-05-15 13:28:55 - Added gid0 to subset
[INFO] 2025-05-15 13:28:55 - Closing glyph list over 'MATH': 28 glyphs before
[INFO] 2025-05-15 13:28:55 - Glyph names: ['.notdef', 'A', 'D', 'I', 'S', 'a', 'b', 'colon', 'd', 'e', 'eight', 'five', 'hyphen', 'l', 'n', 'o', 'one', 'p', 'period', 'r', 'seven', 'six', 'space', 't', 'three', 'two', 'u', 'zero']
[INFO] 2025-05-15 13:28:55 - Glyph IDs:   [0, 3, 16, 17, 19, 20, 21, 22, 24, 25, 26, 27, 29, 36, 39, 44, 54, 68, 69, 71, 72, 79, 81, 82, 83, 85, 87, 88]
[DEBUG] 2025-05-15 13:28:55 - Reading 'MATH' table from disk
[DEBUG] 2025-05-15 13:28:55 - Decompiling 'MATH' table
[INFO] 2025-05-15 13:28:55 - Closed glyph list over 'MATH': 28 glyphs after
[INFO] 2025-05-15 13:28:55 - Glyph names: ['.notdef', 'A', 'D', 'I', 'S', 'a', 'b', 'colon', 'd', 'e', 'eight', 'five', 'hyphen', 'l', 'n', 'o', 'one', 'p', 'period', 'r', 'seven', 'six', 'space', 't', 'three', 'two', 'u', 'zero']
[INFO] 2025-05-15 13:28:55 - Glyph IDs:   [0, 3, 16, 17, 19, 20, 21, 22, 24, 25, 26, 27, 29, 36, 39, 44, 54, 68, 69, 71, 72, 79, 81, 82, 83, 85, 87, 88]
[DEBUG] 2025-05-15 13:28:55 - Took 0.002s to close glyph list over 'MATH'
[INFO] 2025-05-15 13:28:55 - Closing glyph list over 'glyf': 28 glyphs before
[INFO] 2025-05-15 13:28:55 - Glyph names: ['.notdef', 'A', 'D', 'I', 'S', 'a', 'b', 'colon', 'd', 'e', 'eight', 'five', 'hyphen', 'l', 'n', 'o', 'one', 'p', 'period', 'r', 'seven', 'six', 'space', 't', 'three', 'two', 'u', 'zero']
[INFO] 2025-05-15 13:28:55 - Glyph IDs:   [0, 3, 16, 17, 19, 20, 21, 22, 24, 25, 26, 27, 29, 36, 39, 44, 54, 68, 69, 71, 72, 79, 81, 82, 83, 85, 87, 88]
[INFO] 2025-05-15 13:28:55 - Closed glyph list over 'glyf': 28 glyphs after
[INFO] 2025-05-15 13:28:55 - Glyph names: ['.notdef', 'A', 'D', 'I', 'S', 'a', 'b', 'colon', 'd', 'e', 'eight', 'five', 'hyphen', 'l', 'n', 'o', 'one', 'p', 'period', 'r', 'seven', 'six', 'space', 't', 'three', 'two', 'u', 'zero']
[INFO] 2025-05-15 13:28:55 - Glyph IDs:   [0, 3, 16, 17, 19, 20, 21, 22, 24, 25, 26, 27, 29, 36, 39, 44, 54, 68, 69, 71, 72, 79, 81, 82, 83, 85, 87, 88]
[DEBUG] 2025-05-15 13:28:55 - Took 0.001s to close glyph list over 'glyf'
[INFO] 2025-05-15 13:28:55 - Retaining 28 glyphs
[INFO] 2025-05-15 13:28:55 - head subsetting not needed
[INFO] 2025-05-15 13:28:55 - hhea subsetting not needed
[INFO] 2025-05-15 13:28:55 - maxp subsetting not needed
[INFO] 2025-05-15 13:28:55 - OS/2 subsetting not needed
[DEBUG] 2025-05-15 13:28:55 - Reading 'hmtx' table from disk
[DEBUG] 2025-05-15 13:28:55 - Decompiling 'hmtx' table
[DEBUG] 2025-05-15 13:28:55 - Reading 'hhea' table from disk
[DEBUG] 2025-05-15 13:28:55 - Decompiling 'hhea' table
[DEBUG] 2025-05-15 13:28:55 - Took 0.002s to subset 'hmtx'
[INFO] 2025-05-15 13:28:55 - hmtx subsetted
[DEBUG] 2025-05-15 13:28:55 - Took 0.001s to subset 'cmap'
[INFO] 2025-05-15 13:28:55 - cmap subsetted
[INFO] 2025-05-15 13:28:55 - loca subsetting not needed
[DEBUG] 2025-05-15 13:28:55 - Took 0.000s to subset 'post'
[INFO] 2025-05-15 13:28:55 - post subsetted
[INFO] 2025-05-15 13:28:55 - gasp subsetting not needed
[INFO] 2025-05-15 13:28:55 - FFTM NOT subset; don't know how to subset
[DEBUG] 2025-05-15 13:28:55 - Took 0.000s to subset 'MATH'
[INFO] 2025-05-15 13:28:55 - MATH subsetted
[DEBUG] 2025-05-15 13:28:55 - Reading 'GDEF' table from disk
[DEBUG] 2025-05-15 13:28:55 - Decompiling 'GDEF' table
[DEBUG] 2025-05-15 13:28:55 - Took 0.001s to subset 'GDEF'
[INFO] 2025-05-15 13:28:55 - GDEF subsetted
[INFO] 2025-05-15 13:28:55 - name subsetting not needed
[DEBUG] 2025-05-15 13:28:55 - Took 0.000s to subset 'glyf'
[INFO] 2025-05-15 13:28:55 - glyf subsetted
[DEBUG] 2025-05-15 13:28:55 - Took 0.000s to subset GlyphOrder
[DEBUG] 2025-05-15 13:28:55 - Took 0.000s to prune 'head'
[INFO] 2025-05-15 13:28:55 - head pruned
[DEBUG] 2025-05-15 13:28:55 - Reading 'OS/2' table from disk
[DEBUG] 2025-05-15 13:28:55 - Decompiling 'OS/2' table
[INFO] 2025-05-15 13:28:55 - OS/2 Unicode ranges pruned: [0]
[INFO] 2025-05-15 13:28:55 - OS/2 CodePage ranges pruned: [0]
[DEBUG] 2025-05-15 13:28:55 - Took 0.000s to prune 'glyf'
[INFO] 2025-05-15 13:28:55 - glyf pruned
[DEBUG] 2025-05-15 13:28:55 - Took 0.000s to prune 'GDEF'
[INFO] 2025-05-15 13:28:55 - GDEF pruned
[DEBUG] 2025-05-15 13:28:55 - Reading 'name' table from disk
[DEBUG] 2025-05-15 13:28:55 - Decompiling 'name' table
[DEBUG] 2025-05-15 13:28:55 - Reading 'gasp' table from disk
[DEBUG] 2025-05-15 13:28:55 - Decompiling 'gasp' table
[DEBUG] 2025-05-15 13:28:55 - Reading 'FFTM' table from disk
[DEBUG] 2025-05-15 13:28:55 - Decompiling 'FFTM' table
[DEBUG] 2025-05-15 13:28:55 - Took 0.002s to prune 'name'
[INFO] 2025-05-15 13:28:55 - name pruned
[INFO] 2025-05-15 13:31:46 - [ArticleSearch] Token aanvragen bij https://api.cgk-group.com/api/account/login...
[INFO] 2025-05-15 13:31:46 - [ArticleSearch] Token ontvangen (vervalt in 1800s)
[INFO] 2025-05-15 13:31:46 - [Startup] Vooraf token laden voor StockInfo...
[INFO] 2025-05-15 13:31:46 - [StockInfo] Token aanvragen bij https://api.cgk-group.com/api/account/login...
[INFO] 2025-05-15 13:31:46 - [StockInfo] Token ontvangen (vervalt in 1800s)
[INFO] 2025-05-15 13:32:24 - [ArticleSearch] Token aanvragen bij https://api.cgk-group.com/api/account/login...
[INFO] 2025-05-15 13:32:25 - [ArticleSearch] Token ontvangen (vervalt in 1800s)
[INFO] 2025-05-15 13:32:25 - [Startup] Vooraf token laden voor StockInfo...
[INFO] 2025-05-15 13:32:25 - [StockInfo] Token aanvragen bij https://api.cgk-group.com/api/account/login...
[INFO] 2025-05-15 13:32:25 - [StockInfo] Token ontvangen (vervalt in 1800s)
[INFO] 2025-05-15 13:37:29 - [ArticleSearch] Token aanvragen bij https://api.cgk-group.com/api/account/login...
[INFO] 2025-05-15 13:37:29 - [ArticleSearch] Token ontvangen (vervalt in 1800s)
[INFO] 2025-05-15 13:37:29 - [Startup] Vooraf token laden voor StockInfo...
[INFO] 2025-05-15 13:37:29 - [StockInfo] Token aanvragen bij https://api.cgk-group.com/api/account/login...
[INFO] 2025-05-15 13:37:30 - [StockInfo] Token ontvangen (vervalt in 1800s)
[INFO] 2025-05-15 13:39:03 - [ArticleSearch] Token aanvragen bij https://api.cgk-group.com/api/account/login...
[INFO] 2025-05-15 13:39:03 - [ArticleSearch] Token ontvangen (vervalt in 1800s)
[INFO] 2025-05-15 13:39:03 - [Startup] Vooraf token laden voor StockInfo...
[INFO] 2025-05-15 13:39:03 - [StockInfo] Token aanvragen bij https://api.cgk-group.com/api/account/login...
[INFO] 2025-05-15 13:39:04 - [StockInfo] Token ontvangen (vervalt in 1800s)
[INFO] 2025-05-15 13:39:51 - [ArticleSearch] Token aanvragen bij https://api.cgk-group.com/api/account/login...
[INFO] 2025-05-15 13:39:51 - [ArticleSearch] Token ontvangen (vervalt in 1800s)
[INFO] 2025-05-15 13:39:51 - [Startup] Vooraf token laden voor StockInfo...
[INFO] 2025-05-15 13:39:51 - [StockInfo] Token aanvragen bij https://api.cgk-group.com/api/account/login...
[INFO] 2025-05-15 13:39:51 - [StockInfo] Token ontvangen (vervalt in 1800s)
[INFO] 2025-05-15 13:43:02 - [ArticleSearch] Token aanvragen bij https://api.cgk-group.com/api/account/login...
[INFO] 2025-05-15 13:43:02 - [ArticleSearch] Token ontvangen (vervalt in 1800s)
[INFO] 2025-05-15 13:43:02 - [Startup] Vooraf token laden voor StockInfo...
[INFO] 2025-05-15 13:43:02 - [StockInfo] Token aanvragen bij https://api.cgk-group.com/api/account/login...
[INFO] 2025-05-15 13:43:03 - [StockInfo] Token ontvangen (vervalt in 1800s)
[INFO] 2025-05-15 13:45:03 - [ArticleSearch] Token aanvragen bij https://api.cgk-group.com/api/account/login...
[INFO] 2025-05-15 13:45:03 - [ArticleSearch] Token ontvangen (vervalt in 1800s)
[INFO] 2025-05-15 13:45:03 - [Startup] Vooraf token laden voor StockInfo...
[INFO] 2025-05-15 13:45:03 - [StockInfo] Token aanvragen bij https://api.cgk-group.com/api/account/login...
[INFO] 2025-05-15 13:45:03 - [StockInfo] Token ontvangen (vervalt in 1800s)
[DEBUG] 2025-05-15 13:45:35 - Reading 'maxp' table from disk
[DEBUG] 2025-05-15 13:45:35 - Decompiling 'maxp' table
[DEBUG] 2025-05-15 13:45:35 - Took 0.001s to load 'maxp'
[DEBUG] 2025-05-15 13:45:35 - Took 0.000s to prune 'maxp'
[INFO] 2025-05-15 13:45:35 - maxp pruned
[DEBUG] 2025-05-15 13:45:35 - Reading 'cmap' table from disk
[DEBUG] 2025-05-15 13:45:35 - Decompiling 'cmap' table
[DEBUG] 2025-05-15 13:45:35 - Reading 'post' table from disk
[DEBUG] 2025-05-15 13:45:35 - Decompiling 'post' table
[DEBUG] 2025-05-15 13:45:35 - Took 0.004s to load 'cmap'
[DEBUG] 2025-05-15 13:45:35 - Took 0.000s to prune 'cmap'
[INFO] 2025-05-15 13:45:35 - cmap pruned
[INFO] 2025-05-15 13:45:35 - fpgm dropped
[INFO] 2025-05-15 13:45:35 - prep dropped
[INFO] 2025-05-15 13:45:35 - cvt  dropped
[INFO] 2025-05-15 13:45:35 - kern dropped
[DEBUG] 2025-05-15 13:45:35 - Took 0.000s to load 'post'
[DEBUG] 2025-05-15 13:45:35 - Took 0.000s to prune 'post'
[INFO] 2025-05-15 13:45:35 - post pruned
[INFO] 2025-05-15 13:45:35 - GPOS dropped
[INFO] 2025-05-15 13:45:35 - GSUB dropped
[DEBUG] 2025-05-15 13:45:35 - Reading 'glyf' table from disk
[DEBUG] 2025-05-15 13:45:35 - Decompiling 'glyf' table
[DEBUG] 2025-05-15 13:45:35 - Reading 'loca' table from disk
[DEBUG] 2025-05-15 13:45:35 - Decompiling 'loca' table
[DEBUG] 2025-05-15 13:45:35 - Reading 'head' table from disk
[DEBUG] 2025-05-15 13:45:35 - Decompiling 'head' table
[DEBUG] 2025-05-15 13:45:35 - Took 0.003s to load 'glyf'
[DEBUG] 2025-05-15 13:45:35 - Took 0.000s to prune 'glyf'
[INFO] 2025-05-15 13:45:35 - glyf pruned
[DEBUG] 2025-05-15 13:45:35 - Took 0.000s to close glyph list over 'cmap'
[INFO] 2025-05-15 13:45:35 - Added gid0 to subset
[INFO] 2025-05-15 13:45:35 - Closing glyph list over 'glyf': 24 glyphs before
[INFO] 2025-05-15 13:45:35 - Glyph names: ['.notdef', 'B', 'C', 'M', 'S', 'a', 'c', 'e', 'five', 'hyphen', 'i', 'l', 'm', 'n', 'o', 'r', 's', 'space', 't', 'two', 'u', 'v', 'y', 'zero']
[INFO] 2025-05-15 13:45:35 - Glyph IDs:   [0, 3, 16, 19, 21, 24, 37, 38, 48, 54, 68, 70, 72, 76, 79, 80, 81, 82, 85, 86, 87, 88, 89, 92]
[INFO] 2025-05-15 13:45:35 - Closed glyph list over 'glyf': 24 glyphs after
[INFO] 2025-05-15 13:45:35 - Glyph names: ['.notdef', 'B', 'C', 'M', 'S', 'a', 'c', 'e', 'five', 'hyphen', 'i', 'l', 'm', 'n', 'o', 'r', 's', 'space', 't', 'two', 'u', 'v', 'y', 'zero']
[INFO] 2025-05-15 13:45:35 - Glyph IDs:   [0, 3, 16, 19, 21, 24, 37, 38, 48, 54, 68, 70, 72, 76, 79, 80, 81, 82, 85, 86, 87, 88, 89, 92]
[DEBUG] 2025-05-15 13:45:35 - Took 0.001s to close glyph list over 'glyf'
[INFO] 2025-05-15 13:45:35 - Retaining 24 glyphs
[INFO] 2025-05-15 13:45:35 - head subsetting not needed
[INFO] 2025-05-15 13:45:35 - hhea subsetting not needed
[INFO] 2025-05-15 13:45:35 - maxp subsetting not needed
[INFO] 2025-05-15 13:45:35 - OS/2 subsetting not needed
[DEBUG] 2025-05-15 13:45:35 - Reading 'hmtx' table from disk
[DEBUG] 2025-05-15 13:45:35 - Decompiling 'hmtx' table
[DEBUG] 2025-05-15 13:45:35 - Reading 'hhea' table from disk
[DEBUG] 2025-05-15 13:45:35 - Decompiling 'hhea' table
[DEBUG] 2025-05-15 13:45:35 - Took 0.002s to subset 'hmtx'
[INFO] 2025-05-15 13:45:35 - hmtx subsetted
[DEBUG] 2025-05-15 13:45:35 - Took 0.001s to subset 'cmap'
[INFO] 2025-05-15 13:45:35 - cmap subsetted
[INFO] 2025-05-15 13:45:35 - loca subsetting not needed
[DEBUG] 2025-05-15 13:45:35 - Took 0.000s to subset 'post'
[INFO] 2025-05-15 13:45:35 - post subsetted
[INFO] 2025-05-15 13:45:35 - gasp subsetting not needed
[INFO] 2025-05-15 13:45:35 - FFTM NOT subset; don't know how to subset
[DEBUG] 2025-05-15 13:45:35 - Reading 'GDEF' table from disk
[DEBUG] 2025-05-15 13:45:35 - Decompiling 'GDEF' table
[DEBUG] 2025-05-15 13:45:35 - Took 0.009s to subset 'GDEF'
[INFO] 2025-05-15 13:45:35 - GDEF subsetted
[INFO] 2025-05-15 13:45:35 - name subsetting not needed
[DEBUG] 2025-05-15 13:45:35 - Took 0.000s to subset 'glyf'
[INFO] 2025-05-15 13:45:35 - glyf subsetted
[DEBUG] 2025-05-15 13:45:35 - Took 0.000s to subset GlyphOrder
[DEBUG] 2025-05-15 13:45:35 - Took 0.000s to prune 'head'
[INFO] 2025-05-15 13:45:35 - head pruned
[DEBUG] 2025-05-15 13:45:35 - Reading 'OS/2' table from disk
[DEBUG] 2025-05-15 13:45:35 - Decompiling 'OS/2' table
[INFO] 2025-05-15 13:45:35 - OS/2 Unicode ranges pruned: [0]
[INFO] 2025-05-15 13:45:35 - OS/2 CodePage ranges pruned: [0]
[DEBUG] 2025-05-15 13:45:35 - Took 0.000s to prune 'glyf'
[INFO] 2025-05-15 13:45:35 - glyf pruned
[DEBUG] 2025-05-15 13:45:35 - Took 0.000s to prune 'GDEF'
[INFO] 2025-05-15 13:45:35 - GDEF pruned
[DEBUG] 2025-05-15 13:45:35 - Reading 'name' table from disk
[DEBUG] 2025-05-15 13:45:35 - Decompiling 'name' table
[DEBUG] 2025-05-15 13:45:35 - Reading 'gasp' table from disk
[DEBUG] 2025-05-15 13:45:35 - Decompiling 'gasp' table
[DEBUG] 2025-05-15 13:45:35 - Reading 'FFTM' table from disk
[DEBUG] 2025-05-15 13:45:35 - Decompiling 'FFTM' table
[DEBUG] 2025-05-15 13:45:35 - Took 0.001s to prune 'name'
[INFO] 2025-05-15 13:45:35 - name pruned
[DEBUG] 2025-05-15 13:45:35 - Reading 'maxp' table from disk
[DEBUG] 2025-05-15 13:45:35 - Decompiling 'maxp' table
[DEBUG] 2025-05-15 13:45:35 - Took 0.001s to load 'maxp'
[DEBUG] 2025-05-15 13:45:35 - Took 0.000s to prune 'maxp'
[INFO] 2025-05-15 13:45:35 - maxp pruned
[DEBUG] 2025-05-15 13:45:35 - Reading 'cmap' table from disk
[DEBUG] 2025-05-15 13:45:35 - Decompiling 'cmap' table
[DEBUG] 2025-05-15 13:45:35 - Reading 'post' table from disk
[DEBUG] 2025-05-15 13:45:35 - Decompiling 'post' table
[DEBUG] 2025-05-15 13:45:35 - Took 0.003s to load 'cmap'
[DEBUG] 2025-05-15 13:45:35 - Took 0.000s to prune 'cmap'
[INFO] 2025-05-15 13:45:35 - cmap pruned
[INFO] 2025-05-15 13:45:35 - fpgm dropped
[INFO] 2025-05-15 13:45:35 - prep dropped
[INFO] 2025-05-15 13:45:35 - cvt  dropped
[INFO] 2025-05-15 13:45:35 - kern dropped
[DEBUG] 2025-05-15 13:45:35 - Took 0.000s to load 'post'
[DEBUG] 2025-05-15 13:45:35 - Took 0.000s to prune 'post'
[INFO] 2025-05-15 13:45:35 - post pruned
[INFO] 2025-05-15 13:45:35 - GPOS dropped
[INFO] 2025-05-15 13:45:35 - GSUB dropped
[DEBUG] 2025-05-15 13:45:35 - Reading 'glyf' table from disk
[DEBUG] 2025-05-15 13:45:35 - Decompiling 'glyf' table
[DEBUG] 2025-05-15 13:45:35 - Reading 'loca' table from disk
[DEBUG] 2025-05-15 13:45:35 - Decompiling 'loca' table
[DEBUG] 2025-05-15 13:45:35 - Reading 'head' table from disk
[DEBUG] 2025-05-15 13:45:35 - Decompiling 'head' table
[DEBUG] 2025-05-15 13:45:35 - Took 0.003s to load 'glyf'
[DEBUG] 2025-05-15 13:45:35 - Took 0.000s to prune 'glyf'
[INFO] 2025-05-15 13:45:35 - glyf pruned
[DEBUG] 2025-05-15 13:45:35 - Took 0.000s to close glyph list over 'cmap'
[INFO] 2025-05-15 13:45:35 - Added gid0 to subset
[INFO] 2025-05-15 13:45:35 - Closing glyph list over 'MATH': 25 glyphs before
[INFO] 2025-05-15 13:45:35 - Glyph names: ['.notdef', 'A', 'D', 'I', 'S', 'a', 'b', 'colon', 'd', 'e', 'eight', 'five', 'hyphen', 'l', 'n', 'o', 'one', 'p', 'period', 'r', 'space', 't', 'two', 'u', 'zero']
[INFO] 2025-05-15 13:45:35 - Glyph IDs:   [0, 3, 16, 17, 19, 20, 21, 24, 27, 29, 36, 39, 44, 54, 68, 69, 71, 72, 79, 81, 82, 83, 85, 87, 88]
[DEBUG] 2025-05-15 13:45:35 - Reading 'MATH' table from disk
[DEBUG] 2025-05-15 13:45:35 - Decompiling 'MATH' table
[INFO] 2025-05-15 13:45:35 - Closed glyph list over 'MATH': 25 glyphs after
[INFO] 2025-05-15 13:45:35 - Glyph names: ['.notdef', 'A', 'D', 'I', 'S', 'a', 'b', 'colon', 'd', 'e', 'eight', 'five', 'hyphen', 'l', 'n', 'o', 'one', 'p', 'period', 'r', 'space', 't', 'two', 'u', 'zero']
[INFO] 2025-05-15 13:45:35 - Glyph IDs:   [0, 3, 16, 17, 19, 20, 21, 24, 27, 29, 36, 39, 44, 54, 68, 69, 71, 72, 79, 81, 82, 83, 85, 87, 88]
[DEBUG] 2025-05-15 13:45:35 - Took 0.004s to close glyph list over 'MATH'
[INFO] 2025-05-15 13:45:35 - Closing glyph list over 'glyf': 25 glyphs before
[INFO] 2025-05-15 13:45:35 - Glyph names: ['.notdef', 'A', 'D', 'I', 'S', 'a', 'b', 'colon', 'd', 'e', 'eight', 'five', 'hyphen', 'l', 'n', 'o', 'one', 'p', 'period', 'r', 'space', 't', 'two', 'u', 'zero']
[INFO] 2025-05-15 13:45:35 - Glyph IDs:   [0, 3, 16, 17, 19, 20, 21, 24, 27, 29, 36, 39, 44, 54, 68, 69, 71, 72, 79, 81, 82, 83, 85, 87, 88]
[INFO] 2025-05-15 13:45:35 - Closed glyph list over 'glyf': 25 glyphs after
[INFO] 2025-05-15 13:45:35 - Glyph names: ['.notdef', 'A', 'D', 'I', 'S', 'a', 'b', 'colon', 'd', 'e', 'eight', 'five', 'hyphen', 'l', 'n', 'o', 'one', 'p', 'period', 'r', 'space', 't', 'two', 'u', 'zero']
[INFO] 2025-05-15 13:45:35 - Glyph IDs:   [0, 3, 16, 17, 19, 20, 21, 24, 27, 29, 36, 39, 44, 54, 68, 69, 71, 72, 79, 81, 82, 83, 85, 87, 88]
[DEBUG] 2025-05-15 13:45:35 - Took 0.001s to close glyph list over 'glyf'
[INFO] 2025-05-15 13:45:35 - Retaining 25 glyphs
[INFO] 2025-05-15 13:45:35 - head subsetting not needed
[INFO] 2025-05-15 13:45:35 - hhea subsetting not needed
[INFO] 2025-05-15 13:45:35 - maxp subsetting not needed
[INFO] 2025-05-15 13:45:35 - OS/2 subsetting not needed
[DEBUG] 2025-05-15 13:45:35 - Reading 'hmtx' table from disk
[DEBUG] 2025-05-15 13:45:35 - Decompiling 'hmtx' table
[DEBUG] 2025-05-15 13:45:35 - Reading 'hhea' table from disk
[DEBUG] 2025-05-15 13:45:35 - Decompiling 'hhea' table
[DEBUG] 2025-05-15 13:45:35 - Took 0.002s to subset 'hmtx'
[INFO] 2025-05-15 13:45:35 - hmtx subsetted
[DEBUG] 2025-05-15 13:45:35 - Took 0.001s to subset 'cmap'
[INFO] 2025-05-15 13:45:35 - cmap subsetted
[INFO] 2025-05-15 13:45:35 - loca subsetting not needed
[DEBUG] 2025-05-15 13:45:35 - Took 0.000s to subset 'post'
[INFO] 2025-05-15 13:45:35 - post subsetted
[INFO] 2025-05-15 13:45:35 - gasp subsetting not needed
[INFO] 2025-05-15 13:45:35 - FFTM NOT subset; don't know how to subset
[DEBUG] 2025-05-15 13:45:35 - Took 0.000s to subset 'MATH'
[INFO] 2025-05-15 13:45:35 - MATH subsetted
[DEBUG] 2025-05-15 13:45:35 - Reading 'GDEF' table from disk
[DEBUG] 2025-05-15 13:45:35 - Decompiling 'GDEF' table
[DEBUG] 2025-05-15 13:45:35 - Took 0.001s to subset 'GDEF'
[INFO] 2025-05-15 13:45:35 - GDEF subsetted
[INFO] 2025-05-15 13:45:35 - name subsetting not needed
[DEBUG] 2025-05-15 13:45:35 - Took 0.000s to subset 'glyf'
[INFO] 2025-05-15 13:45:35 - glyf subsetted
[DEBUG] 2025-05-15 13:45:35 - Took 0.000s to subset GlyphOrder
[DEBUG] 2025-05-15 13:45:35 - Took 0.000s to prune 'head'
[INFO] 2025-05-15 13:45:35 - head pruned
[DEBUG] 2025-05-15 13:45:35 - Reading 'OS/2' table from disk
[DEBUG] 2025-05-15 13:45:35 - Decompiling 'OS/2' table
[INFO] 2025-05-15 13:45:35 - OS/2 Unicode ranges pruned: [0]
[INFO] 2025-05-15 13:45:35 - OS/2 CodePage ranges pruned: [0]
[DEBUG] 2025-05-15 13:45:35 - Took 0.000s to prune 'glyf'
[INFO] 2025-05-15 13:45:35 - glyf pruned
[DEBUG] 2025-05-15 13:45:35 - Took 0.000s to prune 'GDEF'
[INFO] 2025-05-15 13:45:35 - GDEF pruned
[DEBUG] 2025-05-15 13:45:35 - Reading 'name' table from disk
[DEBUG] 2025-05-15 13:45:35 - Decompiling 'name' table
[DEBUG] 2025-05-15 13:45:35 - Reading 'gasp' table from disk
[DEBUG] 2025-05-15 13:45:35 - Decompiling 'gasp' table
[DEBUG] 2025-05-15 13:45:35 - Reading 'FFTM' table from disk
[DEBUG] 2025-05-15 13:45:35 - Decompiling 'FFTM' table
[DEBUG] 2025-05-15 13:45:35 - Took 0.001s to prune 'name'
[INFO] 2025-05-15 13:45:35 - name pruned
[INFO] 2025-05-15 13:49:26 - [ArticleSearch] Token aanvragen bij https://api.cgk-group.com/api/account/login...
[INFO] 2025-05-15 13:49:26 - [ArticleSearch] Token ontvangen (vervalt in 1800s)
[INFO] 2025-05-15 13:49:26 - [Startup] Vooraf token laden voor StockInfo...
[INFO] 2025-05-15 13:49:26 - [StockInfo] Token aanvragen bij https://api.cgk-group.com/api/account/login...
[INFO] 2025-05-15 13:49:26 - [StockInfo] Token ontvangen (vervalt in 1800s)
[INFO] 2025-05-15 13:54:14 - [ArticleSearch] Token aanvragen bij https://api.cgk-group.com/api/account/login...
[INFO] 2025-05-15 13:54:14 - [ArticleSearch] Token ontvangen (vervalt in 1800s)
[INFO] 2025-05-15 13:54:14 - [Startup] Vooraf token laden voor StockInfo...
[INFO] 2025-05-15 13:54:14 - [StockInfo] Token aanvragen bij https://api.cgk-group.com/api/account/login...
[INFO] 2025-05-15 13:54:14 - [StockInfo] Token ontvangen (vervalt in 1800s)
[INFO] 2025-05-15 14:00:27 - [ArticleSearch] Token aanvragen bij https://api.cgk-group.com/api/account/login...
[INFO] 2025-05-15 14:00:27 - [ArticleSearch] Token ontvangen (vervalt in 1800s)
[INFO] 2025-05-15 14:00:27 - [Startup] Vooraf token laden voor StockInfo...
[INFO] 2025-05-15 14:00:27 - [StockInfo] Token aanvragen bij https://api.cgk-group.com/api/account/login...
[INFO] 2025-05-15 14:00:27 - [StockInfo] Token ontvangen (vervalt in 1800s)
[INFO] 2025-05-15 14:01:00 - [ArticleSearch] Token aanvragen bij https://api.cgk-group.com/api/account/login...
[INFO] 2025-05-15 14:01:01 - [ArticleSearch] Token ontvangen (vervalt in 1800s)
[INFO] 2025-05-15 14:01:01 - [Startup] Vooraf token laden voor StockInfo...
[INFO] 2025-05-15 14:01:01 - [StockInfo] Token aanvragen bij https://api.cgk-group.com/api/account/login...
[INFO] 2025-05-15 14:01:01 - [StockInfo] Token ontvangen (vervalt in 1800s)
[INFO] 2025-05-16 07:32:06 - [ArticleSearch] Token aanvragen bij https://api.cgk-group.com/api/account/login...
[INFO] 2025-05-16 07:32:07 - [ArticleSearch] Token ontvangen (vervalt in 1800s)
[INFO] 2025-05-16 07:32:07 - [Startup] Vooraf token laden voor StockInfo...
[INFO] 2025-05-16 07:32:07 - [StockInfo] Token aanvragen bij https://api.cgk-group.com/api/account/login...
[INFO] 2025-05-16 07:32:07 - [StockInfo] Token ontvangen (vervalt in 1800s)
[INFO] 2025-05-16 11:32:35 - [ArticleSearch] Token aanvragen bij https://api.cgk-group.com/api/account/login...
[INFO] 2025-05-16 11:32:35 - [ArticleSearch] Token ontvangen (vervalt in 1800s)
[INFO] 2025-05-16 11:32:35 - [Startup] Vooraf token laden voor StockInfo...
[INFO] 2025-05-16 11:32:35 - [StockInfo] Token aanvragen bij https://api.cgk-group.com/api/account/login...
[INFO] 2025-05-16 11:32:35 - [StockInfo] Token ontvangen (vervalt in 1800s)
[INFO] 2025-05-16 11:46:57 - [ArticleSearch] Token aanvragen bij https://api.cgk-group.com/api/account/login...
[INFO] 2025-05-16 11:46:58 - [ArticleSearch] Token ontvangen (vervalt in 1800s)
[INFO] 2025-05-16 11:46:58 - [Startup] Vooraf token laden voor StockInfo...
[INFO] 2025-05-16 11:46:58 - [StockInfo] Token aanvragen bij https://api.cgk-group.com/api/account/login...
[INFO] 2025-05-16 11:46:58 - [StockInfo] Token ontvangen (vervalt in 1800s)
[INFO] 2025-05-16 11:50:10 - [ArticleSearch] Token aanvragen bij https://api.cgk-group.com/api/account/login...
[INFO] 2025-05-16 11:50:10 - [ArticleSearch] Token ontvangen (vervalt in 1800s)
[INFO] 2025-05-16 11:50:10 - [Startup] Vooraf token laden voor StockInfo...
[INFO] 2025-05-16 11:50:10 - [StockInfo] Token aanvragen bij https://api.cgk-group.com/api/account/login...
[INFO] 2025-05-16 11:50:10 - [StockInfo] Token ontvangen (vervalt in 1800s)
[INFO] 2025-05-16 11:57:55 - [ArticleSearch] Token aanvragen bij https://api.cgk-group.com/api/account/login...
[INFO] 2025-05-16 11:57:55 - [ArticleSearch] Token ontvangen (vervalt in 1800s)
[INFO] 2025-05-16 11:57:55 - [Startup] Vooraf token laden voor StockInfo...
[INFO] 2025-05-16 11:57:55 - [StockInfo] Token aanvragen bij https://api.cgk-group.com/api/account/login...
[INFO] 2025-05-16 11:57:55 - [StockInfo] Token ontvangen (vervalt in 1800s)
[INFO] 2025-05-16 11:59:49 - [ArticleSearch] Token aanvragen bij https://api.cgk-group.com/api/account/login...
[INFO] 2025-05-16 11:59:50 - [ArticleSearch] Token ontvangen (vervalt in 1800s)
[INFO] 2025-05-16 11:59:50 - [Startup] Vooraf token laden voor StockInfo...
[INFO] 2025-05-16 11:59:50 - [StockInfo] Token aanvragen bij https://api.cgk-group.com/api/account/login...
[INFO] 2025-05-16 11:59:50 - [StockInfo] Token ontvangen (vervalt in 1800s)
[INFO] 2025-05-16 12:00:10 - [ArticleSearch] Token aanvragen bij https://api.cgk-group.com/api/account/login...
[INFO] 2025-05-16 12:00:10 - [ArticleSearch] Token ontvangen (vervalt in 1800s)
[INFO] 2025-05-16 12:00:10 - [Startup] Vooraf token laden voor StockInfo...
[INFO] 2025-05-16 12:00:10 - [StockInfo] Token aanvragen bij https://api.cgk-group.com/api/account/login...
[INFO] 2025-05-16 12:00:10 - [StockInfo] Token ontvangen (vervalt in 1800s)
[INFO] 2025-05-16 12:00:30 - [ArticleSearch] Token aanvragen bij https://api.cgk-group.com/api/account/login...
[INFO] 2025-05-16 12:00:31 - [ArticleSearch] Token ontvangen (vervalt in 1800s)
[INFO] 2025-05-16 12:00:31 - [Startup] Vooraf token laden voor StockInfo...
[INFO] 2025-05-16 12:00:31 - [StockInfo] Token aanvragen bij https://api.cgk-group.com/api/account/login...
[INFO] 2025-05-16 12:00:31 - [StockInfo] Token ontvangen (vervalt in 1800s)
[INFO] 2025-05-16 12:02:00 - [ArticleSearch] Token aanvragen bij https://api.cgk-group.com/api/account/login...
[INFO] 2025-05-16 12:02:00 - [ArticleSearch] Token ontvangen (vervalt in 1800s)
[INFO] 2025-05-16 12:02:00 - [Startup] Vooraf token laden voor StockInfo...
[INFO] 2025-05-16 12:02:00 - [StockInfo] Token aanvragen bij https://api.cgk-group.com/api/account/login...
[INFO] 2025-05-16 12:02:00 - [StockInfo] Token ontvangen (vervalt in 1800s)
[INFO] 2025-05-16 12:06:02 - [ArticleSearch] Token aanvragen bij https://api.cgk-group.com/api/account/login...
[INFO] 2025-05-16 12:06:02 - [ArticleSearch] Token ontvangen (vervalt in 1800s)
[INFO] 2025-05-16 12:06:02 - [Startup] Vooraf token laden voor StockInfo...
[INFO] 2025-05-16 12:06:02 - [StockInfo] Token aanvragen bij https://api.cgk-group.com/api/account/login...
[INFO] 2025-05-16 12:06:02 - [StockInfo] Token ontvangen (vervalt in 1800s)
[INFO] 2025-05-16 12:09:15 - [ArticleSearch] Token aanvragen bij https://api.cgk-group.com/api/account/login...
[INFO] 2025-05-16 12:09:15 - [ArticleSearch] Token ontvangen (vervalt in 1800s)
[INFO] 2025-05-16 12:09:15 - [Startup] Vooraf token laden voor StockInfo...
[INFO] 2025-05-16 12:09:15 - [StockInfo] Token aanvragen bij https://api.cgk-group.com/api/account/login...
[INFO] 2025-05-16 12:09:16 - [StockInfo] Token ontvangen (vervalt in 1800s)
[INFO] 2025-05-16 12:17:35 - [ArticleSearch] Token aanvragen bij https://api.cgk-group.com/api/account/login...
[INFO] 2025-05-16 12:17:35 - [ArticleSearch] Token ontvangen (vervalt in 1800s)
[INFO] 2025-05-16 12:17:35 - [Startup] Vooraf token laden voor StockInfo...
[INFO] 2025-05-16 12:17:35 - [StockInfo] Token aanvragen bij https://api.cgk-group.com/api/account/login...
[INFO] 2025-05-16 12:17:35 - [StockInfo] Token ontvangen (vervalt in 1800s)
[INFO] 2025-05-16 12:25:58 - [ArticleSearch] Token aanvragen bij https://api.cgk-group.com/api/account/login...
[INFO] 2025-05-16 12:25:58 - [ArticleSearch] Token ontvangen (vervalt in 1800s)
[INFO] 2025-05-16 12:25:58 - [Startup] Vooraf token laden voor StockInfo...
[INFO] 2025-05-16 12:25:58 - [StockInfo] Token aanvragen bij https://api.cgk-group.com/api/account/login...
[INFO] 2025-05-16 12:25:58 - [StockInfo] Token ontvangen (vervalt in 1800s)
[INFO] 2025-05-16 13:07:00 - [ArticleSearch] Token aanvragen bij https://api.cgk-group.com/api/account/login...
[INFO] 2025-05-16 13:07:01 - [ArticleSearch] Token ontvangen (vervalt in 1800s)
[INFO] 2025-05-16 13:07:01 - [Startup] Vooraf token laden voor StockInfo...
[INFO] 2025-05-16 13:07:01 - [StockInfo] Token aanvragen bij https://api.cgk-group.com/api/account/login...
[INFO] 2025-05-16 13:07:01 - [StockInfo] Token ontvangen (vervalt in 1800s)
[INFO] 2025-05-16 13:08:48 - [ArticleSearch] Token aanvragen bij https://api.cgk-group.com/api/account/login...
[INFO] 2025-05-16 13:08:48 - [ArticleSearch] Token ontvangen (vervalt in 1800s)
[INFO] 2025-05-16 13:08:48 - [Startup] Vooraf token laden voor StockInfo...
[INFO] 2025-05-16 13:08:48 - [StockInfo] Token aanvragen bij https://api.cgk-group.com/api/account/login...
[INFO] 2025-05-16 13:08:48 - [StockInfo] Token ontvangen (vervalt in 1800s)
[INFO] 2025-05-16 13:38:05 - [ArticleSearch] Token aanvragen bij https://api.cgk-group.com/api/account/login...
[INFO] 2025-05-16 13:38:05 - [ArticleSearch] Token ontvangen (vervalt in 1800s)
[INFO] 2025-05-16 13:38:05 - [Startup] Vooraf token laden voor StockInfo...
[INFO] 2025-05-16 13:38:05 - [StockInfo] Token aanvragen bij https://api.cgk-group.com/api/account/login...
[INFO] 2025-05-16 13:38:05 - [StockInfo] Token ontvangen (vervalt in 1800s)
[INFO] 2025-05-16 13:41:16 - [ArticleSearch] Token aanvragen bij https://api.cgk-group.com/api/account/login...
[INFO] 2025-05-16 13:41:16 - [ArticleSearch] Token ontvangen (vervalt in 1800s)
[INFO] 2025-05-16 13:41:16 - [Startup] Vooraf token laden voor StockInfo...
[INFO] 2025-05-16 13:41:16 - [StockInfo] Token aanvragen bij https://api.cgk-group.com/api/account/login...
[INFO] 2025-05-16 13:41:16 - [StockInfo] Token ontvangen (vervalt in 1800s)
[INFO] 2025-05-16 13:43:48 - [ArticleSearch] Token aanvragen bij https://api.cgk-group.com/api/account/login...
[INFO] 2025-05-16 13:43:48 - [ArticleSearch] Token ontvangen (vervalt in 1800s)
[INFO] 2025-05-16 13:43:48 - [Startup] Vooraf token laden voor StockInfo...
[INFO] 2025-05-16 13:43:48 - [StockInfo] Token aanvragen bij https://api.cgk-group.com/api/account/login...
[INFO] 2025-05-16 13:43:48 - [StockInfo] Token ontvangen (vervalt in 1800s)
[INFO] 2025-05-16 13:48:02 - [ArticleSearch] Token aanvragen bij https://api.cgk-group.com/api/account/login...
[INFO] 2025-05-16 13:48:02 - [ArticleSearch] Token ontvangen (vervalt in 1800s)
[INFO] 2025-05-16 13:48:02 - [Startup] Vooraf token laden voor StockInfo...
[INFO] 2025-05-16 13:48:02 - [StockInfo] Token aanvragen bij https://api.cgk-group.com/api/account/login...
[INFO] 2025-05-16 13:48:02 - [StockInfo] Token ontvangen (vervalt in 1800s)
[INFO] 2025-05-16 13:49:40 - [ArticleSearch] Token aanvragen bij https://api.cgk-group.com/api/account/login...
[INFO] 2025-05-16 13:49:40 - [ArticleSearch] Token ontvangen (vervalt in 1800s)
[INFO] 2025-05-16 13:49:40 - [Startup] Vooraf token laden voor StockInfo...
[INFO] 2025-05-16 13:49:40 - [StockInfo] Token aanvragen bij https://api.cgk-group.com/api/account/login...
[INFO] 2025-05-16 13:49:40 - [StockInfo] Token ontvangen (vervalt in 1800s)
[INFO] 2025-05-16 13:51:36 - [ArticleSearch] Token aanvragen bij https://api.cgk-group.com/api/account/login...
[INFO] 2025-05-16 13:51:36 - [ArticleSearch] Token ontvangen (vervalt in 1800s)
[INFO] 2025-05-16 13:51:36 - [Startup] Vooraf token laden voor StockInfo...
[INFO] 2025-05-16 13:51:36 - [StockInfo] Token aanvragen bij https://api.cgk-group.com/api/account/login...
[INFO] 2025-05-16 13:51:36 - [StockInfo] Token ontvangen (vervalt in 1800s)
[INFO] 2025-05-16 13:53:34 - [ArticleSearch] Token aanvragen bij https://api.cgk-group.com/api/account/login...
[INFO] 2025-05-16 13:53:34 - [ArticleSearch] Token ontvangen (vervalt in 1800s)
[INFO] 2025-05-16 13:53:34 - [Startup] Vooraf token laden voor StockInfo...
[INFO] 2025-05-16 13:53:34 - [StockInfo] Token aanvragen bij https://api.cgk-group.com/api/account/login...
[INFO] 2025-05-16 13:53:34 - [StockInfo] Token ontvangen (vervalt in 1800s)
[INFO] 2025-05-16 13:55:12 - [ArticleSearch] Token aanvragen bij https://api.cgk-group.com/api/account/login...
[INFO] 2025-05-16 13:55:12 - [ArticleSearch] Token ontvangen (vervalt in 1800s)
[INFO] 2025-05-16 13:55:12 - [Startup] Vooraf token laden voor StockInfo...
[INFO] 2025-05-16 13:55:12 - [StockInfo] Token aanvragen bij https://api.cgk-group.com/api/account/login...
[INFO] 2025-05-16 13:55:12 - [StockInfo] Token ontvangen (vervalt in 1800s)
[INFO] 2025-05-16 13:56:43 - [ArticleSearch] Token aanvragen bij https://api.cgk-group.com/api/account/login...
[INFO] 2025-05-16 13:56:43 - [ArticleSearch] Token ontvangen (vervalt in 1800s)
[INFO] 2025-05-16 13:56:43 - [Startup] Vooraf token laden voor StockInfo...
[INFO] 2025-05-16 13:56:43 - [StockInfo] Token aanvragen bij https://api.cgk-group.com/api/account/login...
[INFO] 2025-05-16 13:56:43 - [StockInfo] Token ontvangen (vervalt in 1800s)
[INFO] 2025-05-16 14:39:09 - [ArticleSearch] Token aanvragen bij https://api.cgk-group.com/api/account/login...
[INFO] 2025-05-16 14:39:09 - [ArticleSearch] Token ontvangen (vervalt in 1800s)
[INFO] 2025-05-16 14:39:09 - [Startup] Vooraf token laden voor StockInfo...
[INFO] 2025-05-16 14:39:09 - [StockInfo] Token aanvragen bij https://api.cgk-group.com/api/account/login...
[INFO] 2025-05-16 14:39:09 - [StockInfo] Token ontvangen (vervalt in 1800s)
[INFO] 2025-05-16 14:45:40 - [ArticleSearch] Token aanvragen bij https://api.cgk-group.com/api/account/login...
[INFO] 2025-05-16 14:45:40 - [ArticleSearch] Token ontvangen (vervalt in 1800s)
[INFO] 2025-05-16 14:45:40 - [Startup] Vooraf token laden voor StockInfo...
[INFO] 2025-05-16 14:45:40 - [StockInfo] Token aanvragen bij https://api.cgk-group.com/api/account/login...
[INFO] 2025-05-16 14:45:40 - [StockInfo] Token ontvangen (vervalt in 1800s)
[INFO] 2025-05-16 15:03:12 - [ArticleSearch] Token aanvragen bij https://api.cgk-group.com/api/account/login...
[INFO] 2025-05-16 15:03:12 - [ArticleSearch] Token ontvangen (vervalt in 1800s)
[INFO] 2025-05-16 15:03:12 - [Startup] Vooraf token laden voor StockInfo...
[INFO] 2025-05-16 15:03:12 - [StockInfo] Token aanvragen bij https://api.cgk-group.com/api/account/login...
[INFO] 2025-05-16 15:03:13 - [StockInfo] Token ontvangen (vervalt in 1800s)
[INFO] 2025-05-16 15:13:38 - [ArticleSearch] Token aanvragen bij https://api.cgk-group.com/api/account/login...
[INFO] 2025-05-16 15:13:39 - [ArticleSearch] Token ontvangen (vervalt in 1800s)
[INFO] 2025-05-16 15:13:39 - [Startup] Vooraf token laden voor StockInfo...
[INFO] 2025-05-16 15:13:39 - [StockInfo] Token aanvragen bij https://api.cgk-group.com/api/account/login...
[INFO] 2025-05-16 15:13:39 - [StockInfo] Token ontvangen (vervalt in 1800s)
[INFO] 2025-05-16 15:50:18 - [ArticleSearch] Token aanvragen bij https://api.cgk-group.com/api/account/login...
[INFO] 2025-05-16 15:50:19 - [ArticleSearch] Token ontvangen (vervalt in 1800s)
[INFO] 2025-05-16 15:50:19 - [Startup] Vooraf token laden voor StockInfo...
[INFO] 2025-05-16 15:50:19 - [StockInfo] Token aanvragen bij https://api.cgk-group.com/api/account/login...
[INFO] 2025-05-16 15:50:19 - [StockInfo] Token ontvangen (vervalt in 1800s)
[INFO] 2025-05-16 16:09:51 - [ArticleSearch] Token aanvragen bij https://api.cgk-group.com/api/account/login...
[INFO] 2025-05-16 16:09:51 - [ArticleSearch] Token ontvangen (vervalt in 1800s)
[INFO] 2025-05-16 16:09:51 - [Startup] Vooraf token laden voor StockInfo...
[INFO] 2025-05-16 16:09:51 - [StockInfo] Token aanvragen bij https://api.cgk-group.com/api/account/login...
[INFO] 2025-05-16 16:09:51 - [StockInfo] Token ontvangen (vervalt in 1800s)
[INFO] 2025-05-16 16:15:45 - [ArticleSearch] Token aanvragen bij https://api.cgk-group.com/api/account/login...
[INFO] 2025-05-16 16:15:45 - [ArticleSearch] Token ontvangen (vervalt in 1800s)
[INFO] 2025-05-16 16:15:45 - [Startup] Vooraf token laden voor StockInfo...
[INFO] 2025-05-16 16:15:45 - [StockInfo] Token aanvragen bij https://api.cgk-group.com/api/account/login...
[INFO] 2025-05-16 16:15:46 - [StockInfo] Token ontvangen (vervalt in 1800s)
[INFO] 2025-05-16 16:21:29 - [ArticleSearch] Token aanvragen bij https://api.cgk-group.com/api/account/login...
[INFO] 2025-05-16 16:21:29 - [ArticleSearch] Token ontvangen (vervalt in 1800s)
[INFO] 2025-05-16 16:21:29 - [Startup] Vooraf token laden voor StockInfo...
[INFO] 2025-05-16 16:21:29 - [StockInfo] Token aanvragen bij https://api.cgk-group.com/api/account/login...
[INFO] 2025-05-16 16:21:29 - [StockInfo] Token ontvangen (vervalt in 1800s)
[INFO] 2025-05-16 16:24:04 - [ArticleSearch] Token aanvragen bij https://api.cgk-group.com/api/account/login...
[INFO] 2025-05-16 16:24:05 - [ArticleSearch] Token ontvangen (vervalt in 1800s)
[INFO] 2025-05-16 16:24:05 - [Startup] Vooraf token laden voor StockInfo...
[INFO] 2025-05-16 16:24:05 - [StockInfo] Token aanvragen bij https://api.cgk-group.com/api/account/login...
[INFO] 2025-05-16 16:24:05 - [StockInfo] Token ontvangen (vervalt in 1800s)
[INFO] 2025-05-16 16:26:18 - [ArticleSearch] Token aanvragen bij https://api.cgk-group.com/api/account/login...
[INFO] 2025-05-16 16:26:18 - [ArticleSearch] Token ontvangen (vervalt in 1800s)
[INFO] 2025-05-16 16:26:18 - [Startup] Vooraf token laden voor StockInfo...
[INFO] 2025-05-16 16:26:18 - [StockInfo] Token aanvragen bij https://api.cgk-group.com/api/account/login...
[INFO] 2025-05-16 16:26:18 - [StockInfo] Token ontvangen (vervalt in 1800s)
[INFO] 2025-05-16 16:29:16 - [ArticleSearch] Token aanvragen bij https://api.cgk-group.com/api/account/login...
[INFO] 2025-05-16 16:29:16 - [ArticleSearch] Token ontvangen (vervalt in 1800s)
[INFO] 2025-05-16 16:29:16 - [Startup] Vooraf token laden voor StockInfo...
[INFO] 2025-05-16 16:29:16 - [StockInfo] Token aanvragen bij https://api.cgk-group.com/api/account/login...
[INFO] 2025-05-16 16:29:16 - [StockInfo] Token ontvangen (vervalt in 1800s)
[INFO] 2025-05-16 16:34:54 - [ArticleSearch] Token aanvragen bij https://api.cgk-group.com/api/account/login...
[INFO] 2025-05-16 16:34:55 - [ArticleSearch] Token ontvangen (vervalt in 1800s)
[INFO] 2025-05-16 16:34:55 - [Startup] Vooraf token laden voor StockInfo...
[INFO] 2025-05-16 16:34:55 - [StockInfo] Token aanvragen bij https://api.cgk-group.com/api/account/login...
[INFO] 2025-05-16 16:34:55 - [StockInfo] Token ontvangen (vervalt in 1800s)
[INFO] 2025-05-16 16:43:50 - [ArticleSearch] Token aanvragen bij https://api.cgk-group.com/api/account/login...
[INFO] 2025-05-16 16:43:50 - [ArticleSearch] Token ontvangen (vervalt in 1800s)
[INFO] 2025-05-16 16:43:50 - [Startup] Vooraf token laden voor StockInfo...
[INFO] 2025-05-16 16:43:50 - [StockInfo] Token aanvragen bij https://api.cgk-group.com/api/account/login...
[INFO] 2025-05-16 16:43:50 - [StockInfo] Token ontvangen (vervalt in 1800s)
[INFO] 2025-05-16 17:02:16 - [ArticleSearch] Token aanvragen bij https://api.cgk-group.com/api/account/login...
[INFO] 2025-05-16 17:02:17 - [ArticleSearch] Token ontvangen (vervalt in 1800s)
[INFO] 2025-05-16 17:02:17 - [Startup] Vooraf token laden voor StockInfo...
[INFO] 2025-05-16 17:02:17 - [StockInfo] Token aanvragen bij https://api.cgk-group.com/api/account/login...
[INFO] 2025-05-16 17:02:17 - [StockInfo] Token ontvangen (vervalt in 1800s)
[INFO] 2025-05-17 09:14:26 - [ArticleSearch] Token aanvragen bij https://api.cgk-group.com/api/account/login...
[INFO] 2025-05-17 09:14:26 - [ArticleSearch] Token ontvangen (vervalt in 1800s)
[INFO] 2025-05-17 09:14:26 - [Startup] Vooraf token laden voor StockInfo...
[INFO] 2025-05-17 09:14:26 - [StockInfo] Token aanvragen bij https://api.cgk-group.com/api/account/login...
[INFO] 2025-05-17 09:14:27 - [StockInfo] Token ontvangen (vervalt in 1800s)
[INFO] 2025-05-17 09:18:43 - [ArticleSearch] Token aanvragen bij https://api.cgk-group.com/api/account/login...
[INFO] 2025-05-17 09:18:43 - [ArticleSearch] Token ontvangen (vervalt in 1800s)
[INFO] 2025-05-17 09:18:43 - [Startup] Vooraf token laden voor StockInfo...
[INFO] 2025-05-17 09:18:43 - [StockInfo] Token aanvragen bij https://api.cgk-group.com/api/account/login...
[INFO] 2025-05-17 09:18:43 - [StockInfo] Token ontvangen (vervalt in 1800s)
[INFO] 2025-05-17 09:32:53 - [ArticleSearch] Token aanvragen bij https://api.cgk-group.com/api/account/login...
[INFO] 2025-05-17 09:32:54 - [ArticleSearch] Token ontvangen (vervalt in 1800s)
[INFO] 2025-05-17 09:32:54 - [Startup] Vooraf token laden voor StockInfo...
[INFO] 2025-05-17 09:32:54 - [StockInfo] Token aanvragen bij https://api.cgk-group.com/api/account/login...
[INFO] 2025-05-17 09:32:54 - [StockInfo] Token ontvangen (vervalt in 1800s)
[INFO] 2025-05-17 09:40:25 - [ArticleSearch] Token aanvragen bij https://api.cgk-group.com/api/account/login...
[INFO] 2025-05-17 09:40:25 - [ArticleSearch] Token ontvangen (vervalt in 1800s)
[INFO] 2025-05-17 09:40:25 - [Startup] Vooraf token laden voor StockInfo...
[INFO] 2025-05-17 09:40:25 - [StockInfo] Token aanvragen bij https://api.cgk-group.com/api/account/login...
[INFO] 2025-05-17 09:40:26 - [StockInfo] Token ontvangen (vervalt in 1800s)
[INFO] 2025-05-17 09:44:40 - [ArticleSearch] Token aanvragen bij https://api.cgk-group.com/api/account/login...
[INFO] 2025-05-17 09:44:41 - [ArticleSearch] Token ontvangen (vervalt in 1800s)
[INFO] 2025-05-17 09:44:41 - [Startup] Vooraf token laden voor StockInfo...
[INFO] 2025-05-17 09:44:41 - [StockInfo] Token aanvragen bij https://api.cgk-group.com/api/account/login...
[INFO] 2025-05-17 09:44:41 - [StockInfo] Token ontvangen (vervalt in 1800s)
[INFO] 2025-05-17 09:53:10 - [ArticleSearch] Token aanvragen bij https://api.cgk-group.com/api/account/login...
[INFO] 2025-05-17 09:53:10 - [ArticleSearch] Token ontvangen (vervalt in 1800s)
[INFO] 2025-05-17 09:53:10 - [Startup] Vooraf token laden voor StockInfo...
[INFO] 2025-05-17 09:53:10 - [StockInfo] Token aanvragen bij https://api.cgk-group.com/api/account/login...
[INFO] 2025-05-17 09:53:11 - [StockInfo] Token ontvangen (vervalt in 1800s)
[INFO] 2025-05-17 09:58:34 - [ArticleSearch] Token aanvragen bij https://api.cgk-group.com/api/account/login...
[INFO] 2025-05-17 09:58:34 - [ArticleSearch] Token ontvangen (vervalt in 1800s)
[INFO] 2025-05-17 09:58:34 - [Startup] Vooraf token laden voor StockInfo...
[INFO] 2025-05-17 09:58:34 - [StockInfo] Token aanvragen bij https://api.cgk-group.com/api/account/login...
[INFO] 2025-05-17 09:58:35 - [StockInfo] Token ontvangen (vervalt in 1800s)
[INFO] 2025-05-17 12:22:47 - [ArticleSearch] Token aanvragen bij https://api.cgk-group.com/api/account/login...
[INFO] 2025-05-17 12:22:48 - [ArticleSearch] Token ontvangen (vervalt in 1800s)
[INFO] 2025-05-17 12:22:48 - [Startup] Vooraf token laden voor StockInfo...
[INFO] 2025-05-17 12:22:48 - [StockInfo] Token aanvragen bij https://api.cgk-group.com/api/account/login...
[INFO] 2025-05-17 12:22:49 - [StockInfo] Token ontvangen (vervalt in 1800s)
[INFO] 2025-05-17 12:27:12 - [ArticleSearch] Token aanvragen bij https://api.cgk-group.com/api/account/login...
[INFO] 2025-05-17 12:27:13 - [ArticleSearch] Token ontvangen (vervalt in 1800s)
[INFO] 2025-05-17 12:27:13 - [Startup] Vooraf token laden voor StockInfo...
[INFO] 2025-05-17 12:27:13 - [StockInfo] Token aanvragen bij https://api.cgk-group.com/api/account/login...
[INFO] 2025-05-17 12:27:13 - [StockInfo] Token ontvangen (vervalt in 1800s)
[INFO] 2025-05-17 12:28:04 - [ArticleSearch] Token aanvragen bij https://api.cgk-group.com/api/account/login...
[INFO] 2025-05-17 12:28:04 - [ArticleSearch] Token ontvangen (vervalt in 1800s)
[INFO] 2025-05-17 12:28:04 - [Startup] Vooraf token laden voor StockInfo...
[INFO] 2025-05-17 12:28:04 - [StockInfo] Token aanvragen bij https://api.cgk-group.com/api/account/login...
[INFO] 2025-05-17 12:28:04 - [StockInfo] Token ontvangen (vervalt in 1800s)
[INFO] 2025-05-17 12:37:41 - [ArticleSearch] Token aanvragen bij https://api.cgk-group.com/api/account/login...
[INFO] 2025-05-17 12:37:42 - [ArticleSearch] Token ontvangen (vervalt in 1800s)
[INFO] 2025-05-17 12:37:43 - [Startup] Vooraf token laden voor StockInfo...
[INFO] 2025-05-17 12:37:43 - [StockInfo] Token aanvragen bij https://api.cgk-group.com/api/account/login...
[INFO] 2025-05-17 12:37:44 - [StockInfo] Token ontvangen (vervalt in 1800s)
[INFO] 2025-05-17 12:40:05 - [ArticleSearch] Token aanvragen bij https://api.cgk-group.com/api/account/login...
[INFO] 2025-05-17 12:40:06 - [ArticleSearch] Token ontvangen (vervalt in 1800s)
[INFO] 2025-05-17 12:40:06 - [Startup] Vooraf token laden voor StockInfo...
[INFO] 2025-05-17 12:40:06 - [StockInfo] Token aanvragen bij https://api.cgk-group.com/api/account/login...
[INFO] 2025-05-17 12:40:06 - [StockInfo] Token ontvangen (vervalt in 1800s)
[INFO] 2025-05-17 17:48:33 - [ArticleSearch] Token aanvragen bij https://api.cgk-group.com/api/account/login...
[INFO] 2025-05-17 17:48:34 - [ArticleSearch] Token ontvangen (vervalt in 1800s)
[INFO] 2025-05-17 17:48:34 - [Startup] Vooraf token laden voor StockInfo...
[INFO] 2025-05-17 17:48:34 - [StockInfo] Token aanvragen bij https://api.cgk-group.com/api/account/login...
[INFO] 2025-05-17 17:48:35 - [StockInfo] Token ontvangen (vervalt in 1800s)
[INFO] 2025-05-18 13:27:32 - [ArticleSearch] Token aanvragen bij https://api.cgk-group.com/api/account/login...
[INFO] 2025-05-18 13:27:33 - [ArticleSearch] Token ontvangen (vervalt in 1800s)
[INFO] 2025-05-18 13:27:33 - [Startup] Vooraf token laden voor StockInfo...
[INFO] 2025-05-18 13:27:33 - [StockInfo] Token aanvragen bij https://api.cgk-group.com/api/account/login...
[INFO] 2025-05-18 13:27:33 - [StockInfo] Token ontvangen (vervalt in 1800s)
[INFO] 2025-05-18 15:11:09 - [ArticleSearch] Token aanvragen bij https://api.cgk-group.com/api/account/login...
[INFO] 2025-05-18 15:11:10 - [ArticleSearch] Token ontvangen (vervalt in 1800s)
[INFO] 2025-05-18 15:11:10 - [Startup] Vooraf token laden voor StockInfo...
[INFO] 2025-05-18 15:11:10 - [StockInfo] Token aanvragen bij https://api.cgk-group.com/api/account/login...
[INFO] 2025-05-18 15:11:10 - [StockInfo] Token ontvangen (vervalt in 1800s)
[INFO] 2025-05-18 15:11:45 - [ArticleSearch] Token aanvragen bij https://api.cgk-group.com/api/account/login...
[INFO] 2025-05-18 15:11:45 - [ArticleSearch] Token ontvangen (vervalt in 1800s)
[INFO] 2025-05-18 15:11:45 - [Startup] Vooraf token laden voor StockInfo...
[INFO] 2025-05-18 15:11:45 - [StockInfo] Token aanvragen bij https://api.cgk-group.com/api/account/login...
[INFO] 2025-05-18 15:11:46 - [StockInfo] Token ontvangen (vervalt in 1800s)
[INFO] 2025-05-18 15:17:34 - [ArticleSearch] Token aanvragen bij https://api.cgk-group.com/api/account/login...
[INFO] 2025-05-18 15:17:34 - [ArticleSearch] Token ontvangen (vervalt in 1800s)
[INFO] 2025-05-18 15:17:34 - [Startup] Vooraf token laden voor StockInfo...
[INFO] 2025-05-18 15:17:34 - [StockInfo] Token aanvragen bij https://api.cgk-group.com/api/account/login...
[INFO] 2025-05-18 15:17:34 - [StockInfo] Token ontvangen (vervalt in 1800s)
[INFO] 2025-05-18 15:21:51 - [ArticleSearch] Token aanvragen bij https://api.cgk-group.com/api/account/login...
[INFO] 2025-05-18 15:21:51 - [ArticleSearch] Token ontvangen (vervalt in 1800s)
[INFO] 2025-05-18 15:21:51 - [Startup] Vooraf token laden voor StockInfo...
[INFO] 2025-05-18 15:21:51 - [StockInfo] Token aanvragen bij https://api.cgk-group.com/api/account/login...
[INFO] 2025-05-18 15:21:52 - [StockInfo] Token ontvangen (vervalt in 1800s)
[INFO] 2025-05-18 15:25:21 - [ArticleSearch] Token aanvragen bij https://api.cgk-group.com/api/account/login...
[INFO] 2025-05-18 15:25:21 - [ArticleSearch] Token ontvangen (vervalt in 1800s)
[INFO] 2025-05-18 15:25:21 - [Startup] Vooraf token laden voor StockInfo...
[INFO] 2025-05-18 15:25:21 - [StockInfo] Token aanvragen bij https://api.cgk-group.com/api/account/login...
[INFO] 2025-05-18 15:25:21 - [StockInfo] Token ontvangen (vervalt in 1800s)
[INFO] 2025-05-18 15:26:36 - [ArticleSearch] Token aanvragen bij https://api.cgk-group.com/api/account/login...
[INFO] 2025-05-18 15:26:36 - [ArticleSearch] Token ontvangen (vervalt in 1800s)
[INFO] 2025-05-18 15:26:36 - [Startup] Vooraf token laden voor StockInfo...
[INFO] 2025-05-18 15:26:36 - [StockInfo] Token aanvragen bij https://api.cgk-group.com/api/account/login...
[INFO] 2025-05-18 15:26:37 - [StockInfo] Token ontvangen (vervalt in 1800s)
[INFO] 2025-05-18 15:32:27 - [ArticleSearch] Token aanvragen bij https://api.cgk-group.com/api/account/login...
[INFO] 2025-05-18 15:32:27 - [ArticleSearch] Token ontvangen (vervalt in 1800s)
[INFO] 2025-05-18 15:32:27 - [Startup] Vooraf token laden voor StockInfo...
[INFO] 2025-05-18 15:32:27 - [StockInfo] Token aanvragen bij https://api.cgk-group.com/api/account/login...
[INFO] 2025-05-18 15:32:28 - [StockInfo] Token ontvangen (vervalt in 1800s)
[INFO] 2025-05-18 15:50:40 - [ArticleSearch] Token aanvragen bij https://api.cgk-group.com/api/account/login...
[INFO] 2025-05-18 15:50:41 - [ArticleSearch] Token ontvangen (vervalt in 1800s)
[INFO] 2025-05-18 15:50:41 - [Startup] Vooraf token laden voor StockInfo...
[INFO] 2025-05-18 15:50:41 - [StockInfo] Token aanvragen bij https://api.cgk-group.com/api/account/login...
[INFO] 2025-05-18 15:50:41 - [StockInfo] Token ontvangen (vervalt in 1800s)
[INFO] 2025-05-18 15:58:29 - [ArticleSearch] Token aanvragen bij https://api.cgk-group.com/api/account/login...
[INFO] 2025-05-18 15:58:30 - [ArticleSearch] Token ontvangen (vervalt in 1800s)
[INFO] 2025-05-18 15:58:30 - [Startup] Vooraf token laden voor StockInfo...
[INFO] 2025-05-18 15:58:30 - [StockInfo] Token aanvragen bij https://api.cgk-group.com/api/account/login...
[INFO] 2025-05-18 15:58:34 - [StockInfo] Token ontvangen (vervalt in 1800s)
[INFO] 2025-05-18 15:59:13 - [ArticleSearch] Token aanvragen bij https://api.cgk-group.com/api/account/login...
[INFO] 2025-05-18 15:59:13 - [ArticleSearch] Token ontvangen (vervalt in 1800s)
[INFO] 2025-05-18 15:59:13 - [Startup] Vooraf token laden voor StockInfo...
[INFO] 2025-05-18 15:59:13 - [StockInfo] Token aanvragen bij https://api.cgk-group.com/api/account/login...
[INFO] 2025-05-18 15:59:14 - [StockInfo] Token ontvangen (vervalt in 1800s)
[INFO] 2025-05-18 15:59:34 - [ArticleSearch] Token aanvragen bij https://api.cgk-group.com/api/account/login...
[INFO] 2025-05-18 15:59:34 - [ArticleSearch] Token ontvangen (vervalt in 1800s)
[INFO] 2025-05-18 15:59:34 - [Startup] Vooraf token laden voor StockInfo...
[INFO] 2025-05-18 15:59:34 - [StockInfo] Token aanvragen bij https://api.cgk-group.com/api/account/login...
[INFO] 2025-05-18 15:59:34 - [StockInfo] Token ontvangen (vervalt in 1800s)
[INFO] 2025-05-18 16:00:13 - [ArticleSearch] Token aanvragen bij https://api.cgk-group.com/api/account/login...
[INFO] 2025-05-18 16:00:14 - [ArticleSearch] Token ontvangen (vervalt in 1800s)
[INFO] 2025-05-18 16:00:14 - [Startup] Vooraf token laden voor StockInfo...
[INFO] 2025-05-18 16:00:14 - [StockInfo] Token aanvragen bij https://api.cgk-group.com/api/account/login...
[INFO] 2025-05-18 16:00:14 - [StockInfo] Token ontvangen (vervalt in 1800s)
[INFO] 2025-05-18 16:00:36 - [ArticleSearch] Token aanvragen bij https://api.cgk-group.com/api/account/login...
[INFO] 2025-05-18 16:00:36 - [ArticleSearch] Token ontvangen (vervalt in 1800s)
[INFO] 2025-05-18 16:00:36 - [Startup] Vooraf token laden voor StockInfo...
[INFO] 2025-05-18 16:00:36 - [StockInfo] Token aanvragen bij https://api.cgk-group.com/api/account/login...
[INFO] 2025-05-18 16:00:36 - [StockInfo] Token ontvangen (vervalt in 1800s)
[INFO] 2025-05-18 16:02:01 - [ArticleSearch] Token aanvragen bij https://api.cgk-group.com/api/account/login...
[INFO] 2025-05-18 16:02:01 - [ArticleSearch] Token ontvangen (vervalt in 1800s)
[INFO] 2025-05-18 16:02:01 - [Startup] Vooraf token laden voor StockInfo...
[INFO] 2025-05-18 16:02:01 - [StockInfo] Token aanvragen bij https://api.cgk-group.com/api/account/login...
[INFO] 2025-05-18 16:02:02 - [StockInfo] Token ontvangen (vervalt in 1800s)
[INFO] 2025-05-18 16:13:39 - [ArticleSearch] Token aanvragen bij https://api.cgk-group.com/api/account/login...
[INFO] 2025-05-18 16:13:40 - [ArticleSearch] Token ontvangen (vervalt in 1800s)
[INFO] 2025-05-18 16:13:40 - [Startup] Vooraf token laden voor StockInfo...
[INFO] 2025-05-18 16:13:40 - [StockInfo] Token aanvragen bij https://api.cgk-group.com/api/account/login...
[INFO] 2025-05-18 16:13:40 - [StockInfo] Token ontvangen (vervalt in 1800s)
[INFO] 2025-05-18 18:12:15 - [ArticleSearch] Token aanvragen bij https://api.cgk-group.com/api/account/login...
[INFO] 2025-05-18 18:12:15 - [ArticleSearch] Token ontvangen (vervalt in 1800s)
[INFO] 2025-05-18 18:12:15 - [Startup] Vooraf token laden voor StockInfo...
[INFO] 2025-05-18 18:12:15 - [StockInfo] Token aanvragen bij https://api.cgk-group.com/api/account/login...
[INFO] 2025-05-18 18:12:15 - [StockInfo] Token ontvangen (vervalt in 1800s)
[INFO] 2025-05-18 18:12:47 - [ArticleSearch] Token aanvragen bij https://api.cgk-group.com/api/account/login...
[INFO] 2025-05-18 18:12:47 - [ArticleSearch] Token ontvangen (vervalt in 1800s)
[INFO] 2025-05-18 18:12:47 - [Startup] Vooraf token laden voor StockInfo...
[INFO] 2025-05-18 18:12:47 - [StockInfo] Token aanvragen bij https://api.cgk-group.com/api/account/login...
[INFO] 2025-05-18 18:12:47 - [StockInfo] Token ontvangen (vervalt in 1800s)
[INFO] 2025-05-18 18:25:19 - [ArticleSearch] Token aanvragen bij https://api.cgk-group.com/api/account/login...
[INFO] 2025-05-18 18:25:19 - [ArticleSearch] Token ontvangen (vervalt in 1800s)
[INFO] 2025-05-18 18:25:19 - [Startup] Vooraf token laden voor StockInfo...
[INFO] 2025-05-18 18:25:19 - [StockInfo] Token aanvragen bij https://api.cgk-group.com/api/account/login...
[INFO] 2025-05-18 18:25:20 - [StockInfo] Token ontvangen (vervalt in 1800s)
[INFO] 2025-05-18 18:27:52 - [ArticleSearch] Token aanvragen bij https://api.cgk-group.com/api/account/login...
[INFO] 2025-05-18 18:27:52 - [ArticleSearch] Token ontvangen (vervalt in 1800s)
[INFO] 2025-05-18 18:27:52 - [Startup] Vooraf token laden voor StockInfo...
[INFO] 2025-05-18 18:27:52 - [StockInfo] Token aanvragen bij https://api.cgk-group.com/api/account/login...
[INFO] 2025-05-18 18:27:52 - [StockInfo] Token ontvangen (vervalt in 1800s)
[INFO] 2025-05-18 18:55:29 - [ArticleSearch] Token aanvragen bij https://api.cgk-group.com/api/account/login...
[INFO] 2025-05-18 18:55:29 - [ArticleSearch] Token ontvangen (vervalt in 1800s)
[INFO] 2025-05-18 18:55:29 - [Startup] Vooraf token laden voor StockInfo...
[INFO] 2025-05-18 18:55:29 - [StockInfo] Token aanvragen bij https://api.cgk-group.com/api/account/login...
[INFO] 2025-05-18 18:55:30 - [StockInfo] Token ontvangen (vervalt in 1800s)
[INFO] 2025-05-18 19:28:20 - [ArticleSearch] Token aanvragen bij https://api.cgk-group.com/api/account/login...
[INFO] 2025-05-18 19:28:21 - [ArticleSearch] Token ontvangen (vervalt in 1800s)
[INFO] 2025-05-18 19:28:21 - [Startup] Vooraf token laden voor StockInfo...
[INFO] 2025-05-18 19:28:21 - [StockInfo] Token aanvragen bij https://api.cgk-group.com/api/account/login...
[INFO] 2025-05-18 19:28:21 - [StockInfo] Token ontvangen (vervalt in 1800s)
[INFO] 2025-05-18 19:29:17 - [ArticleSearch] Token aanvragen bij https://api.cgk-group.com/api/account/login...
[INFO] 2025-05-18 19:29:18 - [ArticleSearch] Token ontvangen (vervalt in 1800s)
[INFO] 2025-05-18 19:29:18 - [Startup] Vooraf token laden voor StockInfo...
[INFO] 2025-05-18 19:29:18 - [StockInfo] Token aanvragen bij https://api.cgk-group.com/api/account/login...
[INFO] 2025-05-18 19:29:18 - [StockInfo] Token ontvangen (vervalt in 1800s)
[INFO] 2025-05-18 19:40:12 - [ArticleSearch] Token aanvragen bij https://api.cgk-group.com/api/account/login...
[INFO] 2025-05-18 19:40:13 - [ArticleSearch] Token ontvangen (vervalt in 1800s)
[INFO] 2025-05-18 19:40:13 - [Startup] Vooraf token laden voor StockInfo...
[INFO] 2025-05-18 19:40:13 - [StockInfo] Token aanvragen bij https://api.cgk-group.com/api/account/login...
[INFO] 2025-05-18 19:40:13 - [StockInfo] Token ontvangen (vervalt in 1800s)
[INFO] 2025-05-18 19:40:27 - [ArticleSearch] Token aanvragen bij https://api.cgk-group.com/api/account/login...
[INFO] 2025-05-18 19:40:28 - [ArticleSearch] Token ontvangen (vervalt in 1800s)
[INFO] 2025-05-18 19:40:28 - [Startup] Vooraf token laden voor StockInfo...
[INFO] 2025-05-18 19:40:28 - [StockInfo] Token aanvragen bij https://api.cgk-group.com/api/account/login...
[INFO] 2025-05-18 19:40:28 - [StockInfo] Token ontvangen (vervalt in 1800s)
[INFO] 2025-05-18 19:43:22 - [ArticleSearch] Token aanvragen bij https://api.cgk-group.com/api/account/login...
[INFO] 2025-05-18 19:43:22 - [ArticleSearch] Token ontvangen (vervalt in 1800s)
[INFO] 2025-05-18 19:43:22 - [Startup] Vooraf token laden voor StockInfo...
[INFO] 2025-05-18 19:43:22 - [StockInfo] Token aanvragen bij https://api.cgk-group.com/api/account/login...
[INFO] 2025-05-18 19:43:22 - [StockInfo] Token ontvangen (vervalt in 1800s)
[INFO] 2025-05-18 19:46:58 - [ArticleSearch] Token aanvragen bij https://api.cgk-group.com/api/account/login...
[INFO] 2025-05-18 19:46:58 - [ArticleSearch] Token ontvangen (vervalt in 1800s)
[INFO] 2025-05-18 19:46:58 - [Startup] Vooraf token laden voor StockInfo...
[INFO] 2025-05-18 19:46:58 - [StockInfo] Token aanvragen bij https://api.cgk-group.com/api/account/login...
[INFO] 2025-05-18 19:46:59 - [StockInfo] Token ontvangen (vervalt in 1800s)
[INFO] 2025-05-19 07:23:45 - [ArticleSearch] Token aanvragen bij https://api.cgk-group.com/api/account/login...
[INFO] 2025-05-19 07:23:45 - [ArticleSearch] Token ontvangen (vervalt in 1800s)
[INFO] 2025-05-19 07:23:45 - [Startup] Vooraf token laden voor StockInfo...
[INFO] 2025-05-19 07:23:45 - [StockInfo] Token aanvragen bij https://api.cgk-group.com/api/account/login...
[INFO] 2025-05-19 07:23:45 - [StockInfo] Token ontvangen (vervalt in 1800s)
[INFO] 2025-05-19 07:27:07 - [ArticleSearch] Token aanvragen bij https://api.cgk-group.com/api/account/login...
[INFO] 2025-05-19 07:27:07 - [ArticleSearch] Token ontvangen (vervalt in 1800s)
[INFO] 2025-05-19 07:27:07 - [Startup] Vooraf token laden voor StockInfo...
[INFO] 2025-05-19 07:27:07 - [StockInfo] Token aanvragen bij https://api.cgk-group.com/api/account/login...
[INFO] 2025-05-19 07:27:07 - [StockInfo] Token ontvangen (vervalt in 1800s)
[INFO] 2025-05-19 08:16:17 - [ArticleSearch] Token aanvragen bij https://api.cgk-group.com/api/account/login...
[INFO] 2025-05-19 08:16:17 - [ArticleSearch] Token ontvangen (vervalt in 1800s)
[INFO] 2025-05-19 08:16:17 - [Startup] Vooraf token laden voor StockInfo...
[INFO] 2025-05-19 08:16:17 - [StockInfo] Token aanvragen bij https://api.cgk-group.com/api/account/login...
[INFO] 2025-05-19 08:16:17 - [StockInfo] Token ontvangen (vervalt in 1800s)
[INFO] 2025-05-19 08:31:55 - [ArticleSearch] Token aanvragen bij https://api.cgk-group.com/api/account/login...
[INFO] 2025-05-19 08:31:55 - [ArticleSearch] Token ontvangen (vervalt in 1800s)
[INFO] 2025-05-19 08:31:55 - [Startup] Vooraf token laden voor StockInfo...
[INFO] 2025-05-19 08:31:55 - [StockInfo] Token aanvragen bij https://api.cgk-group.com/api/account/login...
[INFO] 2025-05-19 08:31:55 - [StockInfo] Token ontvangen (vervalt in 1800s)
[INFO] 2025-05-20 09:13:19 - [ArticleSearch] Token aanvragen bij https://api.cgk-group.com/api/account/login...
[INFO] 2025-05-20 09:13:19 - [ArticleSearch] Token ontvangen (vervalt in 1800s)
[INFO] 2025-05-20 09:13:19 - [Startup] Vooraf token laden voor StockInfo...
[INFO] 2025-05-20 09:13:19 - [StockInfo] Token aanvragen bij https://api.cgk-group.com/api/account/login...
[INFO] 2025-05-20 09:13:19 - [StockInfo] Token ontvangen (vervalt in 1800s)
[INFO] 2025-05-20 09:34:23 - [ArticleSearch] Token aanvragen bij https://api.cgk-group.com/api/account/login...
[INFO] 2025-05-20 09:34:23 - [ArticleSearch] Token ontvangen (vervalt in 1800s)
[INFO] 2025-05-20 09:34:23 - [Startup] Vooraf token laden voor StockInfo...
[INFO] 2025-05-20 09:34:23 - [StockInfo] Token aanvragen bij https://api.cgk-group.com/api/account/login...
[INFO] 2025-05-20 09:34:24 - [StockInfo] Token ontvangen (vervalt in 1800s)
[INFO] 2025-05-20 09:58:55 - [ArticleSearch] Token aanvragen bij https://api.cgk-group.com/api/account/login...
[INFO] 2025-05-20 09:58:56 - [ArticleSearch] Token ontvangen (vervalt in 1800s)
[INFO] 2025-05-20 09:58:56 - [Startup] Vooraf token laden voor StockInfo...
[INFO] 2025-05-20 09:58:56 - [StockInfo] Token aanvragen bij https://api.cgk-group.com/api/account/login...
[INFO] 2025-05-20 09:58:56 - [StockInfo] Token ontvangen (vervalt in 1800s)
[INFO] 2025-05-20 10:15:59 - [ArticleSearch] Token aanvragen bij https://api.cgk-group.com/api/account/login...
[INFO] 2025-05-20 10:15:59 - [ArticleSearch] Token ontvangen (vervalt in 1800s)
[INFO] 2025-05-20 10:15:59 - [Startup] Vooraf token laden voor StockInfo...
[INFO] 2025-05-20 10:15:59 - [StockInfo] Token aanvragen bij https://api.cgk-group.com/api/account/login...
[INFO] 2025-05-20 10:15:59 - [StockInfo] Token ontvangen (vervalt in 1800s)
[INFO] 2025-05-20 10:23:35 - [ArticleSearch] Token aanvragen bij https://api.cgk-group.com/api/account/login...
[INFO] 2025-05-20 10:23:35 - [ArticleSearch] Token ontvangen (vervalt in 1800s)
[INFO] 2025-05-20 10:23:35 - [Startup] Vooraf token laden voor StockInfo...
[INFO] 2025-05-20 10:23:35 - [StockInfo] Token aanvragen bij https://api.cgk-group.com/api/account/login...
[INFO] 2025-05-20 10:23:35 - [StockInfo] Token ontvangen (vervalt in 1800s)
[INFO] 2025-05-21 07:34:56 - [OITMI] Token aanvragen bij https://api.cgk-group.com/api/account/login...
[INFO] 2025-05-21 07:34:56 - [OITMI] Token ontvangen (vervalt in 1800s)
[INFO] 2025-05-21 07:44:43 - [ArticleSearch] Token aanvragen bij https://api.cgk-group.com/api/account/login...
[INFO] 2025-05-21 07:44:43 - [ArticleSearch] Token ontvangen (vervalt in 1800s)
[INFO] 2025-05-21 07:44:43 - [Startup] Vooraf token laden voor StockInfo...
[INFO] 2025-05-21 07:44:43 - [StockInfo] Token aanvragen bij https://api.cgk-group.com/api/account/login...
[INFO] 2025-05-21 07:44:43 - [StockInfo] Token ontvangen (vervalt in 1800s)
[INFO] 2025-05-21 07:52:58 - [OITMI] Token aanvragen bij https://api.cgk-group.com/api/account/login...
[ERROR] 2025-05-21 07:52:58 - [OITMI] Token aanvraag mislukt: 401 Client Error: Unauthorized for url: https://api.cgk-group.com/api/account/login
[INFO] 2025-05-21 08:15:52 - [OITMI] Token aanvragen bij https://api.cgk-group.com/api/account/login...
[INFO] 2025-05-21 08:15:52 - [OITMI] Token ontvangen (vervalt in 1800s)
[INFO] 2025-05-21 08:17:59 - [ArticleSearch] Token aanvragen bij https://api.cgk-group.com/api/account/login...
[INFO] 2025-05-21 08:17:59 - [ArticleSearch] Token ontvangen (vervalt in 1800s)
[INFO] 2025-05-21 08:17:59 - [Startup] Vooraf token laden voor StockInfo...
[INFO] 2025-05-21 08:17:59 - [StockInfo] Token aanvragen bij https://api.cgk-group.com/api/account/login...
[INFO] 2025-05-21 08:17:59 - [StockInfo] Token ontvangen (vervalt in 1800s)
[INFO] 2025-05-21 08:29:08 - [OITMI] Token aanvragen bij https://api.cgk-group.com/api/account/login...
[INFO] 2025-05-21 08:29:09 - [OITMI] Token ontvangen (vervalt in 1800s)
[INFO] 2025-05-21 08:30:18 - [ArticleSearch] Token aanvragen bij https://api.cgk-group.com/api/account/login...
[INFO] 2025-05-21 08:30:18 - [ArticleSearch] Token ontvangen (vervalt in 1800s)
[INFO] 2025-05-21 08:30:18 - [Startup] Vooraf token laden voor StockInfo...
[INFO] 2025-05-21 08:30:18 - [StockInfo] Token aanvragen bij https://api.cgk-group.com/api/account/login...
[INFO] 2025-05-21 08:30:18 - [StockInfo] Token ontvangen (vervalt in 1800s)
[INFO] 2025-05-21 08:34:42 - [ArticleSearch] Token aanvragen bij https://api.cgk-group.com/api/account/login...
[INFO] 2025-05-21 08:34:42 - [ArticleSearch] Token ontvangen (vervalt in 1800s)
[INFO] 2025-05-21 08:34:42 - [Startup] Vooraf token laden voor StockInfo...
[INFO] 2025-05-21 08:34:42 - [StockInfo] Token aanvragen bij https://api.cgk-group.com/api/account/login...
[INFO] 2025-05-21 08:34:43 - [StockInfo] Token ontvangen (vervalt in 1800s)
[INFO] 2025-05-21 08:36:10 - [ArticleSearch] Token aanvragen bij https://api.cgk-group.com/api/account/login...
[INFO] 2025-05-21 08:36:10 - [ArticleSearch] Token ontvangen (vervalt in 1800s)
[INFO] 2025-05-21 08:36:10 - [Startup] Vooraf token laden voor StockInfo...
[INFO] 2025-05-21 08:36:10 - [StockInfo] Token aanvragen bij https://api.cgk-group.com/api/account/login...
[INFO] 2025-05-21 08:36:10 - [StockInfo] Token ontvangen (vervalt in 1800s)
[INFO] 2025-05-21 08:36:45 - [OITMI] Token aanvragen bij https://api.cgk-group.com/api/account/login...
[INFO] 2025-05-21 08:36:45 - [OITMI] Token ontvangen (vervalt in 1800s)
[INFO] 2025-05-21 08:37:23 - [ArticleSearch] Token aanvragen bij https://api.cgk-group.com/api/account/login...
[INFO] 2025-05-21 08:37:23 - [ArticleSearch] Token ontvangen (vervalt in 1800s)
[INFO] 2025-05-21 08:37:23 - [Startup] Vooraf token laden voor StockInfo...
[INFO] 2025-05-21 08:37:23 - [StockInfo] Token aanvragen bij https://api.cgk-group.com/api/account/login...
[INFO] 2025-05-21 08:37:23 - [StockInfo] Token ontvangen (vervalt in 1800s)
[INFO] 2025-05-21 13:41:56 - [ArticleSearch] Token aanvragen bij https://api.cgk-group.com/api/account/login...
[INFO] 2025-05-21 13:41:57 - [ArticleSearch] Token ontvangen (vervalt in 1800s)
[INFO] 2025-05-21 13:41:57 - [Startup] Vooraf token laden voor StockInfo...
[INFO] 2025-05-21 13:41:57 - [StockInfo] Token aanvragen bij https://api.cgk-group.com/api/account/login...
[INFO] 2025-05-21 13:41:57 - [StockInfo] Token ontvangen (vervalt in 1800s)
[INFO] 2025-05-21 13:52:47 - [OITMI] Token aanvragen bij https://api.cgk-group.com/api/account/login...
[INFO] 2025-05-21 13:52:48 - [OITMI] Token ontvangen (vervalt in 1800s)
[INFO] 2025-05-21 13:53:33 - [ArticleSearch] Token aanvragen bij https://api.cgk-group.com/api/account/login...
[INFO] 2025-05-21 13:53:33 - [ArticleSearch] Token ontvangen (vervalt in 1800s)
[INFO] 2025-05-21 13:53:33 - [Startup] Vooraf token laden voor StockInfo...
[INFO] 2025-05-21 13:53:33 - [StockInfo] Token aanvragen bij https://api.cgk-group.com/api/account/login...
[INFO] 2025-05-21 13:53:33 - [StockInfo] Token ontvangen (vervalt in 1800s)
[INFO] 2025-05-21 13:58:27 - [OITMI] Token aanvragen bij https://api.cgk-group.com/api/account/login...
[INFO] 2025-05-21 13:58:27 - [OITMI] Token ontvangen (vervalt in 1800s)
[INFO] 2025-05-21 13:58:46 - [ArticleSearch] Token aanvragen bij https://api.cgk-group.com/api/account/login...
[INFO] 2025-05-21 13:58:46 - [ArticleSearch] Token ontvangen (vervalt in 1800s)
[INFO] 2025-05-21 13:58:46 - [Startup] Vooraf token laden voor StockInfo...
[INFO] 2025-05-21 13:58:46 - [StockInfo] Token aanvragen bij https://api.cgk-group.com/api/account/login...
[INFO] 2025-05-21 13:58:46 - [StockInfo] Token ontvangen (vervalt in 1800s)
[INFO] 2025-05-21 14:27:49 - [ArticleSearch] Token aanvragen bij https://api.cgk-group.com/api/account/login...
[INFO] 2025-05-21 14:27:49 - [ArticleSearch] Token ontvangen (vervalt in 1800s)
[INFO] 2025-05-21 14:27:49 - [Startup] Vooraf token laden voor StockInfo...
[INFO] 2025-05-21 14:27:49 - [StockInfo] Token aanvragen bij https://api.cgk-group.com/api/account/login...
[INFO] 2025-05-21 14:27:49 - [StockInfo] Token ontvangen (vervalt in 1800s)
[INFO] 2025-05-21 14:33:39 - [ArticleSearch] Token aanvragen bij https://api.cgk-group.com/api/account/login...
[INFO] 2025-05-21 14:33:39 - [ArticleSearch] Token ontvangen (vervalt in 1800s)
[INFO] 2025-05-21 14:33:39 - [Startup] Vooraf token laden voor StockInfo...
[INFO] 2025-05-21 14:33:39 - [StockInfo] Token aanvragen bij https://api.cgk-group.com/api/account/login...
[INFO] 2025-05-21 14:33:39 - [StockInfo] Token ontvangen (vervalt in 1800s)
[INFO] 2025-05-21 14:34:45 - [ArticleSearch] Token aanvragen bij https://api-test.cgk-group.com/api/account/login...
[INFO] 2025-05-21 14:34:50 - [ArticleSearch] Token ontvangen (vervalt in 1800s)
[INFO] 2025-05-21 14:34:50 - [Startup] Vooraf token laden voor StockInfo...
[INFO] 2025-05-21 14:34:50 - [StockInfo] Token aanvragen bij https://api-test.cgk-group.com/api/account/login...
[INFO] 2025-05-21 14:34:50 - [StockInfo] Token ontvangen (vervalt in 1800s)
[INFO] 2025-05-21 14:37:52 - [ArticleSearch] Token aanvragen bij https://api.cgk-group.com/api/account/login...
[INFO] 2025-05-21 14:37:52 - [ArticleSearch] Token ontvangen (vervalt in 1800s)
[INFO] 2025-05-21 14:37:52 - [Startup] Vooraf token laden voor StockInfo...
[INFO] 2025-05-21 14:37:52 - [StockInfo] Token aanvragen bij https://api.cgk-group.com/api/account/login...
[INFO] 2025-05-21 14:37:52 - [StockInfo] Token ontvangen (vervalt in 1800s)
[INFO] 2025-05-21 14:53:47 - [OITMI] Token aanvragen bij https://api.cgk-group.com/api/account/login...
[INFO] 2025-05-21 14:53:47 - [OITMI] Token ontvangen (vervalt in 1800s)
[INFO] 2025-05-21 15:07:39 - [OITMI] Token aanvragen bij https://api.cgk-group.com/api/account/login...
[INFO] 2025-05-21 15:07:39 - [OITMI] Token ontvangen (vervalt in 1800s)
[INFO] 2025-05-22 07:28:25 - [OITMI] Token aanvragen bij https://api.cgk-group.com/api/account/login...
[INFO] 2025-05-22 07:28:26 - [OITMI] Token ontvangen (vervalt in 1800s)
[INFO] 2025-05-22 07:34:18 - [OITMI] Token aanvragen bij https://api.cgk-group.com/api/account/login...
[INFO] 2025-05-22 07:34:18 - [OITMI] Token ontvangen (vervalt in 1800s)
[INFO] 2025-05-22 07:38:34 - [OITMI] Token aanvragen bij https://api.cgk-group.com/api/account/login...
[INFO] 2025-05-22 07:38:34 - [OITMI] Token ontvangen (vervalt in 1800s)
[INFO] 2025-05-22 11:13:30 - [ArticleSearch] Token aanvragen bij https://api.cgk-group.com/api/account/login...
[INFO] 2025-05-22 11:13:30 - [ArticleSearch] Token ontvangen (vervalt in 1800s)
[INFO] 2025-05-22 11:13:30 - [Startup] Vooraf token laden voor StockInfo...
[INFO] 2025-05-22 11:13:30 - [StockInfo] Token aanvragen bij https://api.cgk-group.com/api/account/login...
[INFO] 2025-05-22 11:13:30 - [StockInfo] Token ontvangen (vervalt in 1800s)
[INFO] 2025-05-22 11:19:40 - [ArticleSearch] Token aanvragen bij https://api.cgk-group.com/api/account/login...
[INFO] 2025-05-22 11:19:40 - [ArticleSearch] Token ontvangen (vervalt in 1800s)
[INFO] 2025-05-22 11:19:40 - [Startup] Vooraf token laden voor StockInfo...
[INFO] 2025-05-22 11:19:40 - [StockInfo] Token aanvragen bij https://api.cgk-group.com/api/account/login...
[INFO] 2025-05-22 11:19:40 - [StockInfo] Token ontvangen (vervalt in 1800s)
[INFO] 2025-05-22 11:22:52 - [ArticleSearch] Token aanvragen bij https://api.cgk-group.com/api/account/login...
[INFO] 2025-05-22 11:22:52 - [ArticleSearch] Token ontvangen (vervalt in 1800s)
[INFO] 2025-05-22 11:22:52 - [Startup] Vooraf token laden voor StockInfo...
[INFO] 2025-05-22 11:22:52 - [StockInfo] Token aanvragen bij https://api.cgk-group.com/api/account/login...
[INFO] 2025-05-22 11:22:52 - [StockInfo] Token ontvangen (vervalt in 1800s)
[INFO] 2025-05-22 11:32:16 - [ArticleSearch] Token aanvragen bij https://api.cgk-group.com/api/account/login...
[INFO] 2025-05-22 11:32:16 - [ArticleSearch] Token ontvangen (vervalt in 1800s)
[INFO] 2025-05-22 11:32:16 - [Startup] Vooraf token laden voor StockInfo...
[INFO] 2025-05-22 11:32:16 - [StockInfo] Token aanvragen bij https://api.cgk-group.com/api/account/login...
[INFO] 2025-05-22 11:32:16 - [StockInfo] Token ontvangen (vervalt in 1800s)
[INFO] 2025-05-22 16:03:56 - [ArticleSearch] Token aanvragen bij https://api.cgk-group.com/api/account/login...
[INFO] 2025-05-22 16:03:56 - [ArticleSearch] Token ontvangen (vervalt in 1800s)
[INFO] 2025-05-22 16:03:56 - [Startup] Vooraf token laden voor StockInfo...
[INFO] 2025-05-22 16:03:56 - [StockInfo] Token aanvragen bij https://api.cgk-group.com/api/account/login...
[INFO] 2025-05-22 16:03:56 - [StockInfo] Token ontvangen (vervalt in 1800s)
[INFO] 2025-05-23 07:24:19 - [ArticleSearch] Token aanvragen bij https://api.cgk-group.com/api/account/login...
[INFO] 2025-05-23 07:24:19 - [ArticleSearch] Token ontvangen (vervalt in 1800s)
[INFO] 2025-05-23 07:24:19 - [Startup] Vooraf token laden voor StockInfo...
[INFO] 2025-05-23 07:24:19 - [StockInfo] Token aanvragen bij https://api.cgk-group.com/api/account/login...
[INFO] 2025-05-23 07:24:19 - [StockInfo] Token ontvangen (vervalt in 1800s)
[INFO] 2025-05-23 07:25:56 - [ArticleSearch] Token aanvragen bij https://api.cgk-group.com/api/account/login...
[INFO] 2025-05-23 07:25:56 - [ArticleSearch] Token ontvangen (vervalt in 1800s)
[INFO] 2025-05-23 07:25:56 - [Startup] Vooraf token laden voor StockInfo...
[INFO] 2025-05-23 07:25:56 - [StockInfo] Token aanvragen bij https://api.cgk-group.com/api/account/login...
[INFO] 2025-05-23 07:25:56 - [StockInfo] Token ontvangen (vervalt in 1800s)
[INFO] 2025-05-23 07:28:26 - [ArticleSearch] Token aanvragen bij https://api.cgk-group.com/api/account/login...
[INFO] 2025-05-23 07:28:26 - [ArticleSearch] Token ontvangen (vervalt in 1800s)
[INFO] 2025-05-23 07:28:26 - [Startup] Vooraf token laden voor StockInfo...
[INFO] 2025-05-23 07:28:26 - [StockInfo] Token aanvragen bij https://api.cgk-group.com/api/account/login...
[INFO] 2025-05-23 07:28:26 - [StockInfo] Token ontvangen (vervalt in 1800s)
[INFO] 2025-05-23 07:28:48 - [OITMI] Token aanvragen bij https://api.cgk-group.com/api/account/login...
[INFO] 2025-05-23 07:28:48 - [OITMI] Token ontvangen (vervalt in 1800s)
[INFO] 2025-05-23 07:29:28 - [ArticleSearch] Token aanvragen bij https://api-test.cgk-group.com/api/account/login...
[INFO] 2025-05-23 07:29:28 - [ArticleSearch] Token ontvangen (vervalt in 1800s)
[INFO] 2025-05-23 07:29:28 - [Startup] Vooraf token laden voor StockInfo...
[INFO] 2025-05-23 07:29:28 - [StockInfo] Token aanvragen bij https://api-test.cgk-group.com/api/account/login...
[INFO] 2025-05-23 07:29:28 - [StockInfo] Token ontvangen (vervalt in 1800s)
[INFO] 2025-05-23 07:29:50 - [OITMI] Token aanvragen bij https://api-test.cgk-group.com/api/account/login...
[INFO] 2025-05-23 07:29:50 - [OITMI] Token ontvangen (vervalt in 1800s)
[INFO] 2025-05-23 07:36:53 - [ArticleSearch] Token aanvragen bij https://api-test.cgk-group.com/api/account/login...
[INFO] 2025-05-23 07:36:53 - [ArticleSearch] Token ontvangen (vervalt in 1800s)
[INFO] 2025-05-23 07:36:53 - [Startup] Vooraf token laden voor StockInfo...
[INFO] 2025-05-23 07:36:53 - [StockInfo] Token aanvragen bij https://api-test.cgk-group.com/api/account/login...
[INFO] 2025-05-23 07:36:53 - [StockInfo] Token ontvangen (vervalt in 1800s)
[INFO] 2025-05-23 07:37:27 - [OITMI] Token aanvragen bij https://api-test.cgk-group.com/api/account/login...
[INFO] 2025-05-23 07:37:27 - [OITMI] Token ontvangen (vervalt in 1800s)
[INFO] 2025-05-23 07:39:35 - [ArticleSearch] Token aanvragen bij https://api-test.cgk-group.com/api/account/login...
[INFO] 2025-05-23 07:39:35 - [ArticleSearch] Token ontvangen (vervalt in 1800s)
[INFO] 2025-05-23 07:39:35 - [Startup] Vooraf token laden voor StockInfo...
[INFO] 2025-05-23 07:39:35 - [StockInfo] Token aanvragen bij https://api-test.cgk-group.com/api/account/login...
[INFO] 2025-05-23 07:39:36 - [StockInfo] Token ontvangen (vervalt in 1800s)
[INFO] 2025-05-23 07:41:01 - [ArticleSearch] Token aanvragen bij https://api-test.cgk-group.com/api/account/login...
[INFO] 2025-05-23 07:41:01 - [ArticleSearch] Token ontvangen (vervalt in 1800s)
[INFO] 2025-05-23 07:41:01 - [Startup] Vooraf token laden voor StockInfo...
[INFO] 2025-05-23 07:41:01 - [StockInfo] Token aanvragen bij https://api-test.cgk-group.com/api/account/login...
[INFO] 2025-05-23 07:41:01 - [StockInfo] Token ontvangen (vervalt in 1800s)
[INFO] 2025-05-23 07:44:01 - [ArticleSearch] Token aanvragen bij https://api-test.cgk-group.com/api/account/login...
[INFO] 2025-05-23 07:44:01 - [ArticleSearch] Token ontvangen (vervalt in 1800s)
[INFO] 2025-05-23 07:44:01 - [Startup] Vooraf token laden voor StockInfo...
[INFO] 2025-05-23 07:44:01 - [StockInfo] Token aanvragen bij https://api-test.cgk-group.com/api/account/login...
[INFO] 2025-05-23 07:44:01 - [StockInfo] Token ontvangen (vervalt in 1800s)
[INFO] 2025-05-23 07:45:17 - [ArticleSearch] Token aanvragen bij https://api-test.cgk-group.com/api/account/login...
[INFO] 2025-05-23 07:45:17 - [ArticleSearch] Token ontvangen (vervalt in 1800s)
[INFO] 2025-05-23 07:45:17 - [Startup] Vooraf token laden voor StockInfo...
[INFO] 2025-05-23 07:45:17 - [StockInfo] Token aanvragen bij https://api-test.cgk-group.com/api/account/login...
[INFO] 2025-05-23 07:45:17 - [StockInfo] Token ontvangen (vervalt in 1800s)
[INFO] 2025-05-23 07:49:20 - [ArticleSearch] Token aanvragen bij https://api-test.cgk-group.com/api/account/login...
[INFO] 2025-05-23 07:49:20 - [ArticleSearch] Token ontvangen (vervalt in 1800s)
[INFO] 2025-05-23 07:49:20 - [Startup] Vooraf token laden voor StockInfo...
[INFO] 2025-05-23 07:49:20 - [StockInfo] Token aanvragen bij https://api-test.cgk-group.com/api/account/login...
[INFO] 2025-05-23 07:49:20 - [StockInfo] Token ontvangen (vervalt in 1800s)
[INFO] 2025-05-23 07:53:11 - [ArticleSearch] Token aanvragen bij https://api-test.cgk-group.com/api/account/login...
[INFO] 2025-05-23 07:53:11 - [ArticleSearch] Token ontvangen (vervalt in 1800s)
[INFO] 2025-05-23 07:53:11 - [Startup] Vooraf token laden voor StockInfo...
[INFO] 2025-05-23 07:53:11 - [StockInfo] Token aanvragen bij https://api-test.cgk-group.com/api/account/login...
[INFO] 2025-05-23 07:53:11 - [StockInfo] Token ontvangen (vervalt in 1800s)
[INFO] 2025-05-23 07:54:15 - [ArticleSearch] Token aanvragen bij https://api-test.cgk-group.com/api/account/login...
[INFO] 2025-05-23 07:54:15 - [ArticleSearch] Token ontvangen (vervalt in 1800s)
[INFO] 2025-05-23 07:54:15 - [Startup] Vooraf token laden voor StockInfo...
[INFO] 2025-05-23 07:54:15 - [StockInfo] Token aanvragen bij https://api-test.cgk-group.com/api/account/login...
[INFO] 2025-05-23 07:54:15 - [StockInfo] Token ontvangen (vervalt in 1800s)
[INFO] 2025-05-23 07:55:08 - [ArticleSearch] Token aanvragen bij https://api-test.cgk-group.com/api/account/login...
[INFO] 2025-05-23 07:55:08 - [ArticleSearch] Token ontvangen (vervalt in 1800s)
[INFO] 2025-05-23 07:55:08 - [Startup] Vooraf token laden voor StockInfo...
[INFO] 2025-05-23 07:55:08 - [StockInfo] Token aanvragen bij https://api-test.cgk-group.com/api/account/login...
[INFO] 2025-05-23 07:55:08 - [StockInfo] Token ontvangen (vervalt in 1800s)
[INFO] 2025-05-23 07:56:48 - [ArticleSearch] Token aanvragen bij https://api-test.cgk-group.com/api/account/login...
[INFO] 2025-05-23 07:56:48 - [ArticleSearch] Token ontvangen (vervalt in 1800s)
[INFO] 2025-05-23 07:56:48 - [Startup] Vooraf token laden voor StockInfo...
[INFO] 2025-05-23 07:56:48 - [StockInfo] Token aanvragen bij https://api-test.cgk-group.com/api/account/login...
[INFO] 2025-05-23 07:56:48 - [StockInfo] Token ontvangen (vervalt in 1800s)
[INFO] 2025-05-23 07:58:17 - [ArticleSearch] Token aanvragen bij https://api-test.cgk-group.com/api/account/login...
[INFO] 2025-05-23 07:58:17 - [ArticleSearch] Token ontvangen (vervalt in 1800s)
[INFO] 2025-05-23 07:58:17 - [Startup] Vooraf token laden voor StockInfo...
[INFO] 2025-05-23 07:58:17 - [StockInfo] Token aanvragen bij https://api-test.cgk-group.com/api/account/login...
[INFO] 2025-05-23 07:58:17 - [StockInfo] Token ontvangen (vervalt in 1800s)
[INFO] 2025-05-23 07:59:00 - [ArticleSearch] Token aanvragen bij https://api-test.cgk-group.com/api/account/login...
[INFO] 2025-05-23 07:59:00 - [ArticleSearch] Token ontvangen (vervalt in 1800s)
[INFO] 2025-05-23 07:59:00 - [Startup] Vooraf token laden voor StockInfo...
[INFO] 2025-05-23 07:59:00 - [StockInfo] Token aanvragen bij https://api-test.cgk-group.com/api/account/login...
[INFO] 2025-05-23 07:59:00 - [StockInfo] Token ontvangen (vervalt in 1800s)
[INFO] 2025-05-23 08:01:38 - [ArticleSearch] Token aanvragen bij https://api-test.cgk-group.com/api/account/login...
[INFO] 2025-05-23 08:01:38 - [ArticleSearch] Token ontvangen (vervalt in 1800s)
[INFO] 2025-05-23 08:01:38 - [Startup] Vooraf token laden voor StockInfo...
[INFO] 2025-05-23 08:01:38 - [StockInfo] Token aanvragen bij https://api-test.cgk-group.com/api/account/login...
[INFO] 2025-05-23 08:01:38 - [StockInfo] Token ontvangen (vervalt in 1800s)
[INFO] 2025-05-23 08:02:26 - [ArticleSearch] Token aanvragen bij https://api-test.cgk-group.com/api/account/login...
[INFO] 2025-05-23 08:02:26 - [ArticleSearch] Token ontvangen (vervalt in 1800s)
[INFO] 2025-05-23 08:02:26 - [Startup] Vooraf token laden voor StockInfo...
[INFO] 2025-05-23 08:02:26 - [StockInfo] Token aanvragen bij https://api-test.cgk-group.com/api/account/login...
[INFO] 2025-05-23 08:02:26 - [StockInfo] Token ontvangen (vervalt in 1800s)
[INFO] 2025-05-23 08:05:19 - [ArticleSearch] Token aanvragen bij https://api-test.cgk-group.com/api/account/login...
[INFO] 2025-05-23 08:05:20 - [ArticleSearch] Token ontvangen (vervalt in 1800s)
[INFO] 2025-05-23 08:05:20 - [Startup] Vooraf token laden voor StockInfo...
[INFO] 2025-05-23 08:05:20 - [StockInfo] Token aanvragen bij https://api-test.cgk-group.com/api/account/login...
[INFO] 2025-05-23 08:05:20 - [StockInfo] Token ontvangen (vervalt in 1800s)
[INFO] 2025-05-23 08:05:52 - [OITMI] Token aanvragen bij https://api-test.cgk-group.com/api/account/login...
[INFO] 2025-05-23 08:05:52 - [OITMI] Token ontvangen (vervalt in 1800s)
[INFO] 2025-05-23 08:14:00 - [ArticleSearch] Token aanvragen bij https://api-test.cgk-group.com/api/account/login...
[INFO] 2025-05-23 08:14:00 - [ArticleSearch] Token ontvangen (vervalt in 1800s)
[INFO] 2025-05-23 08:14:00 - [Startup] Vooraf token laden voor StockInfo...
[INFO] 2025-05-23 08:14:00 - [StockInfo] Token aanvragen bij https://api-test.cgk-group.com/api/account/login...
[INFO] 2025-05-23 08:14:00 - [StockInfo] Token ontvangen (vervalt in 1800s)
[INFO] 2025-05-23 08:14:26 - [OITMI] Token aanvragen bij https://api-test.cgk-group.com/api/account/login...
[INFO] 2025-05-23 08:14:26 - [OITMI] Token ontvangen (vervalt in 1800s)
[INFO] 2025-05-23 08:17:07 - [ArticleSearch] Token aanvragen bij https://api-test.cgk-group.com/api/account/login...
[INFO] 2025-05-23 08:17:07 - [ArticleSearch] Token ontvangen (vervalt in 1800s)
[INFO] 2025-05-23 08:17:07 - [Startup] Vooraf token laden voor StockInfo...
[INFO] 2025-05-23 08:17:07 - [StockInfo] Token aanvragen bij https://api-test.cgk-group.com/api/account/login...
[INFO] 2025-05-23 08:17:07 - [StockInfo] Token ontvangen (vervalt in 1800s)
[INFO] 2025-05-23 08:18:13 - [ArticleSearch] Token aanvragen bij https://api-test.cgk-group.com/api/account/login...
[INFO] 2025-05-23 08:18:13 - [ArticleSearch] Token ontvangen (vervalt in 1800s)
[INFO] 2025-05-23 08:18:13 - [Startup] Vooraf token laden voor StockInfo...
[INFO] 2025-05-23 08:18:13 - [StockInfo] Token aanvragen bij https://api-test.cgk-group.com/api/account/login...
[INFO] 2025-05-23 08:18:13 - [StockInfo] Token ontvangen (vervalt in 1800s)
[INFO] 2025-05-23 08:22:07 - [ArticleSearch] Token aanvragen bij https://api-test.cgk-group.com/api/account/login...
[INFO] 2025-05-23 08:22:07 - [ArticleSearch] Token ontvangen (vervalt in 1800s)
[INFO] 2025-05-23 08:22:07 - [Startup] Vooraf token laden voor StockInfo...
[INFO] 2025-05-23 08:22:07 - [StockInfo] Token aanvragen bij https://api-test.cgk-group.com/api/account/login...
[INFO] 2025-05-23 08:22:07 - [StockInfo] Token ontvangen (vervalt in 1800s)
[INFO] 2025-05-23 14:39:06 - [ArticleSearch] Token aanvragen bij https://api-test.cgk-group.com/api/account/login...
[INFO] 2025-05-23 14:39:06 - [ArticleSearch] Token ontvangen (vervalt in 1800s)
[INFO] 2025-05-23 14:39:06 - [Startup] Vooraf token laden voor StockInfo...
[INFO] 2025-05-23 14:39:06 - [StockInfo] Token aanvragen bij https://api-test.cgk-group.com/api/account/login...
[INFO] 2025-05-23 14:39:06 - [StockInfo] Token ontvangen (vervalt in 1800s)
[INFO] 2025-05-23 14:46:56 - [OITMI] Token aanvragen bij https://api-test.cgk-group.com/api/account/login...
[INFO] 2025-05-23 14:46:56 - [OITMI] Token ontvangen (vervalt in 1800s)
[INFO] 2025-05-23 14:47:20 - [ArticleSearch] Token aanvragen bij https://api-test.cgk-group.com/api/account/login...
[INFO] 2025-05-23 14:47:25 - [ArticleSearch] Token ontvangen (vervalt in 1800s)
[INFO] 2025-05-23 14:47:25 - [Startup] Vooraf token laden voor StockInfo...
[INFO] 2025-05-23 14:47:25 - [StockInfo] Token aanvragen bij https://api-test.cgk-group.com/api/account/login...
[INFO] 2025-05-23 14:47:25 - [StockInfo] Token ontvangen (vervalt in 1800s)
[INFO] 2025-05-23 14:48:44 - [OITMI] Token aanvragen bij https://api-test.cgk-group.com/api/account/login...
[INFO] 2025-05-23 14:48:44 - [OITMI] Token ontvangen (vervalt in 1800s)
[INFO] 2025-05-23 14:49:02 - [ArticleSearch] Token aanvragen bij https://api-test.cgk-group.com/api/account/login...
[INFO] 2025-05-23 14:49:02 - [ArticleSearch] Token ontvangen (vervalt in 1800s)
[INFO] 2025-05-23 14:49:02 - [Startup] Vooraf token laden voor StockInfo...
[INFO] 2025-05-23 14:49:02 - [StockInfo] Token aanvragen bij https://api-test.cgk-group.com/api/account/login...
[INFO] 2025-05-23 14:49:02 - [StockInfo] Token ontvangen (vervalt in 1800s)
[INFO] 2025-05-23 15:05:45 - [ArticleSearch] Token aanvragen bij https://api-test.cgk-group.com/api/account/login...
[INFO] 2025-05-23 15:05:45 - [ArticleSearch] Token ontvangen (vervalt in 1800s)
[INFO] 2025-05-23 15:05:45 - [Startup] Vooraf token laden voor StockInfo...
[INFO] 2025-05-23 15:05:45 - [StockInfo] Token aanvragen bij https://api-test.cgk-group.com/api/account/login...
[INFO] 2025-05-23 15:05:45 - [StockInfo] Token ontvangen (vervalt in 1800s)
[INFO] 2025-05-23 15:06:15 - [ArticleSearch] Token aanvragen bij https://api-test.cgk-group.com/api/account/login...
[INFO] 2025-05-23 15:06:15 - [ArticleSearch] Token ontvangen (vervalt in 1800s)
[INFO] 2025-05-23 15:06:15 - [Startup] Vooraf token laden voor StockInfo...
[INFO] 2025-05-23 15:06:15 - [StockInfo] Token aanvragen bij https://api-test.cgk-group.com/api/account/login...
[INFO] 2025-05-23 15:06:15 - [StockInfo] Token ontvangen (vervalt in 1800s)
[INFO] 2025-05-23 15:08:30 - [ArticleSearch] Token aanvragen bij https://api-test.cgk-group.com/api/account/login...
[INFO] 2025-05-23 15:08:31 - [ArticleSearch] Token ontvangen (vervalt in 1800s)
[INFO] 2025-05-23 15:08:31 - [Startup] Vooraf token laden voor StockInfo...
[INFO] 2025-05-23 15:08:31 - [StockInfo] Token aanvragen bij https://api-test.cgk-group.com/api/account/login...
[INFO] 2025-05-23 15:08:31 - [StockInfo] Token ontvangen (vervalt in 1800s)
[INFO] 2025-05-23 15:09:38 - [ArticleSearch] Token aanvragen bij https://api-test.cgk-group.com/api/account/login...
[INFO] 2025-05-23 15:09:38 - [ArticleSearch] Token ontvangen (vervalt in 1800s)
[INFO] 2025-05-23 15:09:38 - [Startup] Vooraf token laden voor StockInfo...
[INFO] 2025-05-23 15:09:38 - [StockInfo] Token aanvragen bij https://api-test.cgk-group.com/api/account/login...
[INFO] 2025-05-23 15:09:38 - [StockInfo] Token ontvangen (vervalt in 1800s)
[INFO] 2025-05-23 15:11:16 - [ArticleSearch] Token aanvragen bij https://api-test.cgk-group.com/api/account/login...
[INFO] 2025-05-23 15:11:16 - [ArticleSearch] Token ontvangen (vervalt in 1800s)
[INFO] 2025-05-23 15:11:16 - [Startup] Vooraf token laden voor StockInfo...
[INFO] 2025-05-23 15:11:16 - [StockInfo] Token aanvragen bij https://api-test.cgk-group.com/api/account/login...
[INFO] 2025-05-23 15:11:16 - [StockInfo] Token ontvangen (vervalt in 1800s)
[INFO] 2025-05-23 15:12:24 - [ArticleSearch] Token aanvragen bij https://api-test.cgk-group.com/api/account/login...
[INFO] 2025-05-23 15:12:24 - [ArticleSearch] Token ontvangen (vervalt in 1800s)
[INFO] 2025-05-23 15:12:24 - [Startup] Vooraf token laden voor StockInfo...
[INFO] 2025-05-23 15:12:24 - [StockInfo] Token aanvragen bij https://api-test.cgk-group.com/api/account/login...
[INFO] 2025-05-23 15:12:24 - [StockInfo] Token ontvangen (vervalt in 1800s)
[INFO] 2025-05-23 15:13:31 - [ArticleSearch] Token aanvragen bij https://api-test.cgk-group.com/api/account/login...
[INFO] 2025-05-23 15:13:31 - [ArticleSearch] Token ontvangen (vervalt in 1800s)
[INFO] 2025-05-23 15:13:31 - [Startup] Vooraf token laden voor StockInfo...
[INFO] 2025-05-23 15:13:31 - [StockInfo] Token aanvragen bij https://api-test.cgk-group.com/api/account/login...
[INFO] 2025-05-23 15:13:31 - [StockInfo] Token ontvangen (vervalt in 1800s)
[INFO] 2025-05-23 15:14:24 - [ArticleSearch] Token aanvragen bij https://api-test.cgk-group.com/api/account/login...
[INFO] 2025-05-23 15:14:24 - [ArticleSearch] Token ontvangen (vervalt in 1800s)
[INFO] 2025-05-23 15:14:24 - [Startup] Vooraf token laden voor StockInfo...
[INFO] 2025-05-23 15:14:24 - [StockInfo] Token aanvragen bij https://api-test.cgk-group.com/api/account/login...
[INFO] 2025-05-23 15:14:24 - [StockInfo] Token ontvangen (vervalt in 1800s)
[INFO] 2025-05-23 15:15:25 - [ArticleSearch] Token aanvragen bij https://api-test.cgk-group.com/api/account/login...
[INFO] 2025-05-23 15:15:25 - [ArticleSearch] Token ontvangen (vervalt in 1800s)
[INFO] 2025-05-23 15:15:25 - [Startup] Vooraf token laden voor StockInfo...
[INFO] 2025-05-23 15:15:25 - [StockInfo] Token aanvragen bij https://api-test.cgk-group.com/api/account/login...
[INFO] 2025-05-23 15:15:25 - [StockInfo] Token ontvangen (vervalt in 1800s)
[INFO] 2025-05-23 15:16:17 - [ArticleSearch] Token aanvragen bij https://api-test.cgk-group.com/api/account/login...
[INFO] 2025-05-23 15:16:17 - [ArticleSearch] Token ontvangen (vervalt in 1800s)
[INFO] 2025-05-23 15:16:17 - [Startup] Vooraf token laden voor StockInfo...
[INFO] 2025-05-23 15:16:17 - [StockInfo] Token aanvragen bij https://api-test.cgk-group.com/api/account/login...
[INFO] 2025-05-23 15:16:17 - [StockInfo] Token ontvangen (vervalt in 1800s)
[INFO] 2025-05-23 15:56:30 - [ArticleSearch] Token aanvragen bij https://api-test.cgk-group.com/api/account/login...
[INFO] 2025-05-23 15:56:35 - [ArticleSearch] Token ontvangen (vervalt in 1800s)
[INFO] 2025-05-23 15:56:35 - [Startup] Vooraf token laden voor StockInfo...
[INFO] 2025-05-23 15:56:35 - [StockInfo] Token aanvragen bij https://api-test.cgk-group.com/api/account/login...
[INFO] 2025-05-23 15:56:35 - [StockInfo] Token ontvangen (vervalt in 1800s)
[INFO] 2025-05-23 15:57:44 - [ArticleSearch] Token aanvragen bij https://api-test.cgk-group.com/api/account/login...
[INFO] 2025-05-23 15:57:44 - [ArticleSearch] Token ontvangen (vervalt in 1800s)
[INFO] 2025-05-23 15:57:44 - [Startup] Vooraf token laden voor StockInfo...
[INFO] 2025-05-23 15:57:44 - [StockInfo] Token aanvragen bij https://api-test.cgk-group.com/api/account/login...
[INFO] 2025-05-23 15:57:44 - [StockInfo] Token ontvangen (vervalt in 1800s)
[INFO] 2025-05-23 16:00:45 - [ArticleSearch] Token aanvragen bij https://api.cgk-group.com/api/account/login...
[INFO] 2025-05-23 16:00:46 - [ArticleSearch] Token ontvangen (vervalt in 1800s)
[INFO] 2025-05-23 16:00:46 - [Startup] Vooraf token laden voor StockInfo...
[INFO] 2025-05-23 16:00:46 - [StockInfo] Token aanvragen bij https://api.cgk-group.com/api/account/login...
[INFO] 2025-05-23 16:00:46 - [StockInfo] Token ontvangen (vervalt in 1800s)
[INFO] 2025-05-23 16:01:11 - [ArticleSearch] Token aanvragen bij https://api.cgk-group.com/api/account/login...
[INFO] 2025-05-23 16:01:11 - [ArticleSearch] Token ontvangen (vervalt in 1800s)
[INFO] 2025-05-23 16:01:11 - [Startup] Vooraf token laden voor StockInfo...
[INFO] 2025-05-23 16:01:11 - [StockInfo] Token aanvragen bij https://api.cgk-group.com/api/account/login...
[INFO] 2025-05-23 16:01:12 - [StockInfo] Token ontvangen (vervalt in 1800s)
[INFO] 2025-05-23 16:02:03 - [ArticleSearch] Token aanvragen bij https://api-test.cgk-group.com/api/account/login...
[INFO] 2025-05-23 16:02:03 - [ArticleSearch] Token ontvangen (vervalt in 1800s)
[INFO] 2025-05-23 16:02:03 - [Startup] Vooraf token laden voor StockInfo...
[INFO] 2025-05-23 16:02:03 - [StockInfo] Token aanvragen bij https://api-test.cgk-group.com/api/account/login...
[INFO] 2025-05-23 16:02:04 - [StockInfo] Token ontvangen (vervalt in 1800s)
[INFO] 2025-05-23 16:03:15 - [OITMI] Token aanvragen bij https://api-test.cgk-group.com/api/account/login...
[INFO] 2025-05-23 16:03:16 - [OITMI] Token ontvangen (vervalt in 1800s)
[INFO] 2025-05-23 16:04:21 - [ArticleSearch] Token aanvragen bij https://api.cgk-group.com/api/account/login...
[INFO] 2025-05-23 16:04:22 - [ArticleSearch] Token ontvangen (vervalt in 1800s)
[INFO] 2025-05-23 16:04:22 - [Startup] Vooraf token laden voor StockInfo...
[INFO] 2025-05-23 16:04:22 - [StockInfo] Token aanvragen bij https://api.cgk-group.com/api/account/login...
[INFO] 2025-05-23 16:04:22 - [StockInfo] Token ontvangen (vervalt in 1800s)
[INFO] 2025-05-23 16:04:43 - [OITMI] Token aanvragen bij https://api.cgk-group.com/api/account/login...
[INFO] 2025-05-23 16:04:44 - [OITMI] Token ontvangen (vervalt in 1800s)
[INFO] 2025-05-23 16:12:28 - [ArticleSearch] Token aanvragen bij https://api.cgk-group.com/api/account/login...
[INFO] 2025-05-23 16:12:28 - [ArticleSearch] Token ontvangen (vervalt in 1800s)
[INFO] 2025-05-23 16:12:28 - [Startup] Vooraf token laden voor StockInfo...
[INFO] 2025-05-23 16:12:28 - [StockInfo] Token aanvragen bij https://api.cgk-group.com/api/account/login...
[INFO] 2025-05-23 16:12:28 - [StockInfo] Token ontvangen (vervalt in 1800s)
[INFO] 2025-05-23 16:13:05 - [OITMI] Token aanvragen bij https://api.cgk-group.com/api/account/login...
[INFO] 2025-05-23 16:13:06 - [OITMI] Token ontvangen (vervalt in 1800s)
[INFO] 2025-05-23 16:14:08 - [ArticleSearch] Token aanvragen bij https://api-test.cgk-group.com/api/account/login...
[INFO] 2025-05-23 16:14:08 - [ArticleSearch] Token ontvangen (vervalt in 1800s)
[INFO] 2025-05-23 16:14:08 - [Startup] Vooraf token laden voor StockInfo...
[INFO] 2025-05-23 16:14:08 - [StockInfo] Token aanvragen bij https://api-test.cgk-group.com/api/account/login...
[INFO] 2025-05-23 16:14:08 - [StockInfo] Token ontvangen (vervalt in 1800s)
[INFO] 2025-05-23 16:14:35 - [OITMI] Token aanvragen bij https://api-test.cgk-group.com/api/account/login...
[INFO] 2025-05-23 16:14:36 - [OITMI] Token ontvangen (vervalt in 1800s)
[INFO] 2025-05-23 16:15:08 - [ArticleSearch] Token aanvragen bij https://api.cgk-group.com/api/account/login...
[INFO] 2025-05-23 16:15:09 - [ArticleSearch] Token ontvangen (vervalt in 1800s)
[INFO] 2025-05-23 16:15:09 - [Startup] Vooraf token laden voor StockInfo...
[INFO] 2025-05-23 16:15:09 - [StockInfo] Token aanvragen bij https://api.cgk-group.com/api/account/login...
[INFO] 2025-05-23 16:15:11 - [StockInfo] Token ontvangen (vervalt in 1800s)
[INFO] 2025-05-23 16:15:51 - [OITMI] Token aanvragen bij https://api.cgk-group.com/api/account/login...
[INFO] 2025-05-23 16:15:52 - [OITMI] Token ontvangen (vervalt in 1800s)
[INFO] 2025-05-23 16:21:10 - [ArticleSearch] Token aanvragen bij https://api.cgk-group.com/api/account/login...
[INFO] 2025-05-23 16:21:10 - [ArticleSearch] Token ontvangen (vervalt in 1800s)
[INFO] 2025-05-23 16:21:10 - [Startup] Vooraf token laden voor StockInfo...
[INFO] 2025-05-23 16:21:10 - [StockInfo] Token aanvragen bij https://api.cgk-group.com/api/account/login...
[INFO] 2025-05-23 16:21:11 - [StockInfo] Token ontvangen (vervalt in 1800s)
[INFO] 2025-05-23 16:21:44 - [ArticleSearch] Token aanvragen bij https://api-test.cgk-group.com/api/account/login...
[INFO] 2025-05-23 16:21:44 - [ArticleSearch] Token ontvangen (vervalt in 1800s)
[INFO] 2025-05-23 16:21:44 - [Startup] Vooraf token laden voor StockInfo...
[INFO] 2025-05-23 16:21:44 - [StockInfo] Token aanvragen bij https://api-test.cgk-group.com/api/account/login...
[INFO] 2025-05-23 16:21:45 - [StockInfo] Token ontvangen (vervalt in 1800s)
[INFO] 2025-05-23 16:22:12 - [OITMI] Token aanvragen bij https://api-test.cgk-group.com/api/account/login...
[INFO] 2025-05-23 16:22:13 - [OITMI] Token ontvangen (vervalt in 1800s)
[INFO] 2025-05-23 16:34:15 - [ArticleSearch] Token aanvragen bij https://api-test.cgk-group.com/api/account/login...
[INFO] 2025-05-23 16:34:16 - [ArticleSearch] Token ontvangen (vervalt in 1800s)
[INFO] 2025-05-23 16:34:16 - [Startup] Vooraf token laden voor StockInfo...
[INFO] 2025-05-23 16:34:16 - [StockInfo] Token aanvragen bij https://api-test.cgk-group.com/api/account/login...
[INFO] 2025-05-23 16:34:16 - [StockInfo] Token ontvangen (vervalt in 1800s)
[INFO] 2025-05-23 16:34:52 - [OITMI] Token aanvragen bij https://api-test.cgk-group.com/api/account/login...
[INFO] 2025-05-23 16:34:52 - [OITMI] Token ontvangen (vervalt in 1800s)
[INFO] 2025-05-23 16:36:42 - [ArticleSearch] Token aanvragen bij https://api.cgk-group.com/api/account/login...
[INFO] 2025-05-23 16:36:43 - [ArticleSearch] Token ontvangen (vervalt in 1800s)
[INFO] 2025-05-23 16:36:43 - [Startup] Vooraf token laden voor StockInfo...
[INFO] 2025-05-23 16:36:43 - [StockInfo] Token aanvragen bij https://api.cgk-group.com/api/account/login...
[INFO] 2025-05-23 16:36:43 - [StockInfo] Token ontvangen (vervalt in 1800s)
[INFO] 2025-05-23 16:37:03 - [OITMI] Token aanvragen bij https://api.cgk-group.com/api/account/login...
[INFO] 2025-05-23 16:37:03 - [OITMI] Token ontvangen (vervalt in 1800s)
[INFO] 2025-05-23 16:37:49 - [ArticleSearch] Token aanvragen bij https://api.cgk-group.com/api/account/login...
[INFO] 2025-05-23 16:37:50 - [ArticleSearch] Token ontvangen (vervalt in 1800s)
[INFO] 2025-05-23 16:37:50 - [Startup] Vooraf token laden voor StockInfo...
[INFO] 2025-05-23 16:37:50 - [StockInfo] Token aanvragen bij https://api.cgk-group.com/api/account/login...
[INFO] 2025-05-23 16:37:50 - [StockInfo] Token ontvangen (vervalt in 1800s)
[INFO] 2025-05-24 08:56:33 - [ArticleSearch] Token aanvragen bij https://api.cgk-group.com/api/account/login...
[INFO] 2025-05-24 08:56:34 - [ArticleSearch] Token ontvangen (vervalt in 1800s)
[INFO] 2025-05-24 08:56:34 - [Startup] Vooraf token laden voor StockInfo...
[INFO] 2025-05-24 08:56:34 - [StockInfo] Token aanvragen bij https://api.cgk-group.com/api/account/login...
[INFO] 2025-05-24 08:56:34 - [StockInfo] Token ontvangen (vervalt in 1800s)
[INFO] 2025-05-24 08:59:49 - [ArticleSearch] Token aanvragen bij https://api.cgk-group.com/api/account/login...
[INFO] 2025-05-24 08:59:49 - [ArticleSearch] Token ontvangen (vervalt in 1800s)
[INFO] 2025-05-24 08:59:49 - [Startup] Vooraf token laden voor StockInfo...
[INFO] 2025-05-24 08:59:49 - [StockInfo] Token aanvragen bij https://api.cgk-group.com/api/account/login...
[INFO] 2025-05-24 08:59:49 - [StockInfo] Token ontvangen (vervalt in 1800s)
[INFO] 2025-05-24 09:12:16 - [ArticleSearch] Token aanvragen bij https://api.cgk-group.com/api/account/login...
[INFO] 2025-05-24 09:12:16 - [ArticleSearch] Token ontvangen (vervalt in 1800s)
[INFO] 2025-05-24 09:12:16 - [Startup] Vooraf token laden voor StockInfo...
[INFO] 2025-05-24 09:12:16 - [StockInfo] Token aanvragen bij https://api.cgk-group.com/api/account/login...
[INFO] 2025-05-24 09:12:16 - [StockInfo] Token ontvangen (vervalt in 1800s)
[INFO] 2025-05-24 09:14:43 - [OITMI] Token aanvragen bij https://api.cgk-group.com/api/account/login...
[INFO] 2025-05-24 09:14:44 - [OITMI] Token ontvangen (vervalt in 1800s)
[INFO] 2025-05-24 14:21:22 - [ArticleSearch] Token aanvragen bij https://api.cgk-group.com/api/account/login...
[INFO] 2025-05-24 14:21:23 - [ArticleSearch] Token ontvangen (vervalt in 1800s)
[INFO] 2025-05-24 14:21:23 - [Startup] Vooraf token laden voor StockInfo...
[INFO] 2025-05-24 14:21:23 - [StockInfo] Token aanvragen bij https://api.cgk-group.com/api/account/login...
[INFO] 2025-05-24 14:21:23 - [StockInfo] Token ontvangen (vervalt in 1800s)
[INFO] 2025-05-24 14:22:37 - [ArticleSearch] Token aanvragen bij https://api.cgk-group.com/api/account/login...
[INFO] 2025-05-24 14:22:38 - [ArticleSearch] Token ontvangen (vervalt in 1800s)
[INFO] 2025-05-24 14:22:38 - [Startup] Vooraf token laden voor StockInfo...
[INFO] 2025-05-24 14:22:38 - [StockInfo] Token aanvragen bij https://api.cgk-group.com/api/account/login...
[INFO] 2025-05-24 14:22:38 - [StockInfo] Token ontvangen (vervalt in 1800s)
[INFO] 2025-05-24 14:29:14 - [ArticleSearch] Token aanvragen bij https://api.cgk-group.com/api/account/login...
[INFO] 2025-05-24 14:29:14 - [ArticleSearch] Token ontvangen (vervalt in 1800s)
[INFO] 2025-05-24 14:29:14 - [Startup] Vooraf token laden voor StockInfo...
[INFO] 2025-05-24 14:29:14 - [StockInfo] Token aanvragen bij https://api.cgk-group.com/api/account/login...
[INFO] 2025-05-24 14:29:15 - [StockInfo] Token ontvangen (vervalt in 1800s)
[INFO] 2025-05-24 14:32:35 - [ArticleSearch] Token aanvragen bij https://api.cgk-group.com/api/account/login...
[INFO] 2025-05-24 14:32:35 - [ArticleSearch] Token ontvangen (vervalt in 1800s)
[INFO] 2025-05-24 14:32:35 - [Startup] Vooraf token laden voor StockInfo...
[INFO] 2025-05-24 14:32:35 - [StockInfo] Token aanvragen bij https://api.cgk-group.com/api/account/login...
[INFO] 2025-05-24 14:32:35 - [StockInfo] Token ontvangen (vervalt in 1800s)
[INFO] 2025-05-24 14:36:22 - [ArticleSearch] Token aanvragen bij https://api.cgk-group.com/api/account/login...
[INFO] 2025-05-24 14:36:23 - [ArticleSearch] Token ontvangen (vervalt in 1800s)
[INFO] 2025-05-24 14:36:23 - [Startup] Vooraf token laden voor StockInfo...
[INFO] 2025-05-24 14:36:23 - [StockInfo] Token aanvragen bij https://api.cgk-group.com/api/account/login...
[INFO] 2025-05-24 14:36:23 - [StockInfo] Token ontvangen (vervalt in 1800s)
[INFO] 2025-05-24 14:49:09 - [ArticleSearch] Token aanvragen bij https://api.cgk-group.com/api/account/login...
[INFO] 2025-05-24 14:49:09 - [ArticleSearch] Token ontvangen (vervalt in 1800s)
[INFO] 2025-05-24 14:49:09 - [Startup] Vooraf token laden voor StockInfo...
[INFO] 2025-05-24 14:49:09 - [StockInfo] Token aanvragen bij https://api.cgk-group.com/api/account/login...
[INFO] 2025-05-24 14:49:10 - [StockInfo] Token ontvangen (vervalt in 1800s)
[INFO] 2025-05-24 16:28:46 - [ArticleSearch] Token aanvragen bij https://api.cgk-group.com/api/account/login...
[INFO] 2025-05-24 16:28:47 - [ArticleSearch] Token ontvangen (vervalt in 1800s)
[INFO] 2025-05-24 16:28:47 - [Startup] Vooraf token laden voor StockInfo...
[INFO] 2025-05-24 16:28:47 - [StockInfo] Token aanvragen bij https://api.cgk-group.com/api/account/login...
[INFO] 2025-05-24 16:28:47 - [StockInfo] Token ontvangen (vervalt in 1800s)
[INFO] 2025-05-24 16:33:45 - [ArticleSearch] Token aanvragen bij https://api.cgk-group.com/api/account/login...
[INFO] 2025-05-24 16:33:46 - [ArticleSearch] Token ontvangen (vervalt in 1800s)
[INFO] 2025-05-24 16:33:46 - [Startup] Vooraf token laden voor StockInfo...
[INFO] 2025-05-24 16:33:46 - [StockInfo] Token aanvragen bij https://api.cgk-group.com/api/account/login...
[INFO] 2025-05-24 16:33:46 - [StockInfo] Token ontvangen (vervalt in 1800s)
[INFO] 2025-05-24 16:35:11 - [ArticleSearch] Token aanvragen bij https://api.cgk-group.com/api/account/login...
[INFO] 2025-05-24 16:35:12 - [ArticleSearch] Token ontvangen (vervalt in 1800s)
[INFO] 2025-05-24 16:35:12 - [Startup] Vooraf token laden voor StockInfo...
[INFO] 2025-05-24 16:35:12 - [StockInfo] Token aanvragen bij https://api.cgk-group.com/api/account/login...
[INFO] 2025-05-24 16:35:12 - [StockInfo] Token ontvangen (vervalt in 1800s)
[INFO] 2025-05-24 16:37:32 - [ArticleSearch] Token aanvragen bij https://api.cgk-group.com/api/account/login...
[INFO] 2025-05-24 16:37:32 - [ArticleSearch] Token ontvangen (vervalt in 1800s)
[INFO] 2025-05-24 16:37:32 - [Startup] Vooraf token laden voor StockInfo...
[INFO] 2025-05-24 16:37:32 - [StockInfo] Token aanvragen bij https://api.cgk-group.com/api/account/login...
[INFO] 2025-05-24 16:37:32 - [StockInfo] Token ontvangen (vervalt in 1800s)
[INFO] 2025-05-24 16:43:54 - [ArticleSearch] Token aanvragen bij https://api.cgk-group.com/api/account/login...
[INFO] 2025-05-24 16:43:54 - [ArticleSearch] Token ontvangen (vervalt in 1800s)
[INFO] 2025-05-24 16:43:54 - [Startup] Vooraf token laden voor StockInfo...
[INFO] 2025-05-24 16:43:54 - [StockInfo] Token aanvragen bij https://api.cgk-group.com/api/account/login...
[INFO] 2025-05-24 16:43:54 - [StockInfo] Token ontvangen (vervalt in 1800s)
[INFO] 2025-05-24 16:57:13 - [ArticleSearch] Token aanvragen bij https://api.cgk-group.com/api/account/login...
[INFO] 2025-05-24 16:57:15 - [ArticleSearch] Token ontvangen (vervalt in 1800s)
[INFO] 2025-05-24 16:57:15 - [Startup] Vooraf token laden voor StockInfo...
[INFO] 2025-05-24 16:57:15 - [StockInfo] Token aanvragen bij https://api.cgk-group.com/api/account/login...
[INFO] 2025-05-24 16:57:15 - [StockInfo] Token ontvangen (vervalt in 1800s)
[INFO] 2025-05-25 07:34:55 - [ArticleSearch] Token aanvragen bij https://api.cgk-group.com/api/account/login...
[INFO] 2025-05-25 07:34:56 - [ArticleSearch] Token ontvangen (vervalt in 1800s)
[INFO] 2025-05-25 07:34:56 - [Startup] Vooraf token laden voor StockInfo...
[INFO] 2025-05-25 07:34:56 - [StockInfo] Token aanvragen bij https://api.cgk-group.com/api/account/login...
[INFO] 2025-05-25 07:34:56 - [StockInfo] Token ontvangen (vervalt in 1800s)
[INFO] 2025-05-25 07:36:05 - [ArticleSearch] Token aanvragen bij https://api.cgk-group.com/api/account/login...
[INFO] 2025-05-25 07:36:06 - [ArticleSearch] Token ontvangen (vervalt in 1800s)
[INFO] 2025-05-25 07:36:06 - [Startup] Vooraf token laden voor StockInfo...
[INFO] 2025-05-25 07:36:06 - [StockInfo] Token aanvragen bij https://api.cgk-group.com/api/account/login...
[INFO] 2025-05-25 07:36:06 - [StockInfo] Token ontvangen (vervalt in 1800s)
[INFO] 2025-05-25 07:38:41 - [ArticleSearch] Token aanvragen bij https://api.cgk-group.com/api/account/login...
[INFO] 2025-05-25 07:38:42 - [ArticleSearch] Token ontvangen (vervalt in 1800s)
[INFO] 2025-05-25 07:38:42 - [Startup] Vooraf token laden voor StockInfo...
[INFO] 2025-05-25 07:38:42 - [StockInfo] Token aanvragen bij https://api.cgk-group.com/api/account/login...
[INFO] 2025-05-25 07:38:42 - [StockInfo] Token ontvangen (vervalt in 1800s)
[INFO] 2025-05-25 07:40:08 - [ArticleSearch] Token aanvragen bij https://api.cgk-group.com/api/account/login...
[INFO] 2025-05-25 07:40:08 - [ArticleSearch] Token ontvangen (vervalt in 1800s)
[INFO] 2025-05-25 07:40:08 - [Startup] Vooraf token laden voor StockInfo...
[INFO] 2025-05-25 07:40:08 - [StockInfo] Token aanvragen bij https://api.cgk-group.com/api/account/login...
[INFO] 2025-05-25 07:40:08 - [StockInfo] Token ontvangen (vervalt in 1800s)
[INFO] 2025-05-25 07:51:36 - [ArticleSearch] Token aanvragen bij https://api.cgk-group.com/api/account/login...
[INFO] 2025-05-25 07:51:36 - [ArticleSearch] Token ontvangen (vervalt in 1800s)
[INFO] 2025-05-25 07:51:36 - [Startup] Vooraf token laden voor StockInfo...
[INFO] 2025-05-25 07:51:36 - [StockInfo] Token aanvragen bij https://api.cgk-group.com/api/account/login...
[INFO] 2025-05-25 07:51:36 - [StockInfo] Token ontvangen (vervalt in 1800s)
[INFO] 2025-05-25 07:59:43 - [ArticleSearch] Token aanvragen bij https://api.cgk-group.com/api/account/login...
[INFO] 2025-05-25 07:59:44 - [ArticleSearch] Token ontvangen (vervalt in 1800s)
[INFO] 2025-05-25 07:59:44 - [Startup] Vooraf token laden voor StockInfo...
[INFO] 2025-05-25 07:59:44 - [StockInfo] Token aanvragen bij https://api.cgk-group.com/api/account/login...
[INFO] 2025-05-25 07:59:44 - [StockInfo] Token ontvangen (vervalt in 1800s)
[INFO] 2025-05-25 08:04:51 - [ArticleSearch] Token aanvragen bij https://api.cgk-group.com/api/account/login...
[INFO] 2025-05-25 08:04:51 - [ArticleSearch] Token ontvangen (vervalt in 1800s)
[INFO] 2025-05-25 08:04:51 - [Startup] Vooraf token laden voor StockInfo...
[INFO] 2025-05-25 08:04:51 - [StockInfo] Token aanvragen bij https://api.cgk-group.com/api/account/login...
[INFO] 2025-05-25 08:04:52 - [StockInfo] Token ontvangen (vervalt in 1800s)
[INFO] 2025-05-25 08:12:56 - [ArticleSearch] Token aanvragen bij https://api.cgk-group.com/api/account/login...
[INFO] 2025-05-25 08:12:58 - [ArticleSearch] Token ontvangen (vervalt in 1800s)
[INFO] 2025-05-25 08:12:58 - [Startup] Vooraf token laden voor StockInfo...
[INFO] 2025-05-25 08:12:58 - [StockInfo] Token aanvragen bij https://api.cgk-group.com/api/account/login...
[INFO] 2025-05-25 08:13:12 - [StockInfo] Token ontvangen (vervalt in 1800s)
[INFO] 2025-05-25 08:23:37 - [ArticleSearch] Token aanvragen bij https://api.cgk-group.com/api/account/login...
[INFO] 2025-05-25 08:23:38 - [ArticleSearch] Token ontvangen (vervalt in 1800s)
[INFO] 2025-05-25 08:23:38 - [Startup] Vooraf token laden voor StockInfo...
[INFO] 2025-05-25 08:23:38 - [StockInfo] Token aanvragen bij https://api.cgk-group.com/api/account/login...
[INFO] 2025-05-25 08:23:38 - [StockInfo] Token ontvangen (vervalt in 1800s)
[INFO] 2025-05-25 08:23:57 - [OITMI] Token aanvragen bij https://api.cgk-group.com/api/account/login...
[INFO] 2025-05-25 08:23:58 - [OITMI] Token ontvangen (vervalt in 1800s)
[INFO] 2025-05-25 08:30:53 - [ArticleSearch] Token aanvragen bij https://api.cgk-group.com/api/account/login...
[INFO] 2025-05-25 08:30:53 - [ArticleSearch] Token ontvangen (vervalt in 1800s)
[INFO] 2025-05-25 08:30:53 - [Startup] Vooraf token laden voor StockInfo...
[INFO] 2025-05-25 08:30:53 - [StockInfo] Token aanvragen bij https://api.cgk-group.com/api/account/login...
[INFO] 2025-05-25 08:30:53 - [StockInfo] Token ontvangen (vervalt in 1800s)
[INFO] 2025-05-25 08:31:13 - [OITMI] Token aanvragen bij https://api.cgk-group.com/api/account/login...
[INFO] 2025-05-25 08:31:14 - [OITMI] Token ontvangen (vervalt in 1800s)
[INFO] 2025-05-25 08:33:14 - [ArticleSearch] Token aanvragen bij https://api.cgk-group.com/api/account/login...
[INFO] 2025-05-25 08:33:15 - [ArticleSearch] Token ontvangen (vervalt in 1800s)
[INFO] 2025-05-25 08:33:15 - [Startup] Vooraf token laden voor StockInfo...
[INFO] 2025-05-25 08:33:15 - [StockInfo] Token aanvragen bij https://api.cgk-group.com/api/account/login...
[INFO] 2025-05-25 08:33:15 - [StockInfo] Token ontvangen (vervalt in 1800s)
[INFO] 2025-05-25 08:55:04 - [ArticleSearch] Token aanvragen bij https://api.cgk-group.com/api/account/login...
[INFO] 2025-05-25 08:55:05 - [ArticleSearch] Token ontvangen (vervalt in 1800s)
[INFO] 2025-05-25 08:55:05 - [Startup] Vooraf token laden voor StockInfo...
[INFO] 2025-05-25 08:55:05 - [StockInfo] Token aanvragen bij https://api.cgk-group.com/api/account/login...
[INFO] 2025-05-25 08:55:05 - [StockInfo] Token ontvangen (vervalt in 1800s)
[INFO] 2025-05-25 08:57:01 - [ArticleSearch] Token aanvragen bij https://api.cgk-group.com/api/account/login...
[INFO] 2025-05-25 08:57:01 - [ArticleSearch] Token ontvangen (vervalt in 1800s)
[INFO] 2025-05-25 08:57:01 - [Startup] Vooraf token laden voor StockInfo...
[INFO] 2025-05-25 08:57:01 - [StockInfo] Token aanvragen bij https://api.cgk-group.com/api/account/login...
[INFO] 2025-05-25 08:57:01 - [StockInfo] Token ontvangen (vervalt in 1800s)
[INFO] 2025-05-25 08:58:19 - [ArticleSearch] Token aanvragen bij https://api.cgk-group.com/api/account/login...
[INFO] 2025-05-25 08:58:20 - [ArticleSearch] Token ontvangen (vervalt in 1800s)
[INFO] 2025-05-25 08:58:20 - [Startup] Vooraf token laden voor StockInfo...
[INFO] 2025-05-25 08:58:20 - [StockInfo] Token aanvragen bij https://api.cgk-group.com/api/account/login...
[INFO] 2025-05-25 08:58:20 - [StockInfo] Token ontvangen (vervalt in 1800s)
[INFO] 2025-05-25 09:06:08 - [ArticleSearch] Token aanvragen bij https://api.cgk-group.com/api/account/login...
[INFO] 2025-05-25 09:06:08 - [ArticleSearch] Token ontvangen (vervalt in 1800s)
[INFO] 2025-05-25 09:06:08 - [Startup] Vooraf token laden voor StockInfo...
[INFO] 2025-05-25 09:06:08 - [StockInfo] Token aanvragen bij https://api.cgk-group.com/api/account/login...
[INFO] 2025-05-25 09:06:08 - [StockInfo] Token ontvangen (vervalt in 1800s)
[INFO] 2025-05-25 09:13:23 - [ArticleSearch] Token aanvragen bij https://api.cgk-group.com/api/account/login...
[INFO] 2025-05-25 09:13:23 - [ArticleSearch] Token ontvangen (vervalt in 1800s)
[INFO] 2025-05-25 09:13:23 - [Startup] Vooraf token laden voor StockInfo...
[INFO] 2025-05-25 09:13:23 - [StockInfo] Token aanvragen bij https://api.cgk-group.com/api/account/login...
[INFO] 2025-05-25 09:13:24 - [StockInfo] Token ontvangen (vervalt in 1800s)
[INFO] 2025-05-25 09:36:13 - [ArticleSearch] Token aanvragen bij https://api.cgk-group.com/api/account/login...
[INFO] 2025-05-25 09:36:13 - [ArticleSearch] Token ontvangen (vervalt in 1800s)
[INFO] 2025-05-25 09:36:13 - [Startup] Vooraf token laden voor StockInfo...
[INFO] 2025-05-25 09:36:13 - [StockInfo] Token aanvragen bij https://api.cgk-group.com/api/account/login...
[INFO] 2025-05-25 09:36:13 - [StockInfo] Token ontvangen (vervalt in 1800s)
[INFO] 2025-05-25 09:54:10 - [ArticleSearch] Token aanvragen bij https://api.cgk-group.com/api/account/login...
[INFO] 2025-05-25 09:54:10 - [ArticleSearch] Token ontvangen (vervalt in 1800s)
[INFO] 2025-05-25 09:54:10 - [Startup] Vooraf token laden voor StockInfo...
[INFO] 2025-05-25 09:54:10 - [StockInfo] Token aanvragen bij https://api.cgk-group.com/api/account/login...
[INFO] 2025-05-25 09:54:10 - [StockInfo] Token ontvangen (vervalt in 1800s)
[INFO] 2025-05-25 09:54:28 - [OITMI] Token aanvragen bij https://api.cgk-group.com/api/account/login...
[INFO] 2025-05-25 09:54:28 - [OITMI] Token ontvangen (vervalt in 1800s)
[INFO] 2025-05-25 09:59:25 - [ArticleSearch] Token aanvragen bij https://api.cgk-group.com/api/account/login...
[INFO] 2025-05-25 09:59:25 - [ArticleSearch] Token ontvangen (vervalt in 1800s)
[INFO] 2025-05-25 09:59:25 - [Startup] Vooraf token laden voor StockInfo...
[INFO] 2025-05-25 09:59:25 - [StockInfo] Token aanvragen bij https://api.cgk-group.com/api/account/login...
[INFO] 2025-05-25 09:59:25 - [StockInfo] Token ontvangen (vervalt in 1800s)
[INFO] 2025-05-25 09:59:44 - [OITMI] Token aanvragen bij https://api.cgk-group.com/api/account/login...
[INFO] 2025-05-25 09:59:44 - [OITMI] Token ontvangen (vervalt in 1800s)
[INFO] 2025-05-25 10:02:26 - [ArticleSearch] Token aanvragen bij https://api.cgk-group.com/api/account/login...
[INFO] 2025-05-25 10:02:27 - [ArticleSearch] Token ontvangen (vervalt in 1800s)
[INFO] 2025-05-25 10:02:27 - [Startup] Vooraf token laden voor StockInfo...
[INFO] 2025-05-25 10:02:27 - [StockInfo] Token aanvragen bij https://api.cgk-group.com/api/account/login...
[INFO] 2025-05-25 10:02:27 - [StockInfo] Token ontvangen (vervalt in 1800s)
[INFO] 2025-05-25 10:06:38 - [ArticleSearch] Token aanvragen bij https://api.cgk-group.com/api/account/login...
[INFO] 2025-05-25 10:06:38 - [ArticleSearch] Token ontvangen (vervalt in 1800s)
[INFO] 2025-05-25 10:06:38 - [Startup] Vooraf token laden voor StockInfo...
[INFO] 2025-05-25 10:06:38 - [StockInfo] Token aanvragen bij https://api.cgk-group.com/api/account/login...
[INFO] 2025-05-25 10:06:38 - [StockInfo] Token ontvangen (vervalt in 1800s)
[INFO] 2025-05-25 10:07:27 - [OITMI] Token aanvragen bij https://api.cgk-group.com/api/account/login...
[INFO] 2025-05-25 10:07:27 - [OITMI] Token ontvangen (vervalt in 1800s)
[INFO] 2025-05-25 10:14:37 - [ArticleSearch] Token aanvragen bij https://api.cgk-group.com/api/account/login...
[INFO] 2025-05-25 10:14:38 - [ArticleSearch] Token ontvangen (vervalt in 1800s)
[INFO] 2025-05-25 10:14:38 - [Startup] Vooraf token laden voor StockInfo...
[INFO] 2025-05-25 10:14:38 - [StockInfo] Token aanvragen bij https://api.cgk-group.com/api/account/login...
[INFO] 2025-05-25 10:14:38 - [StockInfo] Token ontvangen (vervalt in 1800s)
[INFO] 2025-05-25 10:17:48 - [ArticleSearch] Token aanvragen bij https://api.cgk-group.com/api/account/login...
[INFO] 2025-05-25 10:17:49 - [ArticleSearch] Token ontvangen (vervalt in 1800s)
[INFO] 2025-05-25 10:17:49 - [Startup] Vooraf token laden voor StockInfo...
[INFO] 2025-05-25 10:17:49 - [StockInfo] Token aanvragen bij https://api.cgk-group.com/api/account/login...
[INFO] 2025-05-25 10:17:49 - [StockInfo] Token ontvangen (vervalt in 1800s)
[INFO] 2025-05-25 10:20:02 - [ArticleSearch] Token aanvragen bij https://api.cgk-group.com/api/account/login...
[INFO] 2025-05-25 10:20:02 - [ArticleSearch] Token ontvangen (vervalt in 1800s)
[INFO] 2025-05-25 10:20:02 - [Startup] Vooraf token laden voor StockInfo...
[INFO] 2025-05-25 10:20:02 - [StockInfo] Token aanvragen bij https://api.cgk-group.com/api/account/login...
[INFO] 2025-05-25 10:20:02 - [StockInfo] Token ontvangen (vervalt in 1800s)
[INFO] 2025-05-25 10:20:18 - [OITMI] Token aanvragen bij https://api.cgk-group.com/api/account/login...
[INFO] 2025-05-25 10:20:18 - [OITMI] Token ontvangen (vervalt in 1800s)
[INFO] 2025-05-25 10:27:28 - [ArticleSearch] Token aanvragen bij https://api.cgk-group.com/api/account/login...
[INFO] 2025-05-25 10:27:28 - [ArticleSearch] Token ontvangen (vervalt in 1800s)
[INFO] 2025-05-25 10:27:28 - [Startup] Vooraf token laden voor StockInfo...
[INFO] 2025-05-25 10:27:28 - [StockInfo] Token aanvragen bij https://api.cgk-group.com/api/account/login...
[INFO] 2025-05-25 10:27:29 - [StockInfo] Token ontvangen (vervalt in 1800s)
[INFO] 2025-05-25 10:27:51 - [OITMI] Token aanvragen bij https://api.cgk-group.com/api/account/login...
[INFO] 2025-05-25 10:27:52 - [OITMI] Token ontvangen (vervalt in 1800s)
[INFO] 2025-05-25 10:43:00 - [ArticleSearch] Token aanvragen bij https://api.cgk-group.com/api/account/login...
[INFO] 2025-05-25 10:43:00 - [ArticleSearch] Token ontvangen (vervalt in 1800s)
[INFO] 2025-05-25 10:43:00 - [Startup] Vooraf token laden voor StockInfo...
[INFO] 2025-05-25 10:43:00 - [StockInfo] Token aanvragen bij https://api.cgk-group.com/api/account/login...
[INFO] 2025-05-25 10:43:00 - [StockInfo] Token ontvangen (vervalt in 1800s)
[INFO] 2025-05-25 10:43:23 - [OITMI] Token aanvragen bij https://api.cgk-group.com/api/account/login...
[INFO] 2025-05-25 10:43:23 - [OITMI] Token ontvangen (vervalt in 1800s)
[INFO] 2025-05-25 10:48:38 - [ArticleSearch] Token aanvragen bij https://api.cgk-group.com/api/account/login...
[INFO] 2025-05-25 10:48:38 - [ArticleSearch] Token ontvangen (vervalt in 1800s)
[INFO] 2025-05-25 10:48:38 - [Startup] Vooraf token laden voor StockInfo...
[INFO] 2025-05-25 10:48:38 - [StockInfo] Token aanvragen bij https://api.cgk-group.com/api/account/login...
[INFO] 2025-05-25 10:48:38 - [StockInfo] Token ontvangen (vervalt in 1800s)
[INFO] 2025-05-25 10:49:02 - [OITMI] Token aanvragen bij https://api.cgk-group.com/api/account/login...
[INFO] 2025-05-25 10:49:02 - [OITMI] Token ontvangen (vervalt in 1800s)
[INFO] 2025-05-25 10:57:17 - [ArticleSearch] Token aanvragen bij https://api.cgk-group.com/api/account/login...
[INFO] 2025-05-25 10:57:17 - [ArticleSearch] Token ontvangen (vervalt in 1800s)
[INFO] 2025-05-25 10:57:17 - [Startup] Vooraf token laden voor StockInfo...
[INFO] 2025-05-25 10:57:17 - [StockInfo] Token aanvragen bij https://api.cgk-group.com/api/account/login...
[INFO] 2025-05-25 10:57:17 - [StockInfo] Token ontvangen (vervalt in 1800s)
[INFO] 2025-05-25 11:00:19 - [ArticleSearch] Token aanvragen bij https://api.cgk-group.com/api/account/login...
[INFO] 2025-05-25 11:00:19 - [ArticleSearch] Token ontvangen (vervalt in 1800s)
[INFO] 2025-05-25 11:00:19 - [Startup] Vooraf token laden voor StockInfo...
[INFO] 2025-05-25 11:00:19 - [StockInfo] Token aanvragen bij https://api.cgk-group.com/api/account/login...
[INFO] 2025-05-25 11:00:20 - [StockInfo] Token ontvangen (vervalt in 1800s)
[INFO] 2025-05-25 11:00:46 - [OITMI] Token aanvragen bij https://api.cgk-group.com/api/account/login...
[INFO] 2025-05-25 11:00:46 - [OITMI] Token ontvangen (vervalt in 1800s)
[INFO] 2025-05-25 11:02:34 - [ArticleSearch] Token aanvragen bij https://api.cgk-group.com/api/account/login...
[INFO] 2025-05-25 11:02:35 - [ArticleSearch] Token ontvangen (vervalt in 1800s)
[INFO] 2025-05-25 11:02:35 - [Startup] Vooraf token laden voor StockInfo...
[INFO] 2025-05-25 11:02:35 - [StockInfo] Token aanvragen bij https://api.cgk-group.com/api/account/login...
[INFO] 2025-05-25 11:02:35 - [StockInfo] Token ontvangen (vervalt in 1800s)
[INFO] 2025-05-25 11:02:54 - [OITMI] Token aanvragen bij https://api.cgk-group.com/api/account/login...
[INFO] 2025-05-25 11:02:54 - [OITMI] Token ontvangen (vervalt in 1800s)
[INFO] 2025-05-25 11:04:36 - [ArticleSearch] Token aanvragen bij https://api.cgk-group.com/api/account/login...
[INFO] 2025-05-25 11:04:36 - [ArticleSearch] Token ontvangen (vervalt in 1800s)
[INFO] 2025-05-25 11:04:36 - [Startup] Vooraf token laden voor StockInfo...
[INFO] 2025-05-25 11:04:36 - [StockInfo] Token aanvragen bij https://api.cgk-group.com/api/account/login...
[INFO] 2025-05-25 11:04:36 - [StockInfo] Token ontvangen (vervalt in 1800s)
[INFO] 2025-05-25 11:04:56 - [OITMI] Token aanvragen bij https://api.cgk-group.com/api/account/login...
[INFO] 2025-05-25 11:04:57 - [OITMI] Token ontvangen (vervalt in 1800s)
[INFO] 2025-05-25 11:09:14 - [ArticleSearch] Token aanvragen bij https://api.cgk-group.com/api/account/login...
[INFO] 2025-05-25 11:09:14 - [ArticleSearch] Token ontvangen (vervalt in 1800s)
[INFO] 2025-05-25 11:09:14 - [Startup] Vooraf token laden voor StockInfo...
[INFO] 2025-05-25 11:09:14 - [StockInfo] Token aanvragen bij https://api.cgk-group.com/api/account/login...
[INFO] 2025-05-25 11:09:15 - [StockInfo] Token ontvangen (vervalt in 1800s)
[INFO] 2025-05-25 11:13:46 - [ArticleSearch] Token aanvragen bij https://api.cgk-group.com/api/account/login...
[INFO] 2025-05-25 11:13:46 - [ArticleSearch] Token ontvangen (vervalt in 1800s)
[INFO] 2025-05-25 11:13:46 - [Startup] Vooraf token laden voor StockInfo...
[INFO] 2025-05-25 11:13:46 - [StockInfo] Token aanvragen bij https://api.cgk-group.com/api/account/login...
[INFO] 2025-05-25 11:13:47 - [StockInfo] Token ontvangen (vervalt in 1800s)
[INFO] 2025-05-25 11:14:10 - [OITMI] Token aanvragen bij https://api.cgk-group.com/api/account/login...
[INFO] 2025-05-25 11:14:10 - [OITMI] Token ontvangen (vervalt in 1800s)
[INFO] 2025-05-25 11:14:47 - [ArticleSearch] Token aanvragen bij https://api.cgk-group.com/api/account/login...
[INFO] 2025-05-25 11:14:47 - [ArticleSearch] Token ontvangen (vervalt in 1800s)
[INFO] 2025-05-25 11:14:47 - [Startup] Vooraf token laden voor StockInfo...
[INFO] 2025-05-25 11:14:47 - [StockInfo] Token aanvragen bij https://api.cgk-group.com/api/account/login...
[INFO] 2025-05-25 11:14:47 - [StockInfo] Token ontvangen (vervalt in 1800s)
[INFO] 2025-05-25 11:15:20 - [ArticleSearch] Token aanvragen bij https://api.cgk-group.com/api/account/login...
[INFO] 2025-05-25 11:15:20 - [ArticleSearch] Token ontvangen (vervalt in 1800s)
[INFO] 2025-05-25 11:15:20 - [Startup] Vooraf token laden voor StockInfo...
[INFO] 2025-05-25 11:15:20 - [StockInfo] Token aanvragen bij https://api.cgk-group.com/api/account/login...
[INFO] 2025-05-25 11:15:21 - [StockInfo] Token ontvangen (vervalt in 1800s)
[INFO] 2025-05-25 11:15:44 - [OITMI] Token aanvragen bij https://api.cgk-group.com/api/account/login...
[INFO] 2025-05-25 11:15:44 - [OITMI] Token ontvangen (vervalt in 1800s)
[INFO] 2025-05-25 11:16:19 - [ArticleSearch] Token aanvragen bij https://api.cgk-group.com/api/account/login...
[INFO] 2025-05-25 11:16:19 - [ArticleSearch] Token ontvangen (vervalt in 1800s)
[INFO] 2025-05-25 11:16:19 - [Startup] Vooraf token laden voor StockInfo...
[INFO] 2025-05-25 11:16:19 - [StockInfo] Token aanvragen bij https://api.cgk-group.com/api/account/login...
[INFO] 2025-05-25 11:16:19 - [StockInfo] Token ontvangen (vervalt in 1800s)
[INFO] 2025-05-25 11:16:40 - [OITMI] Token aanvragen bij https://api.cgk-group.com/api/account/login...
[INFO] 2025-05-25 11:16:40 - [OITMI] Token ontvangen (vervalt in 1800s)
[INFO] 2025-05-25 11:23:10 - [ArticleSearch] Token aanvragen bij https://api.cgk-group.com/api/account/login...
[INFO] 2025-05-25 11:23:10 - [ArticleSearch] Token ontvangen (vervalt in 1800s)
[INFO] 2025-05-25 11:23:10 - [Startup] Vooraf token laden voor StockInfo...
[INFO] 2025-05-25 11:23:10 - [StockInfo] Token aanvragen bij https://api.cgk-group.com/api/account/login...
[INFO] 2025-05-25 11:23:10 - [StockInfo] Token ontvangen (vervalt in 1800s)
[INFO] 2025-05-25 11:24:47 - [OITMI] Token aanvragen bij https://api.cgk-group.com/api/account/login...
[INFO] 2025-05-25 11:24:47 - [OITMI] Token ontvangen (vervalt in 1800s)
[INFO] 2025-05-25 11:26:10 - [ArticleSearch] Token aanvragen bij https://api.cgk-group.com/api/account/login...
[INFO] 2025-05-25 11:26:10 - [ArticleSearch] Token ontvangen (vervalt in 1800s)
[INFO] 2025-05-25 11:26:10 - [Startup] Vooraf token laden voor StockInfo...
[INFO] 2025-05-25 11:26:10 - [StockInfo] Token aanvragen bij https://api.cgk-group.com/api/account/login...
[INFO] 2025-05-25 11:26:10 - [StockInfo] Token ontvangen (vervalt in 1800s)
[INFO] 2025-05-25 11:30:35 - [ArticleSearch] Token aanvragen bij https://api.cgk-group.com/api/account/login...
[INFO] 2025-05-25 11:30:35 - [ArticleSearch] Token ontvangen (vervalt in 1800s)
[INFO] 2025-05-25 11:30:35 - [Startup] Vooraf token laden voor StockInfo...
[INFO] 2025-05-25 11:30:35 - [StockInfo] Token aanvragen bij https://api.cgk-group.com/api/account/login...
[INFO] 2025-05-25 11:30:36 - [StockInfo] Token ontvangen (vervalt in 1800s)
[INFO] 2025-05-25 11:33:06 - [ArticleSearch] Token aanvragen bij https://api.cgk-group.com/api/account/login...
[INFO] 2025-05-25 11:33:06 - [ArticleSearch] Token ontvangen (vervalt in 1800s)
[INFO] 2025-05-25 11:33:06 - [Startup] Vooraf token laden voor StockInfo...
[INFO] 2025-05-25 11:33:06 - [StockInfo] Token aanvragen bij https://api.cgk-group.com/api/account/login...
[INFO] 2025-05-25 11:33:07 - [StockInfo] Token ontvangen (vervalt in 1800s)
[INFO] 2025-05-25 11:35:34 - [ArticleSearch] Token aanvragen bij https://api.cgk-group.com/api/account/login...
[INFO] 2025-05-25 11:35:34 - [ArticleSearch] Token ontvangen (vervalt in 1800s)
[INFO] 2025-05-25 11:35:34 - [Startup] Vooraf token laden voor StockInfo...
[INFO] 2025-05-25 11:35:34 - [StockInfo] Token aanvragen bij https://api.cgk-group.com/api/account/login...
[INFO] 2025-05-25 11:35:34 - [StockInfo] Token ontvangen (vervalt in 1800s)
[INFO] 2025-05-25 11:36:55 - [ArticleSearch] Token aanvragen bij https://api.cgk-group.com/api/account/login...
[INFO] 2025-05-25 11:36:56 - [ArticleSearch] Token ontvangen (vervalt in 1800s)
[INFO] 2025-05-25 11:36:56 - [Startup] Vooraf token laden voor StockInfo...
[INFO] 2025-05-25 11:36:56 - [StockInfo] Token aanvragen bij https://api.cgk-group.com/api/account/login...
[INFO] 2025-05-25 11:36:56 - [StockInfo] Token ontvangen (vervalt in 1800s)
[INFO] 2025-05-25 11:37:14 - [OITMI] Token aanvragen bij https://api.cgk-group.com/api/account/login...
[INFO] 2025-05-25 11:37:14 - [OITMI] Token ontvangen (vervalt in 1800s)
[INFO] 2025-05-25 11:38:33 - [ArticleSearch] Token aanvragen bij https://api.cgk-group.com/api/account/login...
[INFO] 2025-05-25 11:38:33 - [ArticleSearch] Token ontvangen (vervalt in 1800s)
[INFO] 2025-05-25 11:38:33 - [Startup] Vooraf token laden voor StockInfo...
[INFO] 2025-05-25 11:38:33 - [StockInfo] Token aanvragen bij https://api.cgk-group.com/api/account/login...
[INFO] 2025-05-25 11:38:33 - [StockInfo] Token ontvangen (vervalt in 1800s)
[INFO] 2025-05-25 11:39:23 - [OITMI] Token aanvragen bij https://api.cgk-group.com/api/account/login...
[INFO] 2025-05-25 11:39:23 - [OITMI] Token ontvangen (vervalt in 1800s)
[INFO] 2025-05-25 11:57:21 - [ArticleSearch] Token aanvragen bij https://api.cgk-group.com/api/account/login...
[INFO] 2025-05-25 11:57:22 - [ArticleSearch] Token ontvangen (vervalt in 1800s)
[INFO] 2025-05-25 11:57:22 - [Startup] Vooraf token laden voor StockInfo...
[INFO] 2025-05-25 11:57:22 - [StockInfo] Token aanvragen bij https://api.cgk-group.com/api/account/login...
[INFO] 2025-05-25 11:57:22 - [StockInfo] Token ontvangen (vervalt in 1800s)
[INFO] 2025-05-25 12:01:12 - [ArticleSearch] Token aanvragen bij https://api.cgk-group.com/api/account/login...
[INFO] 2025-05-25 12:01:12 - [ArticleSearch] Token ontvangen (vervalt in 1800s)
[INFO] 2025-05-25 12:01:12 - [Startup] Vooraf token laden voor StockInfo...
[INFO] 2025-05-25 12:01:12 - [StockInfo] Token aanvragen bij https://api.cgk-group.com/api/account/login...
[INFO] 2025-05-25 12:01:12 - [StockInfo] Token ontvangen (vervalt in 1800s)
[INFO] 2025-05-25 17:13:58 - [ArticleSearch] Token aanvragen bij https://api.cgk-group.com/api/account/login...
[INFO] 2025-05-25 17:13:58 - [ArticleSearch] Token ontvangen (vervalt in 1800s)
[INFO] 2025-05-25 17:13:58 - [Startup] Vooraf token laden voor StockInfo...
[INFO] 2025-05-25 17:13:58 - [StockInfo] Token aanvragen bij https://api.cgk-group.com/api/account/login...
[INFO] 2025-05-25 17:13:58 - [StockInfo] Token ontvangen (vervalt in 1800s)
[INFO] 2025-05-25 17:20:01 - [ArticleSearch] Token aanvragen bij https://api.cgk-group.com/api/account/login...
[INFO] 2025-05-25 17:20:02 - [ArticleSearch] Token ontvangen (vervalt in 1800s)
[INFO] 2025-05-25 17:20:02 - [Startup] Vooraf token laden voor StockInfo...
[INFO] 2025-05-25 17:20:02 - [StockInfo] Token aanvragen bij https://api.cgk-group.com/api/account/login...
[INFO] 2025-05-25 17:20:02 - [StockInfo] Token ontvangen (vervalt in 1800s)
[INFO] 2025-05-25 17:20:35 - [OITMI] Token aanvragen bij https://api.cgk-group.com/api/account/login...
[INFO] 2025-05-25 17:20:35 - [OITMI] Token ontvangen (vervalt in 1800s)
[INFO] 2025-05-25 17:22:07 - [ArticleSearch] Token aanvragen bij https://api.cgk-group.com/api/account/login...
[INFO] 2025-05-25 17:22:07 - [ArticleSearch] Token ontvangen (vervalt in 1800s)
[INFO] 2025-05-25 17:22:07 - [Startup] Vooraf token laden voor StockInfo...
[INFO] 2025-05-25 17:22:07 - [StockInfo] Token aanvragen bij https://api.cgk-group.com/api/account/login...
[INFO] 2025-05-25 17:22:07 - [StockInfo] Token ontvangen (vervalt in 1800s)
[INFO] 2025-05-25 18:05:51 - [ArticleSearch] Token aanvragen bij https://api.cgk-group.com/api/account/login...
[INFO] 2025-05-25 18:05:52 - [ArticleSearch] Token ontvangen (vervalt in 1800s)
[INFO] 2025-05-25 18:05:52 - [Startup] Vooraf token laden voor StockInfo...
[INFO] 2025-05-25 18:05:52 - [StockInfo] Token aanvragen bij https://api.cgk-group.com/api/account/login...
[INFO] 2025-05-25 18:05:52 - [StockInfo] Token ontvangen (vervalt in 1800s)
[INFO] 2025-05-25 18:06:15 - [OITMI] Token aanvragen bij https://api.cgk-group.com/api/account/login...
[INFO] 2025-05-25 18:06:15 - [OITMI] Token ontvangen (vervalt in 1800s)
[INFO] 2025-05-26 09:32:41 - [ArticleSearch] Token aanvragen bij https://api.cgk-group.com/api/account/login...
[INFO] 2025-05-26 09:32:41 - [ArticleSearch] Token ontvangen (vervalt in 1800s)
[INFO] 2025-05-26 09:32:41 - [Startup] Vooraf token laden voor StockInfo...
[INFO] 2025-05-26 09:32:41 - [StockInfo] Token aanvragen bij https://api.cgk-group.com/api/account/login...
[INFO] 2025-05-26 09:32:41 - [StockInfo] Token ontvangen (vervalt in 1800s)
[INFO] 2025-05-26 09:33:38 - [OITMI] Token aanvragen bij https://api.cgk-group.com/api/account/login...
[INFO] 2025-05-26 09:33:38 - [OITMI] Token ontvangen (vervalt in 1800s)
[INFO] 2025-05-26 16:09:36 - [ArticleSearch] Token aanvragen bij https://api.cgk-group.com/api/account/login...
[INFO] 2025-05-26 16:09:36 - [ArticleSearch] Token ontvangen (vervalt in 1800s)
[INFO] 2025-05-26 16:09:36 - [Startup] Vooraf token laden voor StockInfo...
[INFO] 2025-05-26 16:09:36 - [StockInfo] Token aanvragen bij https://api.cgk-group.com/api/account/login...
[INFO] 2025-05-26 16:09:36 - [StockInfo] Token ontvangen (vervalt in 1800s)
[INFO] 2025-05-27 07:35:23 - [ArticleSearch] Token aanvragen bij https://api.cgk-group.com/api/account/login...
[INFO] 2025-05-27 07:35:24 - [ArticleSearch] Token ontvangen (vervalt in 1800s)
[INFO] 2025-05-27 07:35:24 - [Startup] Vooraf token laden voor StockInfo...
[INFO] 2025-05-27 07:35:24 - [StockInfo] Token aanvragen bij https://api.cgk-group.com/api/account/login...
[INFO] 2025-05-27 07:35:24 - [StockInfo] Token ontvangen (vervalt in 1800s)
[INFO] 2025-05-27 07:42:22 - [ArticleSearch] Token aanvragen bij https://api.cgk-group.com/api/account/login...
[INFO] 2025-05-27 07:42:22 - [ArticleSearch] Token ontvangen (vervalt in 1800s)
[INFO] 2025-05-27 07:42:22 - [Startup] Vooraf token laden voor StockInfo...
[INFO] 2025-05-27 07:42:22 - [StockInfo] Token aanvragen bij https://api.cgk-group.com/api/account/login...
[INFO] 2025-05-27 07:42:22 - [StockInfo] Token ontvangen (vervalt in 1800s)
[INFO] 2025-05-27 07:47:02 - [ArticleSearch] Token aanvragen bij https://api.cgk-group.com/api/account/login...
[INFO] 2025-05-27 07:47:02 - [ArticleSearch] Token ontvangen (vervalt in 1800s)
[INFO] 2025-05-27 07:47:02 - [Startup] Vooraf token laden voor StockInfo...
[INFO] 2025-05-27 07:47:02 - [StockInfo] Token aanvragen bij https://api.cgk-group.com/api/account/login...
[INFO] 2025-05-27 07:47:03 - [StockInfo] Token ontvangen (vervalt in 1800s)
[INFO] 2025-05-27 07:48:11 - [ArticleSearch] Token aanvragen bij https://api.cgk-group.com/api/account/login...
[INFO] 2025-05-27 07:48:12 - [ArticleSearch] Token ontvangen (vervalt in 1800s)
[INFO] 2025-05-27 07:48:12 - [Startup] Vooraf token laden voor StockInfo...
[INFO] 2025-05-27 07:48:12 - [StockInfo] Token aanvragen bij https://api.cgk-group.com/api/account/login...
[INFO] 2025-05-27 07:48:12 - [StockInfo] Token ontvangen (vervalt in 1800s)
[INFO] 2025-05-27 07:49:14 - [ArticleSearch] Token aanvragen bij https://api.cgk-group.com/api/account/login...
[INFO] 2025-05-27 07:49:15 - [ArticleSearch] Token ontvangen (vervalt in 1800s)
[INFO] 2025-05-27 07:49:15 - [Startup] Vooraf token laden voor StockInfo...
[INFO] 2025-05-27 07:49:15 - [StockInfo] Token aanvragen bij https://api.cgk-group.com/api/account/login...
[INFO] 2025-05-27 07:49:15 - [StockInfo] Token ontvangen (vervalt in 1800s)
[INFO] 2025-05-27 08:22:59 - [ArticleSearch] Token aanvragen bij https://api.cgk-group.com/api/account/login...
[INFO] 2025-05-27 08:22:59 - [ArticleSearch] Token ontvangen (vervalt in 1800s)
[INFO] 2025-05-27 08:22:59 - [Startup] Vooraf token laden voor StockInfo...
[INFO] 2025-05-27 08:22:59 - [StockInfo] Token aanvragen bij https://api.cgk-group.com/api/account/login...
[INFO] 2025-05-27 08:23:00 - [StockInfo] Token ontvangen (vervalt in 1800s)
[INFO] 2025-05-27 08:42:39 - [ArticleSearch] Token aanvragen bij https://api.cgk-group.com/api/account/login...
[INFO] 2025-05-27 08:42:40 - [ArticleSearch] Token ontvangen (vervalt in 1800s)
[INFO] 2025-05-27 08:42:40 - [Startup] Vooraf token laden voor StockInfo...
[INFO] 2025-05-27 08:42:40 - [StockInfo] Token aanvragen bij https://api.cgk-group.com/api/account/login...
[INFO] 2025-05-27 08:42:40 - [StockInfo] Token ontvangen (vervalt in 1800s)
[INFO] 2025-05-27 15:42:11 - [ArticleSearch] Token aanvragen bij https://api.cgk-group.com/api/account/login...
[INFO] 2025-05-27 15:42:11 - [ArticleSearch] Token ontvangen (vervalt in 1800s)
[INFO] 2025-05-27 15:42:11 - [Startup] Vooraf token laden voor StockInfo...
[INFO] 2025-05-27 15:42:11 - [StockInfo] Token aanvragen bij https://api.cgk-group.com/api/account/login...
[INFO] 2025-05-27 15:42:11 - [StockInfo] Token ontvangen (vervalt in 1800s)
[INFO] 2025-05-27 15:53:41 - [ArticleSearch] Token aanvragen bij https://api.cgk-group.com/api/account/login...
[INFO] 2025-05-27 15:53:41 - [ArticleSearch] Token ontvangen (vervalt in 1800s)
[INFO] 2025-05-27 15:53:41 - [Startup] Vooraf token laden voor StockInfo...
[INFO] 2025-05-27 15:53:41 - [StockInfo] Token aanvragen bij https://api.cgk-group.com/api/account/login...
[INFO] 2025-05-27 15:53:42 - [StockInfo] Token ontvangen (vervalt in 1800s)
[INFO] 2025-05-27 15:53:51 - [ArticleSearch] Token aanvragen bij https://api.cgk-group.com/api/account/login...
[INFO] 2025-05-27 15:53:51 - [ArticleSearch] Token ontvangen (vervalt in 1800s)
[INFO] 2025-05-27 15:53:51 - [Startup] Vooraf token laden voor StockInfo...
[INFO] 2025-05-27 15:53:51 - [StockInfo] Token aanvragen bij https://api.cgk-group.com/api/account/login...
[INFO] 2025-05-27 15:53:51 - [StockInfo] Token ontvangen (vervalt in 1800s)
[INFO] 2025-05-27 15:54:03 - [ArticleSearch] Token aanvragen bij https://api.cgk-group.com/api/account/login...
[INFO] 2025-05-27 15:54:12 - [ArticleSearch] Token aanvragen bij https://api.cgk-group.com/api/account/login...
[INFO] 2025-05-27 15:54:12 - [ArticleSearch] Token ontvangen (vervalt in 1800s)
[INFO] 2025-05-27 15:54:12 - [Startup] Vooraf token laden voor StockInfo...
[INFO] 2025-05-27 15:54:12 - [StockInfo] Token aanvragen bij https://api.cgk-group.com/api/account/login...
[INFO] 2025-05-27 15:54:13 - [StockInfo] Token ontvangen (vervalt in 1800s)
[INFO] 2025-05-27 15:54:23 - [ArticleSearch] Token aanvragen bij https://api.cgk-group.com/api/account/login...
[INFO] 2025-05-27 15:54:23 - [ArticleSearch] Token ontvangen (vervalt in 1800s)
[INFO] 2025-05-27 15:54:23 - [Startup] Vooraf token laden voor StockInfo...
[INFO] 2025-05-27 15:54:23 - [StockInfo] Token aanvragen bij https://api.cgk-group.com/api/account/login...
[INFO] 2025-05-27 15:54:24 - [StockInfo] Token ontvangen (vervalt in 1800s)
[INFO] 2025-05-27 15:54:34 - [ArticleSearch] Token aanvragen bij https://api.cgk-group.com/api/account/login...
[INFO] 2025-05-27 15:54:35 - [ArticleSearch] Token ontvangen (vervalt in 1800s)
[INFO] 2025-05-27 15:54:35 - [Startup] Vooraf token laden voor StockInfo...
[INFO] 2025-05-27 15:54:35 - [StockInfo] Token aanvragen bij https://api.cgk-group.com/api/account/login...
[INFO] 2025-05-27 15:54:35 - [StockInfo] Token ontvangen (vervalt in 1800s)
[INFO] 2025-05-27 15:58:42 - [ArticleSearch] Token aanvragen bij https://api.cgk-group.com/api/account/login...
[INFO] 2025-05-27 15:58:42 - [ArticleSearch] Token ontvangen (vervalt in 1800s)
[INFO] 2025-05-27 15:58:42 - [Startup] Vooraf token laden voor StockInfo...
[INFO] 2025-05-27 15:58:42 - [StockInfo] Token aanvragen bij https://api.cgk-group.com/api/account/login...
[INFO] 2025-05-27 15:58:42 - [StockInfo] Token ontvangen (vervalt in 1800s)
[INFO] 2025-05-27 16:19:10 - [ArticleSearch] Token aanvragen bij https://api.cgk-group.com/api/account/login...
[INFO] 2025-05-27 16:19:11 - [ArticleSearch] Token ontvangen (vervalt in 1800s)
[INFO] 2025-05-27 16:19:11 - [Startup] Vooraf token laden voor StockInfo...
[INFO] 2025-05-27 16:19:11 - [StockInfo] Token aanvragen bij https://api.cgk-group.com/api/account/login...
[INFO] 2025-05-27 16:19:12 - [StockInfo] Token ontvangen (vervalt in 1800s)
[INFO] 2025-05-27 16:23:11 - [ArticleSearch] Token aanvragen bij https://api.cgk-group.com/api/account/login...
[INFO] 2025-05-27 16:23:12 - [ArticleSearch] Token ontvangen (vervalt in 1800s)
[INFO] 2025-05-27 16:23:12 - [Startup] Vooraf token laden voor StockInfo...
[INFO] 2025-05-27 16:23:12 - [StockInfo] Token aanvragen bij https://api.cgk-group.com/api/account/login...
[INFO] 2025-05-27 16:23:12 - [StockInfo] Token ontvangen (vervalt in 1800s)
[INFO] 2025-05-27 17:09:01 - [ArticleSearch] Token aanvragen bij https://api.cgk-group.com/api/account/login...
[INFO] 2025-05-27 17:09:02 - [ArticleSearch] Token ontvangen (vervalt in 1800s)
[INFO] 2025-05-27 17:09:02 - [Startup] Vooraf token laden voor StockInfo...
[INFO] 2025-05-27 17:09:02 - [StockInfo] Token aanvragen bij https://api.cgk-group.com/api/account/login...
[INFO] 2025-05-27 17:09:02 - [StockInfo] Token ontvangen (vervalt in 1800s)
[INFO] 2025-05-27 17:25:23 - [ArticleSearch] Token aanvragen bij https://api.cgk-group.com/api/account/login...
[INFO] 2025-05-27 17:25:23 - [ArticleSearch] Token ontvangen (vervalt in 1800s)
[INFO] 2025-05-27 17:25:23 - [Startup] Vooraf token laden voor StockInfo...
[INFO] 2025-05-27 17:25:23 - [StockInfo] Token aanvragen bij https://api.cgk-group.com/api/account/login...
[INFO] 2025-05-27 17:25:24 - [StockInfo] Token ontvangen (vervalt in 1800s)
[INFO] 2025-05-27 17:36:04 - [ArticleSearch] Token aanvragen bij https://api.cgk-group.com/api/account/login...
[INFO] 2025-05-27 17:36:05 - [ArticleSearch] Token ontvangen (vervalt in 1800s)
[INFO] 2025-05-27 17:36:05 - [Startup] Vooraf token laden voor StockInfo...
[INFO] 2025-05-27 17:36:05 - [StockInfo] Token aanvragen bij https://api.cgk-group.com/api/account/login...
[INFO] 2025-05-27 17:36:05 - [StockInfo] Token ontvangen (vervalt in 1800s)
[INFO] 2025-05-27 18:53:49 - [ArticleSearch] Token aanvragen bij https://api.cgk-group.com/api/account/login...
[INFO] 2025-05-27 18:53:50 - [ArticleSearch] Token ontvangen (vervalt in 1800s)
[INFO] 2025-05-27 18:53:50 - [Startup] Vooraf token laden voor StockInfo...
[INFO] 2025-05-27 18:53:50 - [StockInfo] Token aanvragen bij https://api.cgk-group.com/api/account/login...
[INFO] 2025-05-27 18:53:50 - [StockInfo] Token ontvangen (vervalt in 1800s)
[INFO] 2025-05-27 18:54:09 - [OITMI] Token aanvragen bij https://api.cgk-group.com/api/account/login...
[INFO] 2025-05-27 18:54:10 - [OITMI] Token ontvangen (vervalt in 1800s)
[INFO] 2025-05-28 08:06:20 - [ArticleSearch] Token aanvragen bij https://api.cgk-group.com/api/account/login...
[INFO] 2025-05-28 08:06:21 - [ArticleSearch] Token ontvangen (vervalt in 1800s)
[INFO] 2025-05-28 08:06:21 - [Startup] Vooraf token laden voor StockInfo...
[INFO] 2025-05-28 08:06:21 - [StockInfo] Token aanvragen bij https://api.cgk-group.com/api/account/login...
[INFO] 2025-05-28 08:06:21 - [StockInfo] Token ontvangen (vervalt in 1800s)
[INFO] 2025-05-28 08:21:51 - [ArticleSearch] Token aanvragen bij https://api.cgk-group.com/api/account/login...
[INFO] 2025-05-28 08:21:51 - [ArticleSearch] Token ontvangen (vervalt in 1800s)
[INFO] 2025-05-28 08:21:51 - [Startup] Vooraf token laden voor StockInfo...
[INFO] 2025-05-28 08:21:51 - [StockInfo] Token aanvragen bij https://api.cgk-group.com/api/account/login...
[INFO] 2025-05-28 08:21:51 - [StockInfo] Token ontvangen (vervalt in 1800s)
[INFO] 2025-05-28 08:33:02 - [ArticleSearch] Token aanvragen bij https://api.cgk-group.com/api/account/login...
[INFO] 2025-05-28 08:33:02 - [ArticleSearch] Token ontvangen (vervalt in 1800s)
[INFO] 2025-05-28 08:33:02 - [Startup] Vooraf token laden voor StockInfo...
[INFO] 2025-05-28 08:33:02 - [StockInfo] Token aanvragen bij https://api.cgk-group.com/api/account/login...
[INFO] 2025-05-28 08:33:02 - [StockInfo] Token ontvangen (vervalt in 1800s)
[INFO] 2025-05-28 08:37:10 - [ArticleSearch] Token aanvragen bij https://api.cgk-group.com/api/account/login...
[INFO] 2025-05-28 08:37:10 - [ArticleSearch] Token ontvangen (vervalt in 1800s)
[INFO] 2025-05-28 08:37:10 - [Startup] Vooraf token laden voor StockInfo...
[INFO] 2025-05-28 08:37:10 - [StockInfo] Token aanvragen bij https://api.cgk-group.com/api/account/login...
[INFO] 2025-05-28 08:37:10 - [StockInfo] Token ontvangen (vervalt in 1800s)
[INFO] 2025-05-28 08:43:14 - [ArticleSearch] Token aanvragen bij https://api.cgk-group.com/api/account/login...
[INFO] 2025-05-28 08:43:14 - [ArticleSearch] Token ontvangen (vervalt in 1800s)
[INFO] 2025-05-28 08:43:14 - [Startup] Vooraf token laden voor StockInfo...
[INFO] 2025-05-28 08:43:14 - [StockInfo] Token aanvragen bij https://api.cgk-group.com/api/account/login...
[INFO] 2025-05-28 08:43:14 - [StockInfo] Token ontvangen (vervalt in 1800s)
[INFO] 2025-05-28 08:48:56 - [ArticleSearch] Token aanvragen bij https://api.cgk-group.com/api/account/login...
[INFO] 2025-05-28 08:48:56 - [ArticleSearch] Token ontvangen (vervalt in 1800s)
[INFO] 2025-05-28 08:48:56 - [Startup] Vooraf token laden voor StockInfo...
[INFO] 2025-05-28 08:48:56 - [StockInfo] Token aanvragen bij https://api.cgk-group.com/api/account/login...
[INFO] 2025-05-28 08:48:56 - [StockInfo] Token ontvangen (vervalt in 1800s)
[INFO] 2025-05-28 08:49:19 - [OITMI] Token aanvragen bij https://api.cgk-group.com/api/account/login...
[INFO] 2025-05-28 08:49:19 - [OITMI] Token ontvangen (vervalt in 1800s)
[INFO] 2025-05-28 09:11:05 - [ArticleSearch] Token aanvragen bij https://api.cgk-group.com/api/account/login...
[INFO] 2025-05-28 09:11:06 - [ArticleSearch] Token ontvangen (vervalt in 1800s)
[INFO] 2025-05-28 09:11:06 - [Startup] Vooraf token laden voor StockInfo...
[INFO] 2025-05-28 09:11:06 - [StockInfo] Token aanvragen bij https://api.cgk-group.com/api/account/login...
[INFO] 2025-05-28 09:11:06 - [StockInfo] Token ontvangen (vervalt in 1800s)
[INFO] 2025-05-28 09:11:22 - [OITMI] Token aanvragen bij https://api.cgk-group.com/api/account/login...
[INFO] 2025-05-28 09:11:22 - [OITMI] Token ontvangen (vervalt in 1800s)
[INFO] 2025-05-28 09:18:55 - [ArticleSearch] Token aanvragen bij https://api.cgk-group.com/api/account/login...
[INFO] 2025-05-28 09:18:55 - [ArticleSearch] Token ontvangen (vervalt in 1800s)
[INFO] 2025-05-28 09:18:55 - [Startup] Vooraf token laden voor StockInfo...
[INFO] 2025-05-28 09:18:55 - [StockInfo] Token aanvragen bij https://api.cgk-group.com/api/account/login...
[INFO] 2025-05-28 09:18:55 - [StockInfo] Token ontvangen (vervalt in 1800s)
[INFO] 2025-05-28 09:19:07 - [OITMI] Token aanvragen bij https://api.cgk-group.com/api/account/login...
[INFO] 2025-05-28 09:19:08 - [OITMI] Token ontvangen (vervalt in 1800s)
[INFO] 2025-05-28 09:19:56 - [ArticleSearch] Token aanvragen bij https://api.cgk-group.com/api/account/login...
[INFO] 2025-05-28 09:19:56 - [ArticleSearch] Token ontvangen (vervalt in 1800s)
[INFO] 2025-05-28 09:19:56 - [Startup] Vooraf token laden voor StockInfo...
[INFO] 2025-05-28 09:19:56 - [StockInfo] Token aanvragen bij https://api.cgk-group.com/api/account/login...
[INFO] 2025-05-28 09:19:56 - [StockInfo] Token ontvangen (vervalt in 1800s)
[INFO] 2025-05-28 09:20:08 - [OITMI] Token aanvragen bij https://api.cgk-group.com/api/account/login...
[INFO] 2025-05-28 09:20:08 - [OITMI] Token ontvangen (vervalt in 1800s)
[INFO] 2025-05-28 09:20:36 - [ArticleSearch] Token aanvragen bij https://api.cgk-group.com/api/account/login...
[INFO] 2025-05-28 09:20:36 - [ArticleSearch] Token ontvangen (vervalt in 1800s)
[INFO] 2025-05-28 09:20:36 - [Startup] Vooraf token laden voor StockInfo...
[INFO] 2025-05-28 09:20:36 - [StockInfo] Token aanvragen bij https://api.cgk-group.com/api/account/login...
[INFO] 2025-05-28 09:20:36 - [StockInfo] Token ontvangen (vervalt in 1800s)
[INFO] 2025-05-28 09:20:47 - [OITMI] Token aanvragen bij https://api.cgk-group.com/api/account/login...
[INFO] 2025-05-28 09:20:47 - [OITMI] Token ontvangen (vervalt in 1800s)
[INFO] 2025-05-28 09:23:37 - [ArticleSearch] Token aanvragen bij https://api.cgk-group.com/api/account/login...
[INFO] 2025-05-28 09:23:37 - [ArticleSearch] Token ontvangen (vervalt in 1800s)
[INFO] 2025-05-28 09:23:37 - [Startup] Vooraf token laden voor StockInfo...
[INFO] 2025-05-28 09:23:37 - [StockInfo] Token aanvragen bij https://api.cgk-group.com/api/account/login...
[INFO] 2025-05-28 09:23:37 - [StockInfo] Token ontvangen (vervalt in 1800s)
[INFO] 2025-05-28 09:23:48 - [OITMI] Token aanvragen bij https://api.cgk-group.com/api/account/login...
[INFO] 2025-05-28 09:23:48 - [OITMI] Token ontvangen (vervalt in 1800s)
[INFO] 2025-05-28 09:28:11 - [ArticleSearch] Token aanvragen bij https://api.cgk-group.com/api/account/login...
[INFO] 2025-05-28 09:28:11 - [ArticleSearch] Token ontvangen (vervalt in 1800s)
[INFO] 2025-05-28 09:28:11 - [Startup] Vooraf token laden voor StockInfo...
[INFO] 2025-05-28 09:28:11 - [StockInfo] Token aanvragen bij https://api.cgk-group.com/api/account/login...
[INFO] 2025-05-28 09:28:11 - [StockInfo] Token ontvangen (vervalt in 1800s)
[INFO] 2025-05-28 09:28:23 - [OITMI] Token aanvragen bij https://api.cgk-group.com/api/account/login...
[INFO] 2025-05-28 09:28:23 - [OITMI] Token ontvangen (vervalt in 1800s)
[INFO] 2025-05-28 09:30:08 - [ArticleSearch] Token aanvragen bij https://api.cgk-group.com/api/account/login...
[INFO] 2025-05-28 09:30:08 - [ArticleSearch] Token ontvangen (vervalt in 1800s)
[INFO] 2025-05-28 09:30:08 - [Startup] Vooraf token laden voor StockInfo...
[INFO] 2025-05-28 09:30:08 - [StockInfo] Token aanvragen bij https://api.cgk-group.com/api/account/login...
[INFO] 2025-05-28 09:30:08 - [StockInfo] Token ontvangen (vervalt in 1800s)
[INFO] 2025-05-28 09:30:24 - [OITMI] Token aanvragen bij https://api.cgk-group.com/api/account/login...
[INFO] 2025-05-28 09:30:24 - [OITMI] Token ontvangen (vervalt in 1800s)
[INFO] 2025-05-28 10:16:21 - [ArticleSearch] Token aanvragen bij https://api.cgk-group.com/api/account/login...
[INFO] 2025-05-28 10:16:21 - [ArticleSearch] Token ontvangen (vervalt in 1800s)
[INFO] 2025-05-28 10:16:21 - [Startup] Vooraf token laden voor StockInfo...
[INFO] 2025-05-28 10:16:21 - [StockInfo] Token aanvragen bij https://api.cgk-group.com/api/account/login...
[INFO] 2025-05-28 10:16:22 - [StockInfo] Token ontvangen (vervalt in 1800s)
[INFO] 2025-05-28 10:18:37 - [ArticleSearch] Token aanvragen bij https://api.cgk-group.com/api/account/login...
[INFO] 2025-05-28 10:18:37 - [ArticleSearch] Token ontvangen (vervalt in 1800s)
[INFO] 2025-05-28 10:18:37 - [Startup] Vooraf token laden voor StockInfo...
[INFO] 2025-05-28 10:18:37 - [StockInfo] Token aanvragen bij https://api.cgk-group.com/api/account/login...
[INFO] 2025-05-28 10:18:37 - [StockInfo] Token ontvangen (vervalt in 1800s)
[INFO] 2025-05-28 10:19:08 - [ArticleSearch] Token aanvragen bij https://api.cgk-group.com/api/account/login...
[INFO] 2025-05-28 10:19:08 - [ArticleSearch] Token ontvangen (vervalt in 1800s)
[INFO] 2025-05-28 10:19:08 - [Startup] Vooraf token laden voor StockInfo...
[INFO] 2025-05-28 10:19:08 - [StockInfo] Token aanvragen bij https://api.cgk-group.com/api/account/login...
[INFO] 2025-05-28 10:19:08 - [StockInfo] Token ontvangen (vervalt in 1800s)
[INFO] 2025-05-28 10:19:48 - [OITMI] Token aanvragen bij https://api.cgk-group.com/api/account/login...
[INFO] 2025-05-28 10:19:48 - [OITMI] Token ontvangen (vervalt in 1800s)
[INFO] 2025-05-28 10:20:25 - [ArticleSearch] Token aanvragen bij https://api.cgk-group.com/api/account/login...
[INFO] 2025-05-28 10:20:25 - [ArticleSearch] Token ontvangen (vervalt in 1800s)
[INFO] 2025-05-28 10:20:25 - [Startup] Vooraf token laden voor StockInfo...
[INFO] 2025-05-28 10:20:25 - [StockInfo] Token aanvragen bij https://api.cgk-group.com/api/account/login...
[INFO] 2025-05-28 10:20:25 - [StockInfo] Token ontvangen (vervalt in 1800s)
[INFO] 2025-05-28 10:21:11 - [ArticleSearch] Token aanvragen bij https://api.cgk-group.com/api/account/login...
[INFO] 2025-05-28 10:21:11 - [ArticleSearch] Token ontvangen (vervalt in 1800s)
[INFO] 2025-05-28 10:21:11 - [Startup] Vooraf token laden voor StockInfo...
[INFO] 2025-05-28 10:21:11 - [StockInfo] Token aanvragen bij https://api.cgk-group.com/api/account/login...
[INFO] 2025-05-28 10:21:11 - [StockInfo] Token ontvangen (vervalt in 1800s)
[INFO] 2025-05-28 10:22:04 - [ArticleSearch] Token aanvragen bij https://api.cgk-group.com/api/account/login...
[INFO] 2025-05-28 10:22:04 - [ArticleSearch] Token ontvangen (vervalt in 1800s)
[INFO] 2025-05-28 10:22:04 - [Startup] Vooraf token laden voor StockInfo...
[INFO] 2025-05-28 10:22:04 - [StockInfo] Token aanvragen bij https://api.cgk-group.com/api/account/login...
[INFO] 2025-05-28 10:22:04 - [StockInfo] Token ontvangen (vervalt in 1800s)
[INFO] 2025-05-28 10:22:18 - [OITMI] Token aanvragen bij https://api.cgk-group.com/api/account/login...
[INFO] 2025-05-28 10:22:18 - [OITMI] Token ontvangen (vervalt in 1800s)
[INFO] 2025-05-29 10:10:51 - [ArticleSearch] Token aanvragen bij https://api.cgk-group.com/api/account/login...
[INFO] 2025-05-29 10:10:52 - [ArticleSearch] Token ontvangen (vervalt in 1800s)
[INFO] 2025-05-29 10:10:52 - [Startup] Vooraf token laden voor StockInfo...
[INFO] 2025-05-29 10:10:52 - [StockInfo] Token aanvragen bij https://api.cgk-group.com/api/account/login...
[INFO] 2025-05-29 10:10:53 - [StockInfo] Token ontvangen (vervalt in 1800s)
[INFO] 2025-05-30 16:51:15 - [ArticleSearch] Token aanvragen bij https://api.cgk-group.com/api/account/login...
[INFO] 2025-05-30 16:51:16 - [ArticleSearch] Token ontvangen (vervalt in 1800s)
[INFO] 2025-05-30 16:51:16 - [Startup] Vooraf token laden voor StockInfo...
[INFO] 2025-05-30 16:51:16 - [StockInfo] Token aanvragen bij https://api.cgk-group.com/api/account/login...
[INFO] 2025-05-30 16:51:17 - [StockInfo] Token ontvangen (vervalt in 1800s)
[INFO] 2025-05-30 16:59:52 - [ArticleSearch] Token aanvragen bij https://api.cgk-group.com/api/account/login...
[INFO] 2025-05-30 16:59:53 - [ArticleSearch] Token ontvangen (vervalt in 1800s)
[INFO] 2025-05-30 16:59:53 - [Startup] Vooraf token laden voor StockInfo...
[INFO] 2025-05-30 16:59:53 - [StockInfo] Token aanvragen bij https://api.cgk-group.com/api/account/login...
[INFO] 2025-05-30 16:59:53 - [StockInfo] Token ontvangen (vervalt in 1800s)
[INFO] 2025-05-30 17:01:15 - [ArticleSearch] Token aanvragen bij https://api.cgk-group.com/api/account/login...
[INFO] 2025-05-30 17:01:15 - [ArticleSearch] Token ontvangen (vervalt in 1800s)
[INFO] 2025-05-30 17:01:15 - [Startup] Vooraf token laden voor StockInfo...
[INFO] 2025-05-30 17:01:15 - [StockInfo] Token aanvragen bij https://api.cgk-group.com/api/account/login...
[INFO] 2025-05-30 17:01:15 - [StockInfo] Token ontvangen (vervalt in 1800s)
[INFO] 2025-05-30 17:02:36 - [ArticleSearch] Token aanvragen bij https://api.cgk-group.com/api/account/login...
[INFO] 2025-05-30 17:02:36 - [ArticleSearch] Token ontvangen (vervalt in 1800s)
[INFO] 2025-05-30 17:02:36 - [Startup] Vooraf token laden voor StockInfo...
[INFO] 2025-05-30 17:02:36 - [StockInfo] Token aanvragen bij https://api.cgk-group.com/api/account/login...
[INFO] 2025-05-30 17:02:36 - [StockInfo] Token ontvangen (vervalt in 1800s)
[INFO] 2025-05-30 17:08:42 - [ArticleSearch] Token aanvragen bij https://api.cgk-group.com/api/account/login...
[INFO] 2025-05-30 17:08:42 - [ArticleSearch] Token ontvangen (vervalt in 1800s)
[INFO] 2025-05-30 17:08:42 - [Startup] Vooraf token laden voor StockInfo...
[INFO] 2025-05-30 17:08:42 - [StockInfo] Token aanvragen bij https://api.cgk-group.com/api/account/login...
[INFO] 2025-05-30 17:08:42 - [StockInfo] Token ontvangen (vervalt in 1800s)
[INFO] 2025-05-31 09:26:28 - [ArticleSearch] Token aanvragen bij https://api.cgk-group.com/api/account/login...
[INFO] 2025-05-31 09:26:30 - [ArticleSearch] Token ontvangen (vervalt in 1800s)
[INFO] 2025-05-31 09:26:30 - [Startup] Vooraf token laden voor StockInfo...
[INFO] 2025-05-31 09:26:30 - [StockInfo] Token aanvragen bij https://api.cgk-group.com/api/account/login...
[INFO] 2025-05-31 09:26:30 - [StockInfo] Token ontvangen (vervalt in 1800s)
[INFO] 2025-05-31 09:28:31 - [ArticleSearch] Token aanvragen bij https://api.cgk-group.com/api/account/login...
[INFO] 2025-05-31 09:28:31 - [ArticleSearch] Token ontvangen (vervalt in 1800s)
[INFO] 2025-05-31 09:28:31 - [Startup] Vooraf token laden voor StockInfo...
[INFO] 2025-05-31 09:28:31 - [StockInfo] Token aanvragen bij https://api.cgk-group.com/api/account/login...
[INFO] 2025-05-31 09:28:31 - [StockInfo] Token ontvangen (vervalt in 1800s)
[INFO] 2025-05-31 09:57:43 - [ArticleSearch] Token aanvragen bij https://api.cgk-group.com/api/account/login...
[INFO] 2025-05-31 09:57:44 - [ArticleSearch] Token ontvangen (vervalt in 1800s)
[INFO] 2025-05-31 09:57:44 - [Startup] Vooraf token laden voor StockInfo...
[INFO] 2025-05-31 09:57:44 - [StockInfo] Token aanvragen bij https://api.cgk-group.com/api/account/login...
[INFO] 2025-05-31 09:57:44 - [StockInfo] Token ontvangen (vervalt in 1800s)
[INFO] 2025-05-31 09:58:14 - [OITMI] Token aanvragen bij https://api.cgk-group.com/api/account/login...
[INFO] 2025-05-31 09:58:15 - [OITMI] Token ontvangen (vervalt in 1800s)
[INFO] 2025-06-01 07:51:01 - [ArticleSearch] Token aanvragen bij https://api.cgk-group.com/api/account/login...
[INFO] 2025-06-01 07:51:03 - [ArticleSearch] Token ontvangen (vervalt in 1800s)
[INFO] 2025-06-01 07:51:03 - [Startup] Vooraf token laden voor StockInfo...
[INFO] 2025-06-01 07:51:03 - [StockInfo] Token aanvragen bij https://api.cgk-group.com/api/account/login...
[INFO] 2025-06-01 07:51:03 - [StockInfo] Token ontvangen (vervalt in 1800s)
[INFO] 2025-06-01 07:55:55 - [ArticleSearch] Token aanvragen bij https://api.cgk-group.com/api/account/login...
[INFO] 2025-06-01 07:55:56 - [ArticleSearch] Token ontvangen (vervalt in 1800s)
[INFO] 2025-06-01 07:55:56 - [Startup] Vooraf token laden voor StockInfo...
[INFO] 2025-06-01 07:55:56 - [StockInfo] Token aanvragen bij https://api.cgk-group.com/api/account/login...
[INFO] 2025-06-01 07:55:56 - [StockInfo] Token ontvangen (vervalt in 1800s)
[INFO] 2025-06-01 08:00:02 - [ArticleSearch] Token aanvragen bij https://api.cgk-group.com/api/account/login...
[INFO] 2025-06-01 08:00:02 - [ArticleSearch] Token ontvangen (vervalt in 1800s)
[INFO] 2025-06-01 08:00:02 - [Startup] Vooraf token laden voor StockInfo...
[INFO] 2025-06-01 08:00:02 - [StockInfo] Token aanvragen bij https://api.cgk-group.com/api/account/login...
[INFO] 2025-06-01 08:00:03 - [StockInfo] Token ontvangen (vervalt in 1800s)
[INFO] 2025-06-01 08:00:22 - [OITMI] Token aanvragen bij https://api.cgk-group.com/api/account/login...
[INFO] 2025-06-01 08:00:23 - [OITMI] Token ontvangen (vervalt in 1800s)
[INFO] 2025-06-01 08:16:15 - [ArticleSearch] Token aanvragen bij https://api.cgk-group.com/api/account/login...
[INFO] 2025-06-01 08:16:16 - [ArticleSearch] Token ontvangen (vervalt in 1800s)
[INFO] 2025-06-01 08:16:16 - [Startup] Vooraf token laden voor StockInfo...
[INFO] 2025-06-01 08:16:16 - [StockInfo] Token aanvragen bij https://api.cgk-group.com/api/account/login...
[INFO] 2025-06-01 08:16:16 - [StockInfo] Token ontvangen (vervalt in 1800s)
[INFO] 2025-06-01 08:19:25 - [ArticleSearch] Token aanvragen bij https://api.cgk-group.com/api/account/login...
[INFO] 2025-06-01 08:19:26 - [ArticleSearch] Token ontvangen (vervalt in 1800s)
[INFO] 2025-06-01 08:19:26 - [Startup] Vooraf token laden voor StockInfo...
[INFO] 2025-06-01 08:19:26 - [StockInfo] Token aanvragen bij https://api.cgk-group.com/api/account/login...
[INFO] 2025-06-01 08:19:26 - [StockInfo] Token ontvangen (vervalt in 1800s)
[INFO] 2025-06-01 08:53:48 - [ArticleSearch] Token aanvragen bij https://api.cgk-group.com/api/account/login...
[INFO] 2025-06-01 08:53:48 - [ArticleSearch] Token ontvangen (vervalt in 1800s)
[INFO] 2025-06-01 08:53:48 - [Startup] Vooraf token laden voor StockInfo...
[INFO] 2025-06-01 08:53:48 - [StockInfo] Token aanvragen bij https://api.cgk-group.com/api/account/login...
[INFO] 2025-06-01 08:53:49 - [StockInfo] Token ontvangen (vervalt in 1800s)
[INFO] 2025-06-01 08:55:48 - [ArticleSearch] Token aanvragen bij https://api.cgk-group.com/api/account/login...
[INFO] 2025-06-01 08:55:49 - [ArticleSearch] Token ontvangen (vervalt in 1800s)
[INFO] 2025-06-01 08:55:49 - [Startup] Vooraf token laden voor StockInfo...
[INFO] 2025-06-01 08:55:49 - [StockInfo] Token aanvragen bij https://api.cgk-group.com/api/account/login...
[INFO] 2025-06-01 08:55:49 - [StockInfo] Token ontvangen (vervalt in 1800s)
[INFO] 2025-06-01 08:57:02 - [ArticleSearch] Token aanvragen bij https://api.cgk-group.com/api/account/login...
[INFO] 2025-06-01 08:57:02 - [ArticleSearch] Token ontvangen (vervalt in 1800s)
[INFO] 2025-06-01 08:57:02 - [Startup] Vooraf token laden voor StockInfo...
[INFO] 2025-06-01 08:57:02 - [StockInfo] Token aanvragen bij https://api.cgk-group.com/api/account/login...
[INFO] 2025-06-01 08:57:02 - [StockInfo] Token ontvangen (vervalt in 1800s)
[INFO] 2025-06-01 09:06:49 - [ArticleSearch] Token aanvragen bij https://api.cgk-group.com/api/account/login...
[INFO] 2025-06-01 09:06:49 - [ArticleSearch] Token ontvangen (vervalt in 1800s)
[INFO] 2025-06-01 09:06:49 - [Startup] Vooraf token laden voor StockInfo...
[INFO] 2025-06-01 09:06:49 - [StockInfo] Token aanvragen bij https://api.cgk-group.com/api/account/login...
[INFO] 2025-06-01 09:06:49 - [StockInfo] Token ontvangen (vervalt in 1800s)
[INFO] 2025-06-01 09:20:00 - [ArticleSearch] Token aanvragen bij https://api.cgk-group.com/api/account/login...
[INFO] 2025-06-01 09:20:00 - [ArticleSearch] Token ontvangen (vervalt in 1800s)
[INFO] 2025-06-01 09:20:00 - [Startup] Vooraf token laden voor StockInfo...
[INFO] 2025-06-01 09:20:00 - [StockInfo] Token aanvragen bij https://api.cgk-group.com/api/account/login...
[INFO] 2025-06-01 09:20:00 - [StockInfo] Token ontvangen (vervalt in 1800s)
[INFO] 2025-06-01 09:21:34 - [ArticleSearch] Token aanvragen bij https://api.cgk-group.com/api/account/login...
[INFO] 2025-06-01 09:21:34 - [ArticleSearch] Token ontvangen (vervalt in 1800s)
[INFO] 2025-06-01 09:21:34 - [Startup] Vooraf token laden voor StockInfo...
[INFO] 2025-06-01 09:21:34 - [StockInfo] Token aanvragen bij https://api.cgk-group.com/api/account/login...
[INFO] 2025-06-01 09:21:35 - [StockInfo] Token ontvangen (vervalt in 1800s)
[INFO] 2025-06-01 09:28:45 - [ArticleSearch] Token aanvragen bij https://api.cgk-group.com/api/account/login...
[INFO] 2025-06-01 09:28:45 - [ArticleSearch] Token ontvangen (vervalt in 1800s)
[INFO] 2025-06-01 09:28:45 - [Startup] Vooraf token laden voor StockInfo...
[INFO] 2025-06-01 09:28:45 - [StockInfo] Token aanvragen bij https://api.cgk-group.com/api/account/login...
[INFO] 2025-06-01 09:28:45 - [StockInfo] Token ontvangen (vervalt in 1800s)
[INFO] 2025-06-01 09:29:44 - [ArticleSearch] Token aanvragen bij https://api.cgk-group.com/api/account/login...
[INFO] 2025-06-01 09:29:45 - [ArticleSearch] Token ontvangen (vervalt in 1800s)
[INFO] 2025-06-01 09:29:45 - [Startup] Vooraf token laden voor StockInfo...
[INFO] 2025-06-01 09:29:45 - [StockInfo] Token aanvragen bij https://api.cgk-group.com/api/account/login...
[INFO] 2025-06-01 09:29:45 - [StockInfo] Token ontvangen (vervalt in 1800s)
[INFO] 2025-06-01 09:31:57 - [ArticleSearch] Token aanvragen bij https://api.cgk-group.com/api/account/login...
[INFO] 2025-06-01 09:31:57 - [ArticleSearch] Token ontvangen (vervalt in 1800s)
[INFO] 2025-06-01 09:31:57 - [Startup] Vooraf token laden voor StockInfo...
[INFO] 2025-06-01 09:31:57 - [StockInfo] Token aanvragen bij https://api.cgk-group.com/api/account/login...
[INFO] 2025-06-01 09:31:57 - [StockInfo] Token ontvangen (vervalt in 1800s)
[INFO] 2025-06-01 17:20:46 - [ArticleSearch] Token aanvragen bij https://api.cgk-group.com/api/account/login...
[INFO] 2025-06-01 17:20:47 - [ArticleSearch] Token ontvangen (vervalt in 1800s)
[INFO] 2025-06-01 17:20:47 - [Startup] Vooraf token laden voor StockInfo...
[INFO] 2025-06-01 17:20:47 - [StockInfo] Token aanvragen bij https://api.cgk-group.com/api/account/login...
[INFO] 2025-06-01 17:20:47 - [StockInfo] Token ontvangen (vervalt in 1800s)
[INFO] 2025-06-01 17:37:50 - [ArticleSearch] Token aanvragen bij https://api.cgk-group.com/api/account/login...
[INFO] 2025-06-01 17:37:50 - [ArticleSearch] Token ontvangen (vervalt in 1800s)
[INFO] 2025-06-01 17:37:50 - [Startup] Vooraf token laden voor StockInfo...
[INFO] 2025-06-01 17:37:50 - [StockInfo] Token aanvragen bij https://api.cgk-group.com/api/account/login...
[INFO] 2025-06-01 17:37:50 - [StockInfo] Token ontvangen (vervalt in 1800s)
[INFO] 2025-06-01 17:38:07 - [OITMI] Token aanvragen bij https://api.cgk-group.com/api/account/login...
[INFO] 2025-06-01 17:38:07 - [OITMI] Token ontvangen (vervalt in 1800s)
[INFO] 2025-06-04 07:32:31 - [ArticleSearch] Token aanvragen bij https://api.cgk-group.com/api/account/login...
[INFO] 2025-06-04 07:32:31 - [ArticleSearch] Token ontvangen (vervalt in 1800s)
[INFO] 2025-06-04 07:32:31 - [Startup] Vooraf token laden voor StockInfo...
[INFO] 2025-06-04 07:32:31 - [StockInfo] Token aanvragen bij https://api.cgk-group.com/api/account/login...
[INFO] 2025-06-04 07:32:31 - [StockInfo] Token ontvangen (vervalt in 1800s)
[INFO] 2025-06-04 07:47:34 - [ArticleSearch] Token aanvragen bij https://api.cgk-group.com/api/account/login...
[INFO] 2025-06-04 07:47:34 - [ArticleSearch] Token ontvangen (vervalt in 1800s)
[INFO] 2025-06-04 07:47:34 - [Startup] Vooraf token laden voor StockInfo...
[INFO] 2025-06-04 07:47:34 - [StockInfo] Token aanvragen bij https://api.cgk-group.com/api/account/login...
[INFO] 2025-06-04 07:47:34 - [StockInfo] Token ontvangen (vervalt in 1800s)
[INFO] 2025-06-04 07:48:57 - [ArticleSearch] Token aanvragen bij https://api.cgk-group.com/api/account/login...
[INFO] 2025-06-04 07:48:57 - [ArticleSearch] Token ontvangen (vervalt in 1800s)
[INFO] 2025-06-04 07:48:57 - [Startup] Vooraf token laden voor StockInfo...
[INFO] 2025-06-04 07:48:57 - [StockInfo] Token aanvragen bij https://api.cgk-group.com/api/account/login...
[INFO] 2025-06-04 07:48:57 - [StockInfo] Token ontvangen (vervalt in 1800s)
[INFO] 2025-06-04 07:57:42 - [ArticleSearch] Token aanvragen bij https://api.cgk-group.com/api/account/login...
[INFO] 2025-06-04 07:57:42 - [ArticleSearch] Token ontvangen (vervalt in 1800s)
[INFO] 2025-06-04 07:57:42 - [Startup] Vooraf token laden voor StockInfo...
[INFO] 2025-06-04 07:57:42 - [StockInfo] Token aanvragen bij https://api.cgk-group.com/api/account/login...
[INFO] 2025-06-04 07:57:42 - [StockInfo] Token ontvangen (vervalt in 1800s)
[INFO] 2025-06-04 08:09:56 - [ArticleSearch] Token aanvragen bij https://api.cgk-group.com/api/account/login...
[INFO] 2025-06-04 08:09:56 - [ArticleSearch] Token ontvangen (vervalt in 1800s)
[INFO] 2025-06-04 08:09:56 - [Startup] Vooraf token laden voor StockInfo...
[INFO] 2025-06-04 08:09:56 - [StockInfo] Token aanvragen bij https://api.cgk-group.com/api/account/login...
[INFO] 2025-06-04 08:09:57 - [StockInfo] Token ontvangen (vervalt in 1800s)
[INFO] 2025-06-04 12:23:16 - [ArticleSearch] Token aanvragen bij https://api.cgk-group.com/api/account/login...
[INFO] 2025-06-04 12:23:17 - [ArticleSearch] Token ontvangen (vervalt in 1800s)
[INFO] 2025-06-04 12:23:17 - [Startup] Vooraf token laden voor StockInfo...
[INFO] 2025-06-04 12:23:17 - [StockInfo] Token aanvragen bij https://api.cgk-group.com/api/account/login...
[INFO] 2025-06-04 12:23:17 - [StockInfo] Token ontvangen (vervalt in 1800s)
[INFO] 2025-06-05 08:10:24 - [ArticleSearch] Token aanvragen bij https://api.cgk-group.com/api/account/login...
[INFO] 2025-06-05 08:10:24 - [ArticleSearch] Token ontvangen (vervalt in 1800s)
[INFO] 2025-06-05 08:10:24 - [Startup] Vooraf token laden voor StockInfo...
[INFO] 2025-06-05 08:10:24 - [StockInfo] Token aanvragen bij https://api.cgk-group.com/api/account/login...
[INFO] 2025-06-05 08:10:24 - [StockInfo] Token ontvangen (vervalt in 1800s)
[INFO] 2025-06-05 08:11:41 - [ArticleSearch] Token aanvragen bij https://api.cgk-group.com/api/account/login...
[INFO] 2025-06-05 08:11:41 - [ArticleSearch] Token ontvangen (vervalt in 1800s)
[INFO] 2025-06-05 08:11:41 - [Startup] Vooraf token laden voor StockInfo...
[INFO] 2025-06-05 08:11:41 - [StockInfo] Token aanvragen bij https://api.cgk-group.com/api/account/login...
[INFO] 2025-06-05 08:11:41 - [StockInfo] Token ontvangen (vervalt in 1800s)
[INFO] 2025-06-05 08:14:06 - [ArticleSearch] Token aanvragen bij https://api.cgk-group.com/api/account/login...
[INFO] 2025-06-05 08:14:06 - [ArticleSearch] Token ontvangen (vervalt in 1800s)
[INFO] 2025-06-05 08:14:06 - [Startup] Vooraf token laden voor StockInfo...
[INFO] 2025-06-05 08:14:06 - [StockInfo] Token aanvragen bij https://api.cgk-group.com/api/account/login...
[INFO] 2025-06-05 08:14:06 - [StockInfo] Token ontvangen (vervalt in 1800s)
[INFO] 2025-06-05 13:09:55 - [ArticleSearch] Token aanvragen bij https://api.cgk-group.com/api/account/login...
[INFO] 2025-06-05 13:09:56 - [ArticleSearch] Token ontvangen (vervalt in 1800s)
[INFO] 2025-06-05 13:09:56 - [Startup] Vooraf token laden voor StockInfo...
[INFO] 2025-06-05 13:09:56 - [StockInfo] Token aanvragen bij https://api.cgk-group.com/api/account/login...
[INFO] 2025-06-05 13:09:56 - [StockInfo] Token ontvangen (vervalt in 1800s)
[INFO] 2025-06-05 13:11:00 - [ArticleSearch] Token aanvragen bij https://api.cgk-group.com/api/account/login...
[INFO] 2025-06-05 13:11:00 - [ArticleSearch] Token ontvangen (vervalt in 1800s)
[INFO] 2025-06-05 13:11:00 - [Startup] Vooraf token laden voor StockInfo...
[INFO] 2025-06-05 13:11:00 - [StockInfo] Token aanvragen bij https://api.cgk-group.com/api/account/login...
[INFO] 2025-06-05 13:11:00 - [StockInfo] Token ontvangen (vervalt in 1800s)
[INFO] 2025-06-05 13:11:39 - [ArticleSearch] Token aanvragen bij https://api.cgk-group.com/api/account/login...
[INFO] 2025-06-05 13:11:39 - [ArticleSearch] Token ontvangen (vervalt in 1800s)
[INFO] 2025-06-05 13:11:39 - [Startup] Vooraf token laden voor StockInfo...
[INFO] 2025-06-05 13:11:39 - [StockInfo] Token aanvragen bij https://api.cgk-group.com/api/account/login...
[INFO] 2025-06-05 13:11:39 - [StockInfo] Token ontvangen (vervalt in 1800s)
[INFO] 2025-06-05 13:12:04 - [ArticleSearch] Token aanvragen bij https://api.cgk-group.com/api/account/login...
[INFO] 2025-06-05 13:12:04 - [ArticleSearch] Token ontvangen (vervalt in 1800s)
[INFO] 2025-06-05 13:12:04 - [Startup] Vooraf token laden voor StockInfo...
[INFO] 2025-06-05 13:12:04 - [StockInfo] Token aanvragen bij https://api.cgk-group.com/api/account/login...
[INFO] 2025-06-05 13:12:05 - [StockInfo] Token ontvangen (vervalt in 1800s)
[INFO] 2025-06-05 13:12:33 - [ArticleSearch] Token aanvragen bij https://api.cgk-group.com/api/account/login...
[INFO] 2025-06-05 13:12:33 - [ArticleSearch] Token ontvangen (vervalt in 1800s)
[INFO] 2025-06-05 13:12:33 - [Startup] Vooraf token laden voor StockInfo...
[INFO] 2025-06-05 13:12:33 - [StockInfo] Token aanvragen bij https://api.cgk-group.com/api/account/login...
[INFO] 2025-06-05 13:12:33 - [StockInfo] Token ontvangen (vervalt in 1800s)
[INFO] 2025-06-05 13:13:27 - [ArticleSearch] Token aanvragen bij https://api.cgk-group.com/api/account/login...
[INFO] 2025-06-05 13:13:27 - [ArticleSearch] Token ontvangen (vervalt in 1800s)
[INFO] 2025-06-05 13:13:27 - [Startup] Vooraf token laden voor StockInfo...
[INFO] 2025-06-05 13:13:27 - [StockInfo] Token aanvragen bij https://api.cgk-group.com/api/account/login...
[INFO] 2025-06-05 13:13:27 - [StockInfo] Token ontvangen (vervalt in 1800s)
[INFO] 2025-06-05 13:14:08 - [ArticleSearch] Token aanvragen bij https://api.cgk-group.com/api/account/login...
[INFO] 2025-06-05 13:14:08 - [ArticleSearch] Token ontvangen (vervalt in 1800s)
[INFO] 2025-06-05 13:14:08 - [Startup] Vooraf token laden voor StockInfo...
[INFO] 2025-06-05 13:14:08 - [StockInfo] Token aanvragen bij https://api.cgk-group.com/api/account/login...
[INFO] 2025-06-05 13:14:08 - [StockInfo] Token ontvangen (vervalt in 1800s)
[INFO] 2025-06-05 13:15:49 - [ArticleSearch] Token aanvragen bij https://api.cgk-group.com/api/account/login...
[INFO] 2025-06-05 13:15:50 - [ArticleSearch] Token ontvangen (vervalt in 1800s)
[INFO] 2025-06-05 13:15:50 - [Startup] Vooraf token laden voor StockInfo...
[INFO] 2025-06-05 13:15:50 - [StockInfo] Token aanvragen bij https://api.cgk-group.com/api/account/login...
[INFO] 2025-06-05 13:15:50 - [StockInfo] Token ontvangen (vervalt in 1800s)
[INFO] 2025-06-05 13:17:24 - [ArticleSearch] Token aanvragen bij https://api.cgk-group.com/api/account/login...
[INFO] 2025-06-05 13:17:24 - [ArticleSearch] Token ontvangen (vervalt in 1800s)
[INFO] 2025-06-05 13:17:24 - [Startup] Vooraf token laden voor StockInfo...
[INFO] 2025-06-05 13:17:24 - [StockInfo] Token aanvragen bij https://api.cgk-group.com/api/account/login...
[INFO] 2025-06-05 13:17:24 - [StockInfo] Token ontvangen (vervalt in 1800s)
[INFO] 2025-06-05 13:23:00 - [ArticleSearch] Token aanvragen bij https://api.cgk-group.com/api/account/login...
[INFO] 2025-06-05 13:23:00 - [ArticleSearch] Token ontvangen (vervalt in 1800s)
[INFO] 2025-06-05 13:23:00 - [Startup] Vooraf token laden voor StockInfo...
[INFO] 2025-06-05 13:23:00 - [StockInfo] Token aanvragen bij https://api.cgk-group.com/api/account/login...
[INFO] 2025-06-05 13:23:00 - [StockInfo] Token ontvangen (vervalt in 1800s)
[INFO] 2025-06-05 13:23:45 - [ArticleSearch] Token aanvragen bij https://api.cgk-group.com/api/account/login...
[INFO] 2025-06-05 13:23:45 - [ArticleSearch] Token ontvangen (vervalt in 1800s)
[INFO] 2025-06-05 13:23:45 - [Startup] Vooraf token laden voor StockInfo...
[INFO] 2025-06-05 13:23:45 - [StockInfo] Token aanvragen bij https://api.cgk-group.com/api/account/login...
[INFO] 2025-06-05 13:23:45 - [StockInfo] Token ontvangen (vervalt in 1800s)
[INFO] 2025-06-05 14:26:32 - [ArticleSearch] Token aanvragen bij https://api.cgk-group.com/api/account/login...
[INFO] 2025-06-05 14:26:33 - [ArticleSearch] Token ontvangen (vervalt in 1800s)
[INFO] 2025-06-05 14:26:33 - [Startup] Vooraf token laden voor StockInfo...
[INFO] 2025-06-05 14:26:33 - [StockInfo] Token aanvragen bij https://api.cgk-group.com/api/account/login...
[INFO] 2025-06-05 14:26:33 - [StockInfo] Token ontvangen (vervalt in 1800s)
[INFO] 2025-06-05 15:31:00 - [ArticleSearch] Token aanvragen bij https://api.cgk-group.com/api/account/login...
[INFO] 2025-06-05 15:31:00 - [ArticleSearch] Token ontvangen (vervalt in 1800s)
[INFO] 2025-06-05 15:31:00 - [Startup] Vooraf token laden voor StockInfo...
[INFO] 2025-06-05 15:31:00 - [StockInfo] Token aanvragen bij https://api.cgk-group.com/api/account/login...
[INFO] 2025-06-05 15:31:00 - [StockInfo] Token ontvangen (vervalt in 1800s)
[INFO] 2025-06-06 07:37:01 - [ArticleSearch] Token aanvragen bij https://api.cgk-group.com/api/account/login...
[INFO] 2025-06-06 07:37:02 - [ArticleSearch] Token ontvangen (vervalt in 1800s)
[INFO] 2025-06-06 07:37:02 - [Startup] Vooraf token laden voor StockInfo...
[INFO] 2025-06-06 07:37:02 - [StockInfo] Token aanvragen bij https://api.cgk-group.com/api/account/login...
[INFO] 2025-06-06 07:37:02 - [StockInfo] Token ontvangen (vervalt in 1800s)
[INFO] 2025-06-06 09:53:46 - [ArticleSearch] Token aanvragen bij https://api.cgk-group.com/api/account/login...
[INFO] 2025-06-06 09:53:46 - [ArticleSearch] Token ontvangen (vervalt in 1800s)
[INFO] 2025-06-06 09:53:46 - [Startup] Vooraf token laden voor StockInfo...
[INFO] 2025-06-06 09:53:46 - [StockInfo] Token aanvragen bij https://api.cgk-group.com/api/account/login...
[INFO] 2025-06-06 09:53:46 - [StockInfo] Token ontvangen (vervalt in 1800s)
[INFO] 2025-06-07 08:51:32 - [ArticleSearch] Token aanvragen bij https://api.cgk-group.com/api/account/login...
[INFO] 2025-06-07 08:51:35 - [ArticleSearch] Token ontvangen (vervalt in 1800s)
[INFO] 2025-06-07 08:51:35 - [Startup] Vooraf token laden voor StockInfo...
[INFO] 2025-06-07 08:51:35 - [StockInfo] Token aanvragen bij https://api.cgk-group.com/api/account/login...
[INFO] 2025-06-07 08:51:35 - [StockInfo] Token ontvangen (vervalt in 1800s)
[INFO] 2025-06-08 11:35:55 - [ArticleSearch] Token aanvragen bij https://api.cgk-group.com/api/account/login...
[INFO] 2025-06-08 11:35:56 - [ArticleSearch] Token ontvangen (vervalt in 1800s)
[INFO] 2025-06-08 11:35:56 - [Startup] Vooraf token laden voor StockInfo...
[INFO] 2025-06-08 11:35:56 - [StockInfo] Token aanvragen bij https://api.cgk-group.com/api/account/login...
[INFO] 2025-06-08 11:35:57 - [StockInfo] Token ontvangen (vervalt in 1800s)
[INFO] 2025-06-08 11:42:54 - [ArticleSearch] Token aanvragen bij https://api.cgk-group.com/api/account/login...
[INFO] 2025-06-08 11:42:54 - [ArticleSearch] Token ontvangen (vervalt in 1800s)
[INFO] 2025-06-08 11:42:54 - [Startup] Vooraf token laden voor StockInfo...
[INFO] 2025-06-08 11:42:54 - [StockInfo] Token aanvragen bij https://api.cgk-group.com/api/account/login...
[INFO] 2025-06-08 11:42:55 - [StockInfo] Token ontvangen (vervalt in 1800s)
[INFO] 2025-06-08 11:46:14 - [ArticleSearch] Token aanvragen bij https://api.cgk-group.com/api/account/login...
[INFO] 2025-06-08 11:46:14 - [ArticleSearch] Token ontvangen (vervalt in 1800s)
[INFO] 2025-06-08 11:46:14 - [Startup] Vooraf token laden voor StockInfo...
[INFO] 2025-06-08 11:46:14 - [StockInfo] Token aanvragen bij https://api.cgk-group.com/api/account/login...
[INFO] 2025-06-08 11:46:14 - [StockInfo] Token ontvangen (vervalt in 1800s)
[INFO] 2025-06-08 12:02:44 - [ArticleSearch] Token aanvragen bij https://api.cgk-group.com/api/account/login...
[INFO] 2025-06-08 12:02:45 - [ArticleSearch] Token ontvangen (vervalt in 1800s)
[INFO] 2025-06-08 12:02:45 - [Startup] Vooraf token laden voor StockInfo...
[INFO] 2025-06-08 12:02:45 - [StockInfo] Token aanvragen bij https://api.cgk-group.com/api/account/login...
[INFO] 2025-06-08 12:02:45 - [StockInfo] Token ontvangen (vervalt in 1800s)
[INFO] 2025-06-08 12:05:17 - [ArticleSearch] Token aanvragen bij https://api.cgk-group.com/api/account/login...
[INFO] 2025-06-08 12:05:18 - [ArticleSearch] Token ontvangen (vervalt in 1800s)
[INFO] 2025-06-08 12:05:18 - [Startup] Vooraf token laden voor StockInfo...
[INFO] 2025-06-08 12:05:18 - [StockInfo] Token aanvragen bij https://api.cgk-group.com/api/account/login...
[INFO] 2025-06-08 12:05:18 - [StockInfo] Token ontvangen (vervalt in 1800s)
[INFO] 2025-06-08 12:07:21 - [ArticleSearch] Token aanvragen bij https://api.cgk-group.com/api/account/login...
[INFO] 2025-06-08 12:07:21 - [ArticleSearch] Token ontvangen (vervalt in 1800s)
[INFO] 2025-06-08 12:07:22 - [Startup] Vooraf token laden voor StockInfo...
[INFO] 2025-06-08 12:07:22 - [StockInfo] Token aanvragen bij https://api.cgk-group.com/api/account/login...
[INFO] 2025-06-08 12:07:22 - [StockInfo] Token ontvangen (vervalt in 1800s)
[INFO] 2025-06-08 12:44:40 - [ArticleSearch] Token aanvragen bij https://api.cgk-group.com/api/account/login...
[INFO] 2025-06-08 12:44:41 - [ArticleSearch] Token ontvangen (vervalt in 1800s)
[INFO] 2025-06-08 12:44:41 - [Startup] Vooraf token laden voor StockInfo...
[INFO] 2025-06-08 12:44:41 - [StockInfo] Token aanvragen bij https://api.cgk-group.com/api/account/login...
[INFO] 2025-06-08 12:44:41 - [StockInfo] Token ontvangen (vervalt in 1800s)
[INFO] 2025-06-09 07:53:05 - [ArticleSearch] Token aanvragen bij https://api.cgk-group.com/api/account/login...
[INFO] 2025-06-09 07:53:06 - [ArticleSearch] Token ontvangen (vervalt in 1800s)
[INFO] 2025-06-09 07:53:06 - [Startup] Vooraf token laden voor StockInfo...
[INFO] 2025-06-09 07:53:06 - [StockInfo] Token aanvragen bij https://api.cgk-group.com/api/account/login...
[INFO] 2025-06-09 07:53:06 - [StockInfo] Token ontvangen (vervalt in 1800s)
[INFO] 2025-06-09 08:07:34 - [ArticleSearch] Token aanvragen bij https://api.cgk-group.com/api/account/login...
[INFO] 2025-06-09 08:07:34 - [ArticleSearch] Token ontvangen (vervalt in 1800s)
[INFO] 2025-06-09 08:07:34 - [Startup] Vooraf token laden voor StockInfo...
[INFO] 2025-06-09 08:07:34 - [StockInfo] Token aanvragen bij https://api.cgk-group.com/api/account/login...
[INFO] 2025-06-09 08:07:35 - [StockInfo] Token ontvangen (vervalt in 1800s)
[INFO] 2025-06-09 08:15:35 - [ArticleSearch] Token aanvragen bij https://api.cgk-group.com/api/account/login...
[INFO] 2025-06-09 08:15:35 - [ArticleSearch] Token ontvangen (vervalt in 1800s)
[INFO] 2025-06-09 08:15:35 - [Startup] Vooraf token laden voor StockInfo...
[INFO] 2025-06-09 08:15:35 - [StockInfo] Token aanvragen bij https://api.cgk-group.com/api/account/login...
[INFO] 2025-06-09 08:15:36 - [StockInfo] Token ontvangen (vervalt in 1800s)
[INFO] 2025-06-09 08:20:29 - [ArticleSearch] Token aanvragen bij https://api.cgk-group.com/api/account/login...
[INFO] 2025-06-09 08:20:29 - [ArticleSearch] Token ontvangen (vervalt in 1800s)
[INFO] 2025-06-09 08:20:29 - [Startup] Vooraf token laden voor StockInfo...
[INFO] 2025-06-09 08:20:29 - [StockInfo] Token aanvragen bij https://api.cgk-group.com/api/account/login...
[INFO] 2025-06-09 08:20:29 - [StockInfo] Token ontvangen (vervalt in 1800s)
[INFO] 2025-06-09 08:29:38 - [ArticleSearch] Token aanvragen bij https://api.cgk-group.com/api/account/login...
[INFO] 2025-06-09 08:29:38 - [ArticleSearch] Token ontvangen (vervalt in 1800s)
[INFO] 2025-06-09 08:29:38 - [Startup] Vooraf token laden voor StockInfo...
[INFO] 2025-06-09 08:29:38 - [StockInfo] Token aanvragen bij https://api.cgk-group.com/api/account/login...
[INFO] 2025-06-09 08:29:39 - [StockInfo] Token ontvangen (vervalt in 1800s)
[INFO] 2025-06-09 08:50:05 - [ArticleSearch] Token aanvragen bij https://api.cgk-group.com/api/account/login...
[INFO] 2025-06-09 08:50:05 - [ArticleSearch] Token ontvangen (vervalt in 1800s)
[INFO] 2025-06-09 08:50:05 - [Startup] Vooraf token laden voor StockInfo...
[INFO] 2025-06-09 08:50:05 - [StockInfo] Token aanvragen bij https://api.cgk-group.com/api/account/login...
[INFO] 2025-06-09 08:50:06 - [StockInfo] Token ontvangen (vervalt in 1800s)
[INFO] 2025-06-09 08:53:21 - [ArticleSearch] Token aanvragen bij https://api.cgk-group.com/api/account/login...
[INFO] 2025-06-09 08:53:22 - [ArticleSearch] Token ontvangen (vervalt in 1800s)
[INFO] 2025-06-09 08:53:22 - [Startup] Vooraf token laden voor StockInfo...
[INFO] 2025-06-09 08:53:22 - [StockInfo] Token aanvragen bij https://api.cgk-group.com/api/account/login...
[INFO] 2025-06-09 08:53:22 - [StockInfo] Token ontvangen (vervalt in 1800s)
[INFO] 2025-06-09 12:14:39 - [ArticleSearch] Token aanvragen bij https://api.cgk-group.com/api/account/login...
[INFO] 2025-06-09 12:14:41 - [ArticleSearch] Token ontvangen (vervalt in 1800s)
[INFO] 2025-06-09 12:14:41 - [Startup] Vooraf token laden voor StockInfo...
[INFO] 2025-06-09 12:14:41 - [StockInfo] Token aanvragen bij https://api.cgk-group.com/api/account/login...
[INFO] 2025-06-09 12:14:44 - [StockInfo] Token ontvangen (vervalt in 1800s)
[INFO] 2025-06-09 12:14:55 - [ArticleSearch] Token aanvragen bij https://api.cgk-group.com/api/account/login...
[INFO] 2025-06-09 12:14:56 - [ArticleSearch] Token ontvangen (vervalt in 1800s)
[INFO] 2025-06-09 12:14:56 - [Startup] Vooraf token laden voor StockInfo...
[INFO] 2025-06-09 12:14:56 - [StockInfo] Token aanvragen bij https://api.cgk-group.com/api/account/login...
[INFO] 2025-06-09 12:14:56 - [StockInfo] Token ontvangen (vervalt in 1800s)
[INFO] 2025-06-09 12:15:00 - [ArticleSearch] Token aanvragen bij https://api.cgk-group.com/api/account/login...
[INFO] 2025-06-09 12:15:01 - [ArticleSearch] Token ontvangen (vervalt in 1800s)
[INFO] 2025-06-09 12:15:01 - [Startup] Vooraf token laden voor StockInfo...
[INFO] 2025-06-09 12:15:01 - [StockInfo] Token aanvragen bij https://api.cgk-group.com/api/account/login...
[INFO] 2025-06-09 12:15:01 - [StockInfo] Token ontvangen (vervalt in 1800s)
[INFO] 2025-06-09 12:16:26 - [ArticleSearch] Token aanvragen bij https://api.cgk-group.com/api/account/login...
[INFO] 2025-06-09 12:16:26 - [ArticleSearch] Token ontvangen (vervalt in 1800s)
[INFO] 2025-06-09 12:16:26 - [Startup] Vooraf token laden voor StockInfo...
[INFO] 2025-06-09 12:16:26 - [StockInfo] Token aanvragen bij https://api.cgk-group.com/api/account/login...
[INFO] 2025-06-09 12:16:26 - [StockInfo] Token ontvangen (vervalt in 1800s)
[INFO] 2025-06-09 12:19:08 - [ArticleSearch] Token aanvragen bij https://api.cgk-group.com/api/account/login...
[INFO] 2025-06-09 12:19:08 - [ArticleSearch] Token ontvangen (vervalt in 1800s)
[INFO] 2025-06-09 12:19:08 - [Startup] Vooraf token laden voor StockInfo...
[INFO] 2025-06-09 12:19:08 - [StockInfo] Token aanvragen bij https://api.cgk-group.com/api/account/login...
[INFO] 2025-06-09 12:19:08 - [StockInfo] Token ontvangen (vervalt in 1800s)
[INFO] 2025-06-09 15:26:18 - [ArticleSearch] Token aanvragen bij https://api.cgk-group.com/api/account/login...
[INFO] 2025-06-09 15:26:18 - [ArticleSearch] Token ontvangen (vervalt in 1800s)
[INFO] 2025-06-09 15:26:18 - [Startup] Vooraf token laden voor StockInfo...
[INFO] 2025-06-09 15:26:18 - [StockInfo] Token aanvragen bij https://api.cgk-group.com/api/account/login...
[INFO] 2025-06-09 15:26:19 - [StockInfo] Token ontvangen (vervalt in 1800s)
[INFO] 2025-06-09 15:29:10 - [ArticleSearch] Token aanvragen bij https://api.cgk-group.com/api/account/login...
[INFO] 2025-06-09 15:29:10 - [ArticleSearch] Token ontvangen (vervalt in 1800s)
[INFO] 2025-06-09 15:29:10 - [Startup] Vooraf token laden voor StockInfo...
[INFO] 2025-06-09 15:29:10 - [StockInfo] Token aanvragen bij https://api.cgk-group.com/api/account/login...
[INFO] 2025-06-09 15:29:11 - [StockInfo] Token ontvangen (vervalt in 1800s)
[INFO] 2025-06-09 15:41:11 - [ArticleSearch] Token aanvragen bij https://api.cgk-group.com/api/account/login...
[INFO] 2025-06-09 15:41:11 - [ArticleSearch] Token ontvangen (vervalt in 1800s)
[INFO] 2025-06-09 15:41:11 - [Startup] Vooraf token laden voor StockInfo...
[INFO] 2025-06-09 15:41:11 - [StockInfo] Token aanvragen bij https://api.cgk-group.com/api/account/login...
[INFO] 2025-06-09 15:41:12 - [StockInfo] Token ontvangen (vervalt in 1800s)
[INFO] 2025-06-09 15:45:09 - [ArticleSearch] Token aanvragen bij https://api.cgk-group.com/api/account/login...
[INFO] 2025-06-09 15:45:09 - [ArticleSearch] Token ontvangen (vervalt in 1800s)
[INFO] 2025-06-09 15:45:09 - [Startup] Vooraf token laden voor StockInfo...
[INFO] 2025-06-09 15:45:09 - [StockInfo] Token aanvragen bij https://api.cgk-group.com/api/account/login...
[INFO] 2025-06-09 15:45:09 - [StockInfo] Token ontvangen (vervalt in 1800s)
[INFO] 2025-06-09 15:46:54 - [ArticleSearch] Token aanvragen bij https://api.cgk-group.com/api/account/login...
[INFO] 2025-06-09 15:46:55 - [ArticleSearch] Token ontvangen (vervalt in 1800s)
[INFO] 2025-06-09 15:46:55 - [Startup] Vooraf token laden voor StockInfo...
[INFO] 2025-06-09 15:46:55 - [StockInfo] Token aanvragen bij https://api.cgk-group.com/api/account/login...
[INFO] 2025-06-09 15:46:56 - [StockInfo] Token ontvangen (vervalt in 1800s)
[INFO] 2025-06-09 15:52:12 - [ArticleSearch] Token aanvragen bij https://api.cgk-group.com/api/account/login...
[INFO] 2025-06-09 15:52:12 - [ArticleSearch] Token ontvangen (vervalt in 1800s)
[INFO] 2025-06-09 15:52:12 - [Startup] Vooraf token laden voor StockInfo...
[INFO] 2025-06-09 15:52:12 - [StockInfo] Token aanvragen bij https://api.cgk-group.com/api/account/login...
[INFO] 2025-06-09 15:52:12 - [StockInfo] Token ontvangen (vervalt in 1800s)
[INFO] 2025-06-09 15:57:24 - [ArticleSearch] Token aanvragen bij https://api.cgk-group.com/api/account/login...
[INFO] 2025-06-09 15:57:24 - [ArticleSearch] Token ontvangen (vervalt in 1800s)
[INFO] 2025-06-09 15:57:24 - [Startup] Vooraf token laden voor StockInfo...
[INFO] 2025-06-09 15:57:24 - [StockInfo] Token aanvragen bij https://api.cgk-group.com/api/account/login...
[INFO] 2025-06-09 15:57:25 - [StockInfo] Token ontvangen (vervalt in 1800s)
[INFO] 2025-06-09 16:05:44 - [ArticleSearch] Token aanvragen bij https://api.cgk-group.com/api/account/login...
[INFO] 2025-06-09 16:05:44 - [ArticleSearch] Token ontvangen (vervalt in 1800s)
[INFO] 2025-06-09 16:05:44 - [Startup] Vooraf token laden voor StockInfo...
[INFO] 2025-06-09 16:05:44 - [StockInfo] Token aanvragen bij https://api.cgk-group.com/api/account/login...
[INFO] 2025-06-09 16:05:45 - [StockInfo] Token ontvangen (vervalt in 1800s)
[INFO] 2025-06-09 16:09:12 - [ArticleSearch] Token aanvragen bij https://api.cgk-group.com/api/account/login...
[INFO] 2025-06-09 16:09:13 - [ArticleSearch] Token ontvangen (vervalt in 1800s)
[INFO] 2025-06-09 16:09:13 - [Startup] Vooraf token laden voor StockInfo...
[INFO] 2025-06-09 16:09:13 - [StockInfo] Token aanvragen bij https://api.cgk-group.com/api/account/login...
[INFO] 2025-06-09 16:09:13 - [StockInfo] Token ontvangen (vervalt in 1800s)
[INFO] 2025-06-09 16:10:56 - [ArticleSearch] Token aanvragen bij https://api.cgk-group.com/api/account/login...
[INFO] 2025-06-09 16:10:56 - [ArticleSearch] Token ontvangen (vervalt in 1800s)
[INFO] 2025-06-09 16:10:56 - [Startup] Vooraf token laden voor StockInfo...
[INFO] 2025-06-09 16:10:56 - [StockInfo] Token aanvragen bij https://api.cgk-group.com/api/account/login...
[INFO] 2025-06-09 16:10:57 - [StockInfo] Token ontvangen (vervalt in 1800s)
[INFO] 2025-06-09 16:21:48 - [ArticleSearch] Token aanvragen bij https://api.cgk-group.com/api/account/login...
[INFO] 2025-06-09 16:21:48 - [ArticleSearch] Token ontvangen (vervalt in 1800s)
[INFO] 2025-06-09 16:21:48 - [Startup] Vooraf token laden voor StockInfo...
[INFO] 2025-06-09 16:21:48 - [StockInfo] Token aanvragen bij https://api.cgk-group.com/api/account/login...
[INFO] 2025-06-09 16:21:49 - [StockInfo] Token ontvangen (vervalt in 1800s)
[INFO] 2025-06-09 16:28:39 - [ArticleSearch] Token aanvragen bij https://api.cgk-group.com/api/account/login...
[INFO] 2025-06-09 16:28:39 - [ArticleSearch] Token ontvangen (vervalt in 1800s)
[INFO] 2025-06-09 16:28:39 - [Startup] Vooraf token laden voor StockInfo...
[INFO] 2025-06-09 16:28:39 - [StockInfo] Token aanvragen bij https://api.cgk-group.com/api/account/login...
[INFO] 2025-06-09 16:28:40 - [StockInfo] Token ontvangen (vervalt in 1800s)
[INFO] 2025-06-09 16:30:11 - [ArticleSearch] Token aanvragen bij https://api.cgk-group.com/api/account/login...
[INFO] 2025-06-09 16:30:11 - [ArticleSearch] Token ontvangen (vervalt in 1800s)
[INFO] 2025-06-09 16:30:11 - [Startup] Vooraf token laden voor StockInfo...
[INFO] 2025-06-09 16:30:11 - [StockInfo] Token aanvragen bij https://api.cgk-group.com/api/account/login...
[INFO] 2025-06-09 16:30:12 - [StockInfo] Token ontvangen (vervalt in 1800s)
[INFO] 2025-06-10 08:26:40 - [ArticleSearch] Token aanvragen bij https://api.cgk-group.com/api/account/login...
[INFO] 2025-06-10 08:26:41 - [ArticleSearch] Token ontvangen (vervalt in 1800s)
[INFO] 2025-06-10 08:26:41 - [Startup] Vooraf token laden voor StockInfo...
[INFO] 2025-06-10 08:26:41 - [StockInfo] Token aanvragen bij https://api.cgk-group.com/api/account/login...
[INFO] 2025-06-10 08:26:41 - [StockInfo] Token ontvangen (vervalt in 1800s)
[INFO] 2025-06-11 07:18:08 - [ArticleSearch] Token aanvragen bij https://api.cgk-group.com/api/account/login...
[INFO] 2025-06-11 07:18:08 - [ArticleSearch] Token ontvangen (vervalt in 1800s)
[INFO] 2025-06-11 07:18:08 - [Startup] Vooraf token laden voor StockInfo...
[INFO] 2025-06-11 07:18:08 - [StockInfo] Token aanvragen bij https://api.cgk-group.com/api/account/login...
[INFO] 2025-06-11 07:18:08 - [StockInfo] Token ontvangen (vervalt in 1800s)
[INFO] 2025-06-12 08:11:39 - [ArticleSearch] Token aanvragen bij https://api.cgk-group.com/api/account/login...
[INFO] 2025-06-12 08:11:39 - [ArticleSearch] Token ontvangen (vervalt in 1800s)
[INFO] 2025-06-12 08:11:39 - [Startup] Vooraf token laden voor StockInfo...
[INFO] 2025-06-12 08:11:39 - [StockInfo] Token aanvragen bij https://api.cgk-group.com/api/account/login...
[INFO] 2025-06-12 08:11:39 - [StockInfo] Token ontvangen (vervalt in 1800s)
[INFO] 2025-06-13 16:10:50 - [ArticleSearch] Token aanvragen bij https://api.cgk-group.com/api/account/login...
[INFO] 2025-06-13 16:10:50 - [ArticleSearch] Token ontvangen (vervalt in 1800s)
[INFO] 2025-06-13 16:10:50 - [Startup] Vooraf token laden voor StockInfo...
[INFO] 2025-06-13 16:10:50 - [StockInfo] Token aanvragen bij https://api.cgk-group.com/api/account/login...
[INFO] 2025-06-13 16:10:50 - [StockInfo] Token ontvangen (vervalt in 1800s)
[INFO] 2025-06-13 16:25:20 - [ArticleSearch] Token aanvragen bij https://api.cgk-group.com/api/account/login...
[INFO] 2025-06-13 16:25:20 - [ArticleSearch] Token ontvangen (vervalt in 1800s)
[INFO] 2025-06-13 16:25:20 - [Startup] Vooraf token laden voor StockInfo...
[INFO] 2025-06-13 16:25:20 - [StockInfo] Token aanvragen bij https://api.cgk-group.com/api/account/login...
[INFO] 2025-06-13 16:25:21 - [StockInfo] Token ontvangen (vervalt in 1800s)
[INFO] 2025-06-13 17:02:41 - [ArticleSearch] Token aanvragen bij https://api.cgk-group.com/api/account/login...
[INFO] 2025-06-13 17:02:42 - [ArticleSearch] Token ontvangen (vervalt in 1800s)
[INFO] 2025-06-13 17:02:42 - [Startup] Vooraf token laden voor StockInfo...
[INFO] 2025-06-13 17:02:42 - [StockInfo] Token aanvragen bij https://api.cgk-group.com/api/account/login...
[INFO] 2025-06-13 17:02:42 - [StockInfo] Token ontvangen (vervalt in 1800s)
[INFO] 2025-06-13 17:05:18 - [ArticleSearch] Token aanvragen bij https://api.cgk-group.com/api/account/login...
[INFO] 2025-06-13 17:05:18 - [ArticleSearch] Token ontvangen (vervalt in 1800s)
[INFO] 2025-06-13 17:05:18 - [Startup] Vooraf token laden voor StockInfo...
[INFO] 2025-06-13 17:05:18 - [StockInfo] Token aanvragen bij https://api.cgk-group.com/api/account/login...
[INFO] 2025-06-13 17:05:19 - [StockInfo] Token ontvangen (vervalt in 1800s)
[INFO] 2025-06-13 17:07:12 - [ArticleSearch] Token aanvragen bij https://api.cgk-group.com/api/account/login...
[INFO] 2025-06-13 17:07:12 - [ArticleSearch] Token ontvangen (vervalt in 1800s)
[INFO] 2025-06-13 17:07:12 - [Startup] Vooraf token laden voor StockInfo...
[INFO] 2025-06-13 17:07:12 - [StockInfo] Token aanvragen bij https://api.cgk-group.com/api/account/login...
[INFO] 2025-06-13 17:07:13 - [StockInfo] Token ontvangen (vervalt in 1800s)
[INFO] 2025-06-13 17:11:57 - [ArticleSearch] Token aanvragen bij https://api.cgk-group.com/api/account/login...
[INFO] 2025-06-13 17:11:57 - [ArticleSearch] Token ontvangen (vervalt in 1800s)
[INFO] 2025-06-13 17:11:57 - [Startup] Vooraf token laden voor StockInfo...
[INFO] 2025-06-13 17:11:57 - [StockInfo] Token aanvragen bij https://api.cgk-group.com/api/account/login...
[INFO] 2025-06-13 17:11:58 - [StockInfo] Token ontvangen (vervalt in 1800s)
[INFO] 2025-06-13 17:18:55 - [ArticleSearch] Token aanvragen bij https://api.cgk-group.com/api/account/login...
[INFO] 2025-06-13 17:18:56 - [ArticleSearch] Token ontvangen (vervalt in 1800s)
[INFO] 2025-06-13 17:18:56 - [Startup] Vooraf token laden voor StockInfo...
[INFO] 2025-06-13 17:18:56 - [StockInfo] Token aanvragen bij https://api.cgk-group.com/api/account/login...
[INFO] 2025-06-13 17:18:56 - [StockInfo] Token ontvangen (vervalt in 1800s)
[INFO] 2025-06-13 17:22:49 - [ArticleSearch] Token aanvragen bij https://api.cgk-group.com/api/account/login...
[INFO] 2025-06-13 17:22:49 - [ArticleSearch] Token ontvangen (vervalt in 1800s)
[INFO] 2025-06-13 17:22:49 - [Startup] Vooraf token laden voor StockInfo...
[INFO] 2025-06-13 17:22:49 - [StockInfo] Token aanvragen bij https://api.cgk-group.com/api/account/login...
[INFO] 2025-06-13 17:22:49 - [StockInfo] Token ontvangen (vervalt in 1800s)
[INFO] 2025-06-13 17:28:29 - [ArticleSearch] Token aanvragen bij https://api.cgk-group.com/api/account/login...
[INFO] 2025-06-13 17:28:29 - [ArticleSearch] Token ontvangen (vervalt in 1800s)
[INFO] 2025-06-13 17:28:29 - [Startup] Vooraf token laden voor StockInfo...
[INFO] 2025-06-13 17:28:29 - [StockInfo] Token aanvragen bij https://api.cgk-group.com/api/account/login...
[INFO] 2025-06-13 17:28:29 - [StockInfo] Token ontvangen (vervalt in 1800s)
[INFO] 2025-06-14 08:13:28 - [ArticleSearch] Token aanvragen bij https://api.cgk-group.com/api/account/login...
[INFO] 2025-06-14 08:13:29 - [ArticleSearch] Token ontvangen (vervalt in 1800s)
[INFO] 2025-06-14 08:13:29 - [Startup] Vooraf token laden voor StockInfo...
[INFO] 2025-06-14 08:13:29 - [StockInfo] Token aanvragen bij https://api.cgk-group.com/api/account/login...
[INFO] 2025-06-14 08:13:29 - [StockInfo] Token ontvangen (vervalt in 1800s)
[INFO] 2025-06-14 08:18:13 - [ArticleSearch] Token aanvragen bij https://api.cgk-group.com/api/account/login...
[INFO] 2025-06-14 08:18:14 - [ArticleSearch] Token ontvangen (vervalt in 1800s)
[INFO] 2025-06-14 08:18:14 - [Startup] Vooraf token laden voor StockInfo...
[INFO] 2025-06-14 08:18:14 - [StockInfo] Token aanvragen bij https://api.cgk-group.com/api/account/login...
[INFO] 2025-06-14 08:18:14 - [StockInfo] Token ontvangen (vervalt in 1800s)
[INFO] 2025-06-14 08:31:08 - [ArticleSearch] Token aanvragen bij https://api.cgk-group.com/api/account/login...
[INFO] 2025-06-14 08:31:08 - [ArticleSearch] Token ontvangen (vervalt in 1800s)
[INFO] 2025-06-14 08:31:08 - [Startup] Vooraf token laden voor StockInfo...
[INFO] 2025-06-14 08:31:08 - [StockInfo] Token aanvragen bij https://api.cgk-group.com/api/account/login...
[INFO] 2025-06-14 08:31:08 - [StockInfo] Token ontvangen (vervalt in 1800s)
[INFO] 2025-06-14 08:35:36 - [ArticleSearch] Token aanvragen bij https://api.cgk-group.com/api/account/login...
[INFO] 2025-06-14 08:35:37 - [ArticleSearch] Token ontvangen (vervalt in 1800s)
[INFO] 2025-06-14 08:35:37 - [Startup] Vooraf token laden voor StockInfo...
[INFO] 2025-06-14 08:35:37 - [StockInfo] Token aanvragen bij https://api.cgk-group.com/api/account/login...
[INFO] 2025-06-14 08:35:37 - [StockInfo] Token ontvangen (vervalt in 1800s)
[INFO] 2025-06-14 08:40:34 - [ArticleSearch] Token aanvragen bij https://api.cgk-group.com/api/account/login...
[INFO] 2025-06-14 08:40:34 - [ArticleSearch] Token ontvangen (vervalt in 1800s)
[INFO] 2025-06-14 08:40:34 - [Startup] Vooraf token laden voor StockInfo...
[INFO] 2025-06-14 08:40:34 - [StockInfo] Token aanvragen bij https://api.cgk-group.com/api/account/login...
[INFO] 2025-06-14 08:40:34 - [StockInfo] Token ontvangen (vervalt in 1800s)
[INFO] 2025-06-14 08:43:40 - [ArticleSearch] Token aanvragen bij https://api.cgk-group.com/api/account/login...
[INFO] 2025-06-14 08:43:42 - [ArticleSearch] Token ontvangen (vervalt in 1800s)
[INFO] 2025-06-14 08:43:42 - [Startup] Vooraf token laden voor StockInfo...
[INFO] 2025-06-14 08:43:42 - [StockInfo] Token aanvragen bij https://api.cgk-group.com/api/account/login...
[INFO] 2025-06-14 08:43:42 - [StockInfo] Token ontvangen (vervalt in 1800s)
[INFO] 2025-06-14 08:56:40 - [ArticleSearch] Token aanvragen bij https://api.cgk-group.com/api/account/login...
[INFO] 2025-06-14 08:56:41 - [ArticleSearch] Token ontvangen (vervalt in 1800s)
[INFO] 2025-06-14 08:56:41 - [Startup] Vooraf token laden voor StockInfo...
[INFO] 2025-06-14 08:56:41 - [StockInfo] Token aanvragen bij https://api.cgk-group.com/api/account/login...
[INFO] 2025-06-14 08:56:41 - [StockInfo] Token ontvangen (vervalt in 1800s)
[INFO] 2025-06-14 09:04:12 - [ArticleSearch] Token aanvragen bij https://api.cgk-group.com/api/account/login...
[INFO] 2025-06-14 09:04:12 - [ArticleSearch] Token ontvangen (vervalt in 1800s)
[INFO] 2025-06-14 09:04:12 - [Startup] Vooraf token laden voor StockInfo...
[INFO] 2025-06-14 09:04:12 - [StockInfo] Token aanvragen bij https://api.cgk-group.com/api/account/login...
[INFO] 2025-06-14 09:04:13 - [StockInfo] Token ontvangen (vervalt in 1800s)
[INFO] 2025-06-14 09:04:33 - [ArticleSearch] Token aanvragen bij https://api.cgk-group.com/api/account/login...
[INFO] 2025-06-14 09:04:33 - [ArticleSearch] Token ontvangen (vervalt in 1800s)
[INFO] 2025-06-14 09:04:33 - [Startup] Vooraf token laden voor StockInfo...
[INFO] 2025-06-14 09:04:33 - [StockInfo] Token aanvragen bij https://api.cgk-group.com/api/account/login...
[INFO] 2025-06-14 09:04:33 - [StockInfo] Token ontvangen (vervalt in 1800s)
[INFO] 2025-06-14 09:05:50 - [ArticleSearch] Token aanvragen bij https://api.cgk-group.com/api/account/login...
[INFO] 2025-06-14 09:05:50 - [ArticleSearch] Token ontvangen (vervalt in 1800s)
[INFO] 2025-06-14 09:05:50 - [Startup] Vooraf token laden voor StockInfo...
[INFO] 2025-06-14 09:05:50 - [StockInfo] Token aanvragen bij https://api.cgk-group.com/api/account/login...
[INFO] 2025-06-14 09:05:51 - [StockInfo] Token ontvangen (vervalt in 1800s)
[INFO] 2025-06-14 12:59:53 - [ArticleSearch] Token aanvragen bij https://api.cgk-group.com/api/account/login...
[INFO] 2025-06-14 12:59:54 - [ArticleSearch] Token ontvangen (vervalt in 1800s)
[INFO] 2025-06-14 12:59:54 - [Startup] Vooraf token laden voor StockInfo...
[INFO] 2025-06-14 12:59:54 - [StockInfo] Token aanvragen bij https://api.cgk-group.com/api/account/login...
[INFO] 2025-06-14 12:59:55 - [StockInfo] Token ontvangen (vervalt in 1800s)
[INFO] 2025-06-14 13:06:25 - [ArticleSearch] Token aanvragen bij https://api.cgk-group.com/api/account/login...
[INFO] 2025-06-14 13:06:25 - [ArticleSearch] Token ontvangen (vervalt in 1800s)
[INFO] 2025-06-14 13:06:25 - [Startup] Vooraf token laden voor StockInfo...
[INFO] 2025-06-14 13:06:25 - [StockInfo] Token aanvragen bij https://api.cgk-group.com/api/account/login...
[INFO] 2025-06-14 13:06:26 - [StockInfo] Token ontvangen (vervalt in 1800s)
[INFO] 2025-06-14 13:07:42 - [ArticleSearch] Token aanvragen bij https://api.cgk-group.com/api/account/login...
[INFO] 2025-06-14 13:07:42 - [ArticleSearch] Token ontvangen (vervalt in 1800s)
[INFO] 2025-06-14 13:07:42 - [Startup] Vooraf token laden voor StockInfo...
[INFO] 2025-06-14 13:07:42 - [StockInfo] Token aanvragen bij https://api.cgk-group.com/api/account/login...
[INFO] 2025-06-14 13:07:42 - [StockInfo] Token ontvangen (vervalt in 1800s)
[INFO] 2025-06-14 13:13:58 - [ArticleSearch] Token aanvragen bij https://api.cgk-group.com/api/account/login...
[INFO] 2025-06-14 13:13:58 - [ArticleSearch] Token ontvangen (vervalt in 1800s)
[INFO] 2025-06-14 13:13:58 - [Startup] Vooraf token laden voor StockInfo...
[INFO] 2025-06-14 13:13:58 - [StockInfo] Token aanvragen bij https://api.cgk-group.com/api/account/login...
[INFO] 2025-06-14 13:13:58 - [StockInfo] Token ontvangen (vervalt in 1800s)
[INFO] 2025-06-14 13:24:30 - [ArticleSearch] Token aanvragen bij https://api.cgk-group.com/api/account/login...
[INFO] 2025-06-14 13:24:30 - [ArticleSearch] Token ontvangen (vervalt in 1800s)
[INFO] 2025-06-14 13:24:30 - [Startup] Vooraf token laden voor StockInfo...
[INFO] 2025-06-14 13:24:30 - [StockInfo] Token aanvragen bij https://api.cgk-group.com/api/account/login...
[INFO] 2025-06-14 13:24:30 - [StockInfo] Token ontvangen (vervalt in 1800s)
[INFO] 2025-06-14 13:25:42 - [ArticleSearch] Token aanvragen bij https://api.cgk-group.com/api/account/login...
[INFO] 2025-06-14 13:25:43 - [ArticleSearch] Token ontvangen (vervalt in 1800s)
[INFO] 2025-06-14 13:25:43 - [Startup] Vooraf token laden voor StockInfo...
[INFO] 2025-06-14 13:25:43 - [StockInfo] Token aanvragen bij https://api.cgk-group.com/api/account/login...
[INFO] 2025-06-14 13:25:43 - [StockInfo] Token ontvangen (vervalt in 1800s)
[INFO] 2025-06-14 13:25:52 - [ArticleSearch] Token aanvragen bij https://api.cgk-group.com/api/account/login...
[INFO] 2025-06-14 13:25:53 - [ArticleSearch] Token ontvangen (vervalt in 1800s)
[INFO] 2025-06-14 13:25:53 - [Startup] Vooraf token laden voor StockInfo...
[INFO] 2025-06-14 13:25:53 - [StockInfo] Token aanvragen bij https://api.cgk-group.com/api/account/login...
[INFO] 2025-06-14 13:25:54 - [StockInfo] Token ontvangen (vervalt in 1800s)
[INFO] 2025-06-14 13:26:08 - [ArticleSearch] Token aanvragen bij https://api.cgk-group.com/api/account/login...
[INFO] 2025-06-14 13:26:09 - [ArticleSearch] Token ontvangen (vervalt in 1800s)
[INFO] 2025-06-14 13:26:09 - [Startup] Vooraf token laden voor StockInfo...
[INFO] 2025-06-14 13:26:09 - [StockInfo] Token aanvragen bij https://api.cgk-group.com/api/account/login...
[INFO] 2025-06-14 13:26:09 - [StockInfo] Token ontvangen (vervalt in 1800s)
[INFO] 2025-06-14 13:28:56 - [ArticleSearch] Token aanvragen bij https://api.cgk-group.com/api/account/login...
[INFO] 2025-06-14 13:28:57 - [ArticleSearch] Token ontvangen (vervalt in 1800s)
[INFO] 2025-06-14 13:28:57 - [Startup] Vooraf token laden voor StockInfo...
[INFO] 2025-06-14 13:28:57 - [StockInfo] Token aanvragen bij https://api.cgk-group.com/api/account/login...
[INFO] 2025-06-14 13:28:57 - [StockInfo] Token ontvangen (vervalt in 1800s)
[INFO] 2025-06-14 15:01:30 - [ArticleSearch] Token aanvragen bij https://api.cgk-group.com/api/account/login...
[INFO] 2025-06-14 15:01:30 - [ArticleSearch] Token ontvangen (vervalt in 1800s)
[INFO] 2025-06-14 15:01:30 - [Startup] Vooraf token laden voor StockInfo...
[INFO] 2025-06-14 15:01:30 - [StockInfo] Token aanvragen bij https://api.cgk-group.com/api/account/login...
[INFO] 2025-06-14 15:01:31 - [StockInfo] Token ontvangen (vervalt in 1800s)
[INFO] 2025-06-14 15:06:34 - [ArticleSearch] Token aanvragen bij https://api.cgk-group.com/api/account/login...
[INFO] 2025-06-14 15:06:34 - [ArticleSearch] Token ontvangen (vervalt in 1800s)
[INFO] 2025-06-14 15:06:34 - [Startup] Vooraf token laden voor StockInfo...
[INFO] 2025-06-14 15:06:34 - [StockInfo] Token aanvragen bij https://api.cgk-group.com/api/account/login...
[INFO] 2025-06-14 15:06:34 - [StockInfo] Token ontvangen (vervalt in 1800s)
[INFO] 2025-06-14 15:10:13 - [ArticleSearch] Token aanvragen bij https://api.cgk-group.com/api/account/login...
[INFO] 2025-06-14 15:10:13 - [ArticleSearch] Token ontvangen (vervalt in 1800s)
[INFO] 2025-06-14 15:10:13 - [Startup] Vooraf token laden voor StockInfo...
[INFO] 2025-06-14 15:10:13 - [StockInfo] Token aanvragen bij https://api.cgk-group.com/api/account/login...
[INFO] 2025-06-14 15:10:13 - [StockInfo] Token ontvangen (vervalt in 1800s)
[INFO] 2025-06-14 17:26:34 - [ArticleSearch] Token aanvragen bij https://api.cgk-group.com/api/account/login...
[INFO] 2025-06-14 17:26:34 - [ArticleSearch] Token ontvangen (vervalt in 1800s)
[INFO] 2025-06-14 17:26:34 - [Startup] Vooraf token laden voor StockInfo...
[INFO] 2025-06-14 17:26:34 - [StockInfo] Token aanvragen bij https://api.cgk-group.com/api/account/login...
[INFO] 2025-06-14 17:26:34 - [StockInfo] Token ontvangen (vervalt in 1800s)
[INFO] 2025-06-14 17:35:45 - [ArticleSearch] Token aanvragen bij https://api.cgk-group.com/api/account/login...
[INFO] 2025-06-14 17:35:45 - [ArticleSearch] Token ontvangen (vervalt in 1800s)
[INFO] 2025-06-14 17:35:45 - [Startup] Vooraf token laden voor StockInfo...
[INFO] 2025-06-14 17:35:45 - [StockInfo] Token aanvragen bij https://api.cgk-group.com/api/account/login...
[INFO] 2025-06-14 17:35:45 - [StockInfo] Token ontvangen (vervalt in 1800s)
[INFO] 2025-06-15 12:32:36 - [ArticleSearch] Token aanvragen bij https://api.cgk-group.com/api/account/login...
[INFO] 2025-06-15 12:32:38 - [ArticleSearch] Token ontvangen (vervalt in 1800s)
[INFO] 2025-06-15 12:32:38 - [Startup] Vooraf token laden voor StockInfo...
[INFO] 2025-06-15 12:32:38 - [StockInfo] Token aanvragen bij https://api.cgk-group.com/api/account/login...
[INFO] 2025-06-15 12:32:38 - [StockInfo] Token ontvangen (vervalt in 1800s)
[INFO] 2025-06-16 10:51:11 - [ArticleSearch] Token aanvragen bij https://api.cgk-group.com/api/account/login...
[INFO] 2025-06-16 10:51:11 - [ArticleSearch] Token ontvangen (vervalt in 1800s)
[INFO] 2025-06-16 10:51:11 - [Startup] Vooraf token laden voor StockInfo...
[INFO] 2025-06-16 10:51:11 - [StockInfo] Token aanvragen bij https://api.cgk-group.com/api/account/login...
[INFO] 2025-06-16 10:51:11 - [StockInfo] Token ontvangen (vervalt in 1800s)
[INFO] 2025-06-16 10:55:30 - [ArticleSearch] Token aanvragen bij https://api.cgk-group.com/api/account/login...
[INFO] 2025-06-16 10:55:30 - [ArticleSearch] Token ontvangen (vervalt in 1800s)
[INFO] 2025-06-16 10:55:30 - [Startup] Vooraf token laden voor StockInfo...
[INFO] 2025-06-16 10:55:30 - [StockInfo] Token aanvragen bij https://api.cgk-group.com/api/account/login...
[INFO] 2025-06-16 10:55:30 - [StockInfo] Token ontvangen (vervalt in 1800s)
[INFO] 2025-06-16 10:57:40 - [ArticleSearch] Token aanvragen bij https://api.cgk-group.com/api/account/login...
[INFO] 2025-06-16 10:57:40 - [ArticleSearch] Token ontvangen (vervalt in 1800s)
[INFO] 2025-06-16 10:57:40 - [Startup] Vooraf token laden voor StockInfo...
[INFO] 2025-06-16 10:57:40 - [StockInfo] Token aanvragen bij https://api.cgk-group.com/api/account/login...
[INFO] 2025-06-16 10:57:40 - [StockInfo] Token ontvangen (vervalt in 1800s)
[INFO] 2025-06-16 11:07:24 - [ArticleSearch] Token aanvragen bij https://api.cgk-group.com/api/account/login...
[INFO] 2025-06-16 11:07:24 - [ArticleSearch] Token ontvangen (vervalt in 1800s)
[INFO] 2025-06-16 11:07:24 - [Startup] Vooraf token laden voor StockInfo...
[INFO] 2025-06-16 11:07:24 - [StockInfo] Token aanvragen bij https://api.cgk-group.com/api/account/login...
[INFO] 2025-06-16 11:07:24 - [StockInfo] Token ontvangen (vervalt in 1800s)
[INFO] 2025-06-16 11:10:44 - [ArticleSearch] Token aanvragen bij https://api.cgk-group.com/api/account/login...
[INFO] 2025-06-16 11:10:44 - [ArticleSearch] Token ontvangen (vervalt in 1800s)
[INFO] 2025-06-16 11:10:44 - [Startup] Vooraf token laden voor StockInfo...
[INFO] 2025-06-16 11:10:44 - [StockInfo] Token aanvragen bij https://api.cgk-group.com/api/account/login...
[INFO] 2025-06-16 11:10:44 - [StockInfo] Token ontvangen (vervalt in 1800s)
[INFO] 2025-06-16 15:49:00 - [ArticleSearch] Token aanvragen bij https://api.cgk-group.com/api/account/login...
[INFO] 2025-06-16 15:49:00 - [ArticleSearch] Token ontvangen (vervalt in 1800s)
[INFO] 2025-06-16 15:49:00 - [Startup] Vooraf token laden voor StockInfo...
[INFO] 2025-06-16 15:49:00 - [StockInfo] Token aanvragen bij https://api.cgk-group.com/api/account/login...
[INFO] 2025-06-16 15:49:01 - [StockInfo] Token ontvangen (vervalt in 1800s)
[INFO] 2025-06-16 16:05:20 - [ArticleSearch] Token aanvragen bij https://api.cgk-group.com/api/account/login...
[INFO] 2025-06-16 16:05:21 - [ArticleSearch] Token ontvangen (vervalt in 1800s)
[INFO] 2025-06-16 16:05:21 - [Startup] Vooraf token laden voor StockInfo...
[INFO] 2025-06-16 16:05:21 - [StockInfo] Token aanvragen bij https://api.cgk-group.com/api/account/login...
[INFO] 2025-06-16 16:05:21 - [StockInfo] Token ontvangen (vervalt in 1800s)
[INFO] 2025-06-16 17:27:30 - [ArticleSearch] Token aanvragen bij https://api.cgk-group.com/api/account/login...
[INFO] 2025-06-16 17:27:30 - [ArticleSearch] Token ontvangen (vervalt in 1800s)
[INFO] 2025-06-16 17:27:30 - [Startup] Vooraf token laden voor StockInfo...
[INFO] 2025-06-16 17:27:30 - [StockInfo] Token aanvragen bij https://api.cgk-group.com/api/account/login...
[INFO] 2025-06-16 17:27:31 - [StockInfo] Token ontvangen (vervalt in 1800s)
[INFO] 2025-06-16 17:34:20 - [ArticleSearch] Token aanvragen bij https://api.cgk-group.com/api/account/login...
[INFO] 2025-06-16 17:34:20 - [ArticleSearch] Token ontvangen (vervalt in 1800s)
[INFO] 2025-06-16 17:34:20 - [Startup] Vooraf token laden voor StockInfo...
[INFO] 2025-06-16 17:34:20 - [StockInfo] Token aanvragen bij https://api.cgk-group.com/api/account/login...
[INFO] 2025-06-16 17:34:22 - [StockInfo] Token ontvangen (vervalt in 1800s)
[INFO] 2025-06-16 17:38:44 - [ArticleSearch] Token aanvragen bij https://api.cgk-group.com/api/account/login...
[INFO] 2025-06-16 17:38:44 - [ArticleSearch] Token ontvangen (vervalt in 1800s)
[INFO] 2025-06-16 17:38:44 - [Startup] Vooraf token laden voor StockInfo...
[INFO] 2025-06-16 17:38:44 - [StockInfo] Token aanvragen bij https://api.cgk-group.com/api/account/login...
[INFO] 2025-06-16 17:38:45 - [StockInfo] Token ontvangen (vervalt in 1800s)
[INFO] 2025-06-16 17:43:00 - [ArticleSearch] Token aanvragen bij https://api.cgk-group.com/api/account/login...
[INFO] 2025-06-16 17:43:00 - [ArticleSearch] Token ontvangen (vervalt in 1800s)
[INFO] 2025-06-16 17:43:00 - [Startup] Vooraf token laden voor StockInfo...
[INFO] 2025-06-16 17:43:00 - [StockInfo] Token aanvragen bij https://api.cgk-group.com/api/account/login...
[INFO] 2025-06-16 17:43:00 - [StockInfo] Token ontvangen (vervalt in 1800s)
[INFO] 2025-06-16 17:44:06 - [ArticleSearch] Token aanvragen bij https://api.cgk-group.com/api/account/login...
[INFO] 2025-06-16 17:44:06 - [ArticleSearch] Token ontvangen (vervalt in 1800s)
[INFO] 2025-06-16 17:44:06 - [Startup] Vooraf token laden voor StockInfo...
[INFO] 2025-06-16 17:44:06 - [StockInfo] Token aanvragen bij https://api.cgk-group.com/api/account/login...
[INFO] 2025-06-16 17:44:07 - [StockInfo] Token ontvangen (vervalt in 1800s)
[INFO] 2025-06-16 18:30:03 - [ArticleSearch] Token aanvragen bij https://api.cgk-group.com/api/account/login...
[INFO] 2025-06-16 18:30:04 - [ArticleSearch] Token ontvangen (vervalt in 1800s)
[INFO] 2025-06-16 18:30:04 - [Startup] Vooraf token laden voor StockInfo...
[INFO] 2025-06-16 18:30:04 - [StockInfo] Token aanvragen bij https://api.cgk-group.com/api/account/login...
[INFO] 2025-06-16 18:30:04 - [StockInfo] Token ontvangen (vervalt in 1800s)
[INFO] 2025-06-16 18:34:48 - [ArticleSearch] Token aanvragen bij https://api.cgk-group.com/api/account/login...
[INFO] 2025-06-16 18:34:48 - [ArticleSearch] Token ontvangen (vervalt in 1800s)
[INFO] 2025-06-16 18:34:48 - [Startup] Vooraf token laden voor StockInfo...
[INFO] 2025-06-16 18:34:48 - [StockInfo] Token aanvragen bij https://api.cgk-group.com/api/account/login...
[INFO] 2025-06-16 18:34:49 - [StockInfo] Token ontvangen (vervalt in 1800s)
[INFO] 2025-06-16 18:35:39 - [ArticleSearch] Token aanvragen bij https://api.cgk-group.com/api/account/login...
[INFO] 2025-06-16 18:35:39 - [ArticleSearch] Token ontvangen (vervalt in 1800s)
[INFO] 2025-06-16 18:35:39 - [Startup] Vooraf token laden voor StockInfo...
[INFO] 2025-06-16 18:35:39 - [StockInfo] Token aanvragen bij https://api.cgk-group.com/api/account/login...
[INFO] 2025-06-16 18:35:39 - [StockInfo] Token ontvangen (vervalt in 1800s)
[INFO] 2025-06-16 18:37:53 - [ArticleSearch] Token aanvragen bij https://api.cgk-group.com/api/account/login...
[INFO] 2025-06-16 18:37:53 - [ArticleSearch] Token ontvangen (vervalt in 1800s)
[INFO] 2025-06-16 18:37:53 - [Startup] Vooraf token laden voor StockInfo...
[INFO] 2025-06-16 18:37:53 - [StockInfo] Token aanvragen bij https://api.cgk-group.com/api/account/login...
[INFO] 2025-06-16 18:37:54 - [StockInfo] Token ontvangen (vervalt in 1800s)
[INFO] 2025-06-16 18:42:30 - [ArticleSearch] Token aanvragen bij https://api.cgk-group.com/api/account/login...
[INFO] 2025-06-16 18:42:30 - [ArticleSearch] Token ontvangen (vervalt in 1800s)
[INFO] 2025-06-16 18:42:30 - [Startup] Vooraf token laden voor StockInfo...
[INFO] 2025-06-16 18:42:30 - [StockInfo] Token aanvragen bij https://api.cgk-group.com/api/account/login...
[INFO] 2025-06-16 18:42:31 - [StockInfo] Token ontvangen (vervalt in 1800s)
[INFO] 2025-06-16 18:52:04 - [ArticleSearch] Token aanvragen bij https://api.cgk-group.com/api/account/login...
[INFO] 2025-06-16 18:52:04 - [ArticleSearch] Token ontvangen (vervalt in 1800s)
[INFO] 2025-06-16 18:52:04 - [Startup] Vooraf token laden voor StockInfo...
[INFO] 2025-06-16 18:52:04 - [StockInfo] Token aanvragen bij https://api.cgk-group.com/api/account/login...
[INFO] 2025-06-16 18:52:05 - [StockInfo] Token ontvangen (vervalt in 1800s)
[INFO] 2025-06-16 19:00:17 - [ArticleSearch] Token aanvragen bij https://api.cgk-group.com/api/account/login...
[INFO] 2025-06-16 19:00:17 - [ArticleSearch] Token ontvangen (vervalt in 1800s)
[INFO] 2025-06-16 19:00:17 - [Startup] Vooraf token laden voor StockInfo...
[INFO] 2025-06-16 19:00:17 - [StockInfo] Token aanvragen bij https://api.cgk-group.com/api/account/login...
[INFO] 2025-06-16 19:00:17 - [StockInfo] Token ontvangen (vervalt in 1800s)
[INFO] 2025-06-16 19:01:14 - [ArticleSearch] Token aanvragen bij https://api.cgk-group.com/api/account/login...
[INFO] 2025-06-16 19:01:15 - [ArticleSearch] Token ontvangen (vervalt in 1800s)
[INFO] 2025-06-16 19:01:15 - [Startup] Vooraf token laden voor StockInfo...
[INFO] 2025-06-16 19:01:15 - [StockInfo] Token aanvragen bij https://api.cgk-group.com/api/account/login...
[INFO] 2025-06-16 19:01:15 - [StockInfo] Token ontvangen (vervalt in 1800s)
[INFO] 2025-06-16 19:11:00 - [ArticleSearch] Token aanvragen bij https://api.cgk-group.com/api/account/login...
[INFO] 2025-06-16 19:11:01 - [ArticleSearch] Token ontvangen (vervalt in 1800s)
[INFO] 2025-06-16 19:11:01 - [Startup] Vooraf token laden voor StockInfo...
[INFO] 2025-06-16 19:11:01 - [StockInfo] Token aanvragen bij https://api.cgk-group.com/api/account/login...
[INFO] 2025-06-16 19:11:01 - [StockInfo] Token ontvangen (vervalt in 1800s)
[INFO] 2025-06-16 19:20:05 - [ArticleSearch] Token aanvragen bij https://api.cgk-group.com/api/account/login...
[INFO] 2025-06-16 19:20:05 - [ArticleSearch] Token ontvangen (vervalt in 1800s)
[INFO] 2025-06-16 19:20:05 - [Startup] Vooraf token laden voor StockInfo...
[INFO] 2025-06-16 19:20:05 - [StockInfo] Token aanvragen bij https://api.cgk-group.com/api/account/login...
[INFO] 2025-06-16 19:20:05 - [StockInfo] Token ontvangen (vervalt in 1800s)
[INFO] 2025-06-16 19:24:05 - [ArticleSearch] Token aanvragen bij https://api.cgk-group.com/api/account/login...
[INFO] 2025-06-16 19:24:05 - [ArticleSearch] Token ontvangen (vervalt in 1800s)
[INFO] 2025-06-16 19:24:05 - [Startup] Vooraf token laden voor StockInfo...
[INFO] 2025-06-16 19:24:05 - [StockInfo] Token aanvragen bij https://api.cgk-group.com/api/account/login...
[INFO] 2025-06-16 19:24:05 - [StockInfo] Token ontvangen (vervalt in 1800s)
[INFO] 2025-06-16 19:42:45 - [ArticleSearch] Token aanvragen bij https://api.cgk-group.com/api/account/login...
[INFO] 2025-06-16 19:42:48 - [ArticleSearch] Token ontvangen (vervalt in 1800s)
[INFO] 2025-06-16 19:42:48 - [Startup] Vooraf token laden voor StockInfo...
[INFO] 2025-06-16 19:42:48 - [StockInfo] Token aanvragen bij https://api.cgk-group.com/api/account/login...
[INFO] 2025-06-16 19:42:48 - [StockInfo] Token ontvangen (vervalt in 1800s)
[INFO] 2025-06-16 19:52:11 - [ArticleSearch] Token aanvragen bij https://api.cgk-group.com/api/account/login...
[INFO] 2025-06-16 19:52:12 - [ArticleSearch] Token ontvangen (vervalt in 1800s)
[INFO] 2025-06-16 19:52:12 - [Startup] Vooraf token laden voor StockInfo...
[INFO] 2025-06-16 19:52:12 - [StockInfo] Token aanvragen bij https://api.cgk-group.com/api/account/login...
[INFO] 2025-06-16 19:52:12 - [StockInfo] Token ontvangen (vervalt in 1800s)
[INFO] 2025-06-17 08:58:05 - [ArticleSearch] Token aanvragen bij https://api.cgk-group.com/api/account/login...
[INFO] 2025-06-17 08:58:05 - [ArticleSearch] Token ontvangen (vervalt in 1800s)
[INFO] 2025-06-17 08:58:05 - [Startup] Vooraf token laden voor StockInfo...
[INFO] 2025-06-17 08:58:05 - [StockInfo] Token aanvragen bij https://api.cgk-group.com/api/account/login...
[INFO] 2025-06-17 08:58:05 - [StockInfo] Token ontvangen (vervalt in 1800s)
[INFO] 2025-06-17 09:17:37 - [ArticleSearch] Token aanvragen bij https://api.cgk-group.com/api/account/login...
[INFO] 2025-06-17 09:17:37 - [ArticleSearch] Token ontvangen (vervalt in 1800s)
[INFO] 2025-06-17 09:17:37 - [Startup] Vooraf token laden voor StockInfo...
[INFO] 2025-06-17 09:17:37 - [StockInfo] Token aanvragen bij https://api.cgk-group.com/api/account/login...
[INFO] 2025-06-17 09:17:37 - [StockInfo] Token ontvangen (vervalt in 1800s)
[INFO] 2025-06-17 09:18:36 - [ArticleSearch] Token aanvragen bij https://api.cgk-group.com/api/account/login...
[INFO] 2025-06-17 09:18:37 - [ArticleSearch] Token ontvangen (vervalt in 1800s)
[INFO] 2025-06-17 09:18:37 - [Startup] Vooraf token laden voor StockInfo...
[INFO] 2025-06-17 09:18:37 - [StockInfo] Token aanvragen bij https://api.cgk-group.com/api/account/login...
[INFO] 2025-06-17 09:18:37 - [StockInfo] Token ontvangen (vervalt in 1800s)
[INFO] 2025-06-17 09:19:06 - [ArticleSearch] Token aanvragen bij https://api.cgk-group.com/api/account/login...
[INFO] 2025-06-17 09:19:06 - [ArticleSearch] Token ontvangen (vervalt in 1800s)
[INFO] 2025-06-17 09:19:06 - [Startup] Vooraf token laden voor StockInfo...
[INFO] 2025-06-17 09:19:06 - [StockInfo] Token aanvragen bij https://api.cgk-group.com/api/account/login...
[INFO] 2025-06-17 09:19:06 - [StockInfo] Token ontvangen (vervalt in 1800s)
[INFO] 2025-06-17 09:36:52 - [ArticleSearch] Token aanvragen bij https://api.cgk-group.com/api/account/login...
[INFO] 2025-06-17 09:36:52 - [ArticleSearch] Token ontvangen (vervalt in 1800s)
[INFO] 2025-06-17 09:36:52 - [Startup] Vooraf token laden voor StockInfo...
[INFO] 2025-06-17 09:36:52 - [StockInfo] Token aanvragen bij https://api.cgk-group.com/api/account/login...
[INFO] 2025-06-17 09:36:52 - [StockInfo] Token ontvangen (vervalt in 1800s)
[INFO] 2025-06-17 09:37:38 - [ArticleSearch] Token aanvragen bij https://api.cgk-group.com/api/account/login...
[INFO] 2025-06-17 09:37:38 - [ArticleSearch] Token ontvangen (vervalt in 1800s)
[INFO] 2025-06-17 09:37:38 - [Startup] Vooraf token laden voor StockInfo...
[INFO] 2025-06-17 09:37:38 - [StockInfo] Token aanvragen bij https://api.cgk-group.com/api/account/login...
[INFO] 2025-06-17 09:37:38 - [StockInfo] Token ontvangen (vervalt in 1800s)
[INFO] 2025-06-17 09:38:59 - [ArticleSearch] Token aanvragen bij https://api.cgk-group.com/api/account/login...
[INFO] 2025-06-17 09:39:00 - [ArticleSearch] Token ontvangen (vervalt in 1800s)
[INFO] 2025-06-17 09:39:00 - [Startup] Vooraf token laden voor StockInfo...
[INFO] 2025-06-17 09:39:00 - [StockInfo] Token aanvragen bij https://api.cgk-group.com/api/account/login...
[INFO] 2025-06-17 09:39:00 - [StockInfo] Token ontvangen (vervalt in 1800s)
[INFO] 2025-06-17 10:31:10 - [ArticleSearch] Token aanvragen bij https://api.cgk-group.com/api/account/login...
[INFO] 2025-06-17 10:31:10 - [ArticleSearch] Token ontvangen (vervalt in 1800s)
[INFO] 2025-06-17 10:31:10 - [Startup] Vooraf token laden voor StockInfo...
[INFO] 2025-06-17 10:31:10 - [StockInfo] Token aanvragen bij https://api.cgk-group.com/api/account/login...
[INFO] 2025-06-17 10:31:10 - [StockInfo] Token ontvangen (vervalt in 1800s)
[INFO] 2025-06-17 10:33:20 - [ArticleSearch] Token aanvragen bij https://api.cgk-group.com/api/account/login...
[INFO] 2025-06-17 10:33:20 - [ArticleSearch] Token ontvangen (vervalt in 1800s)
[INFO] 2025-06-17 10:33:20 - [Startup] Vooraf token laden voor StockInfo...
[INFO] 2025-06-17 10:33:20 - [StockInfo] Token aanvragen bij https://api.cgk-group.com/api/account/login...
[INFO] 2025-06-17 10:33:20 - [StockInfo] Token ontvangen (vervalt in 1800s)
[INFO] 2025-06-17 10:51:57 - [ArticleSearch] Token aanvragen bij https://api.cgk-group.com/api/account/login...
[INFO] 2025-06-17 10:51:57 - [ArticleSearch] Token ontvangen (vervalt in 1800s)
[INFO] 2025-06-17 10:51:57 - [Startup] Vooraf token laden voor StockInfo...
[INFO] 2025-06-17 10:51:57 - [StockInfo] Token aanvragen bij https://api.cgk-group.com/api/account/login...
[INFO] 2025-06-17 10:51:57 - [StockInfo] Token ontvangen (vervalt in 1800s)
[INFO] 2025-06-17 11:24:40 - [ArticleSearch] Token aanvragen bij https://api.cgk-group.com/api/account/login...
[INFO] 2025-06-17 11:24:40 - [ArticleSearch] Token ontvangen (vervalt in 1800s)
[INFO] 2025-06-17 11:24:40 - [Startup] Vooraf token laden voor StockInfo...
[INFO] 2025-06-17 11:24:40 - [StockInfo] Token aanvragen bij https://api.cgk-group.com/api/account/login...
[INFO] 2025-06-17 11:24:40 - [StockInfo] Token ontvangen (vervalt in 1800s)
[INFO] 2025-06-17 14:53:17 - [ArticleSearch] Token aanvragen bij https://api.cgk-group.com/api/account/login...
[INFO] 2025-06-17 14:53:17 - [ArticleSearch] Token ontvangen (vervalt in 1800s)
[INFO] 2025-06-17 14:53:17 - [Startup] Vooraf token laden voor StockInfo...
[INFO] 2025-06-17 14:53:17 - [StockInfo] Token aanvragen bij https://api.cgk-group.com/api/account/login...
[INFO] 2025-06-17 14:53:17 - [StockInfo] Token ontvangen (vervalt in 1800s)
[INFO] 2025-06-17 14:58:35 - [ArticleSearch] Token aanvragen bij https://api.cgk-group.com/api/account/login...
[INFO] 2025-06-17 14:58:35 - [ArticleSearch] Token ontvangen (vervalt in 1800s)
[INFO] 2025-06-17 14:58:35 - [Startup] Vooraf token laden voor StockInfo...
[INFO] 2025-06-17 14:58:35 - [StockInfo] Token aanvragen bij https://api.cgk-group.com/api/account/login...
[INFO] 2025-06-17 14:58:35 - [StockInfo] Token ontvangen (vervalt in 1800s)
[INFO] 2025-06-17 14:59:44 - [ArticleSearch] Token aanvragen bij https://api.cgk-group.com/api/account/login...
[INFO] 2025-06-17 14:59:44 - [ArticleSearch] Token ontvangen (vervalt in 1800s)
[INFO] 2025-06-17 14:59:44 - [Startup] Vooraf token laden voor StockInfo...
[INFO] 2025-06-17 14:59:44 - [StockInfo] Token aanvragen bij https://api.cgk-group.com/api/account/login...
[INFO] 2025-06-17 14:59:44 - [StockInfo] Token ontvangen (vervalt in 1800s)
[INFO] 2025-06-17 15:00:42 - [ArticleSearch] Token aanvragen bij https://api.cgk-group.com/api/account/login...
[INFO] 2025-06-17 15:00:42 - [ArticleSearch] Token ontvangen (vervalt in 1800s)
[INFO] 2025-06-17 15:00:42 - [Startup] Vooraf token laden voor StockInfo...
[INFO] 2025-06-17 15:00:42 - [StockInfo] Token aanvragen bij https://api.cgk-group.com/api/account/login...
[INFO] 2025-06-17 15:00:42 - [StockInfo] Token ontvangen (vervalt in 1800s)
[INFO] 2025-06-17 15:07:33 - [ArticleSearch] Token aanvragen bij https://api.cgk-group.com/api/account/login...
[INFO] 2025-06-17 15:07:33 - [ArticleSearch] Token ontvangen (vervalt in 1800s)
[INFO] 2025-06-17 15:07:33 - [Startup] Vooraf token laden voor StockInfo...
[INFO] 2025-06-17 15:07:33 - [StockInfo] Token aanvragen bij https://api.cgk-group.com/api/account/login...
[INFO] 2025-06-17 15:07:33 - [StockInfo] Token ontvangen (vervalt in 1800s)
[INFO] 2025-06-17 15:08:09 - [ArticleSearch] Token aanvragen bij https://api.cgk-group.com/api/account/login...
[INFO] 2025-06-17 15:08:09 - [ArticleSearch] Token ontvangen (vervalt in 1800s)
[INFO] 2025-06-17 15:08:09 - [Startup] Vooraf token laden voor StockInfo...
[INFO] 2025-06-17 15:08:09 - [StockInfo] Token aanvragen bij https://api.cgk-group.com/api/account/login...
[INFO] 2025-06-17 15:08:09 - [StockInfo] Token ontvangen (vervalt in 1800s)
[INFO] 2025-06-17 15:09:44 - [ArticleSearch] Token aanvragen bij https://api.cgk-group.com/api/account/login...
[INFO] 2025-06-17 15:09:44 - [ArticleSearch] Token ontvangen (vervalt in 1800s)
[INFO] 2025-06-17 15:09:44 - [Startup] Vooraf token laden voor StockInfo...
[INFO] 2025-06-17 15:09:44 - [StockInfo] Token aanvragen bij https://api.cgk-group.com/api/account/login...
[INFO] 2025-06-17 15:09:45 - [StockInfo] Token ontvangen (vervalt in 1800s)
[INFO] 2025-06-17 15:11:21 - [ArticleSearch] Token aanvragen bij https://api.cgk-group.com/api/account/login...
[INFO] 2025-06-17 15:11:21 - [ArticleSearch] Token ontvangen (vervalt in 1800s)
[INFO] 2025-06-17 15:11:21 - [Startup] Vooraf token laden voor StockInfo...
[INFO] 2025-06-17 15:11:21 - [StockInfo] Token aanvragen bij https://api.cgk-group.com/api/account/login...
[INFO] 2025-06-17 15:11:21 - [StockInfo] Token ontvangen (vervalt in 1800s)
[INFO] 2025-06-17 17:09:28 - [ArticleSearch] Token aanvragen bij https://api.cgk-group.com/api/account/login...
[INFO] 2025-06-17 17:09:29 - [ArticleSearch] Token ontvangen (vervalt in 1800s)
[INFO] 2025-06-17 17:09:29 - [Startup] Vooraf token laden voor StockInfo...
[INFO] 2025-06-17 17:09:29 - [StockInfo] Token aanvragen bij https://api.cgk-group.com/api/account/login...
[INFO] 2025-06-17 17:09:29 - [StockInfo] Token ontvangen (vervalt in 1800s)
[INFO] 2025-06-17 17:17:29 - [ArticleSearch] Token aanvragen bij https://api.cgk-group.com/api/account/login...
[INFO] 2025-06-17 17:17:29 - [ArticleSearch] Token ontvangen (vervalt in 1800s)
[INFO] 2025-06-17 17:17:29 - [Startup] Vooraf token laden voor StockInfo...
[INFO] 2025-06-17 17:17:29 - [StockInfo] Token aanvragen bij https://api.cgk-group.com/api/account/login...
[INFO] 2025-06-17 17:17:29 - [StockInfo] Token ontvangen (vervalt in 1800s)
[INFO] 2025-06-17 17:20:36 - [ArticleSearch] Token aanvragen bij https://api.cgk-group.com/api/account/login...
[INFO] 2025-06-17 17:20:36 - [ArticleSearch] Token ontvangen (vervalt in 1800s)
[INFO] 2025-06-17 17:20:36 - [Startup] Vooraf token laden voor StockInfo...
[INFO] 2025-06-17 17:20:36 - [StockInfo] Token aanvragen bij https://api.cgk-group.com/api/account/login...
[INFO] 2025-06-17 17:20:37 - [StockInfo] Token ontvangen (vervalt in 1800s)
[INFO] 2025-06-17 17:21:06 - [ArticleSearch] Token aanvragen bij https://api.cgk-group.com/api/account/login...
[INFO] 2025-06-17 17:21:06 - [ArticleSearch] Token ontvangen (vervalt in 1800s)
[INFO] 2025-06-17 17:21:06 - [Startup] Vooraf token laden voor StockInfo...
[INFO] 2025-06-17 17:21:06 - [StockInfo] Token aanvragen bij https://api.cgk-group.com/api/account/login...
[INFO] 2025-06-17 17:21:07 - [StockInfo] Token ontvangen (vervalt in 1800s)
[INFO] 2025-06-17 17:21:51 - [ArticleSearch] Token aanvragen bij https://api.cgk-group.com/api/account/login...
[INFO] 2025-06-17 17:21:52 - [ArticleSearch] Token ontvangen (vervalt in 1800s)
[INFO] 2025-06-17 17:21:52 - [Startup] Vooraf token laden voor StockInfo...
[INFO] 2025-06-17 17:21:52 - [StockInfo] Token aanvragen bij https://api.cgk-group.com/api/account/login...
[INFO] 2025-06-17 17:21:52 - [StockInfo] Token ontvangen (vervalt in 1800s)
[INFO] 2025-06-17 17:28:49 - [ArticleSearch] Token aanvragen bij https://api.cgk-group.com/api/account/login...
[INFO] 2025-06-17 17:28:49 - [ArticleSearch] Token ontvangen (vervalt in 1800s)
[INFO] 2025-06-17 17:28:49 - [Startup] Vooraf token laden voor StockInfo...
[INFO] 2025-06-17 17:28:49 - [StockInfo] Token aanvragen bij https://api.cgk-group.com/api/account/login...
[INFO] 2025-06-17 17:28:50 - [StockInfo] Token ontvangen (vervalt in 1800s)
[INFO] 2025-06-17 18:18:10 - [ArticleSearch] Token aanvragen bij https://api.cgk-group.com/api/account/login...
[INFO] 2025-06-17 18:18:11 - [ArticleSearch] Token ontvangen (vervalt in 1800s)
[INFO] 2025-06-17 18:18:11 - [Startup] Vooraf token laden voor StockInfo...
[INFO] 2025-06-17 18:18:11 - [StockInfo] Token aanvragen bij https://api.cgk-group.com/api/account/login...
[INFO] 2025-06-17 18:18:11 - [StockInfo] Token ontvangen (vervalt in 1800s)
[INFO] 2025-06-18 07:30:14 - [ArticleSearch] Token aanvragen bij https://api.cgk-group.com/api/account/login...
[INFO] 2025-06-18 07:30:15 - [ArticleSearch] Token ontvangen (vervalt in 1800s)
[INFO] 2025-06-18 07:30:15 - [Startup] Vooraf token laden voor StockInfo...
[INFO] 2025-06-18 07:30:15 - [StockInfo] Token aanvragen bij https://api.cgk-group.com/api/account/login...
[INFO] 2025-06-18 07:30:15 - [StockInfo] Token ontvangen (vervalt in 1800s)
[INFO] 2025-06-18 07:34:47 - [ArticleSearch] Token aanvragen bij https://api.cgk-group.com/api/account/login...
[INFO] 2025-06-18 07:34:47 - [ArticleSearch] Token ontvangen (vervalt in 1800s)
[INFO] 2025-06-18 07:34:47 - [Startup] Vooraf token laden voor StockInfo...
[INFO] 2025-06-18 07:34:47 - [StockInfo] Token aanvragen bij https://api.cgk-group.com/api/account/login...
[INFO] 2025-06-18 07:34:47 - [StockInfo] Token ontvangen (vervalt in 1800s)
[INFO] 2025-06-18 08:00:15 - [ArticleSearch] Token aanvragen bij https://api.cgk-group.com/api/account/login...
[INFO] 2025-06-18 08:00:15 - [ArticleSearch] Token ontvangen (vervalt in 1800s)
[INFO] 2025-06-18 08:00:15 - [Startup] Vooraf token laden voor StockInfo...
[INFO] 2025-06-18 08:00:15 - [StockInfo] Token aanvragen bij https://api.cgk-group.com/api/account/login...
[INFO] 2025-06-18 08:00:15 - [StockInfo] Token ontvangen (vervalt in 1800s)
[INFO] 2025-06-18 08:11:01 - [ArticleSearch] Token aanvragen bij https://api.cgk-group.com/api/account/login...
[INFO] 2025-06-18 08:11:01 - [ArticleSearch] Token ontvangen (vervalt in 1800s)
[INFO] 2025-06-18 08:11:01 - [Startup] Vooraf token laden voor StockInfo...
[INFO] 2025-06-18 08:11:01 - [StockInfo] Token aanvragen bij https://api.cgk-group.com/api/account/login...
[INFO] 2025-06-18 08:11:01 - [StockInfo] Token ontvangen (vervalt in 1800s)
[INFO] 2025-06-18 08:23:59 - [ArticleSearch] Token aanvragen bij https://api.cgk-group.com/api/account/login...
[INFO] 2025-06-18 08:23:59 - [ArticleSearch] Token ontvangen (vervalt in 1800s)
[INFO] 2025-06-18 08:23:59 - [Startup] Vooraf token laden voor StockInfo...
[INFO] 2025-06-18 08:23:59 - [StockInfo] Token aanvragen bij https://api.cgk-group.com/api/account/login...
[INFO] 2025-06-18 08:23:59 - [StockInfo] Token ontvangen (vervalt in 1800s)
[INFO] 2025-06-18 08:26:59 - [ArticleSearch] Token aanvragen bij https://api.cgk-group.com/api/account/login...
[INFO] 2025-06-18 08:26:59 - [ArticleSearch] Token ontvangen (vervalt in 1800s)
[INFO] 2025-06-18 08:26:59 - [Startup] Vooraf token laden voor StockInfo...
[INFO] 2025-06-18 08:26:59 - [StockInfo] Token aanvragen bij https://api.cgk-group.com/api/account/login...
[INFO] 2025-06-18 08:26:59 - [StockInfo] Token ontvangen (vervalt in 1800s)
[INFO] 2025-06-18 08:28:53 - [ArticleSearch] Token aanvragen bij https://api.cgk-group.com/api/account/login...
[INFO] 2025-06-18 08:28:53 - [ArticleSearch] Token ontvangen (vervalt in 1800s)
[INFO] 2025-06-18 08:28:53 - [Startup] Vooraf token laden voor StockInfo...
[INFO] 2025-06-18 08:28:53 - [StockInfo] Token aanvragen bij https://api.cgk-group.com/api/account/login...
[INFO] 2025-06-18 08:28:53 - [StockInfo] Token ontvangen (vervalt in 1800s)
[INFO] 2025-06-18 08:30:36 - [ArticleSearch] Token aanvragen bij https://api.cgk-group.com/api/account/login...
[INFO] 2025-06-18 08:30:36 - [ArticleSearch] Token ontvangen (vervalt in 1800s)
[INFO] 2025-06-18 08:30:36 - [Startup] Vooraf token laden voor StockInfo...
[INFO] 2025-06-18 08:30:36 - [StockInfo] Token aanvragen bij https://api.cgk-group.com/api/account/login...
[INFO] 2025-06-18 08:30:36 - [StockInfo] Token ontvangen (vervalt in 1800s)
[INFO] 2025-06-18 08:33:35 - [ArticleSearch] Token aanvragen bij https://api.cgk-group.com/api/account/login...
[INFO] 2025-06-18 08:33:35 - [ArticleSearch] Token ontvangen (vervalt in 1800s)
[INFO] 2025-06-18 08:33:35 - [Startup] Vooraf token laden voor StockInfo...
[INFO] 2025-06-18 08:33:35 - [StockInfo] Token aanvragen bij https://api.cgk-group.com/api/account/login...
[INFO] 2025-06-18 08:33:35 - [StockInfo] Token ontvangen (vervalt in 1800s)
[INFO] 2025-06-18 08:35:31 - [ArticleSearch] Token aanvragen bij https://api.cgk-group.com/api/account/login...
[INFO] 2025-06-18 08:35:31 - [ArticleSearch] Token ontvangen (vervalt in 1800s)
[INFO] 2025-06-18 08:35:31 - [Startup] Vooraf token laden voor StockInfo...
[INFO] 2025-06-18 08:35:31 - [StockInfo] Token aanvragen bij https://api.cgk-group.com/api/account/login...
[INFO] 2025-06-18 08:35:31 - [StockInfo] Token ontvangen (vervalt in 1800s)
[INFO] 2025-06-18 08:40:05 - [ArticleSearch] Token aanvragen bij https://api.cgk-group.com/api/account/login...
[INFO] 2025-06-18 08:40:05 - [ArticleSearch] Token ontvangen (vervalt in 1800s)
[INFO] 2025-06-18 08:40:05 - [Startup] Vooraf token laden voor StockInfo...
[INFO] 2025-06-18 08:40:05 - [StockInfo] Token aanvragen bij https://api.cgk-group.com/api/account/login...
[INFO] 2025-06-18 08:40:05 - [StockInfo] Token ontvangen (vervalt in 1800s)
[INFO] 2025-06-18 08:53:46 - [ArticleSearch] Token aanvragen bij https://api.cgk-group.com/api/account/login...
[INFO] 2025-06-18 08:53:46 - [ArticleSearch] Token ontvangen (vervalt in 1800s)
[INFO] 2025-06-18 08:53:46 - [Startup] Vooraf token laden voor StockInfo...
[INFO] 2025-06-18 08:53:46 - [StockInfo] Token aanvragen bij https://api.cgk-group.com/api/account/login...
[INFO] 2025-06-18 08:53:46 - [StockInfo] Token ontvangen (vervalt in 1800s)
[INFO] 2025-06-18 08:59:40 - [ArticleSearch] Token aanvragen bij https://api.cgk-group.com/api/account/login...
[INFO] 2025-06-18 08:59:40 - [ArticleSearch] Token ontvangen (vervalt in 1800s)
[INFO] 2025-06-18 08:59:40 - [Startup] Vooraf token laden voor StockInfo...
[INFO] 2025-06-18 08:59:40 - [StockInfo] Token aanvragen bij https://api.cgk-group.com/api/account/login...
[INFO] 2025-06-18 08:59:40 - [StockInfo] Token ontvangen (vervalt in 1800s)
[INFO] 2025-06-18 09:08:13 - [ArticleSearch] Token aanvragen bij https://api.cgk-group.com/api/account/login...
[INFO] 2025-06-18 09:08:14 - [ArticleSearch] Token ontvangen (vervalt in 1800s)
[INFO] 2025-06-18 09:08:14 - [Startup] Vooraf token laden voor StockInfo...
[INFO] 2025-06-18 09:08:14 - [StockInfo] Token aanvragen bij https://api.cgk-group.com/api/account/login...
[INFO] 2025-06-18 09:08:14 - [StockInfo] Token ontvangen (vervalt in 1800s)
[INFO] 2025-06-18 09:12:04 - [ArticleSearch] Token aanvragen bij https://api.cgk-group.com/api/account/login...
[INFO] 2025-06-18 09:12:04 - [ArticleSearch] Token ontvangen (vervalt in 1800s)
[INFO] 2025-06-18 09:12:04 - [Startup] Vooraf token laden voor StockInfo...
[INFO] 2025-06-18 09:12:04 - [StockInfo] Token aanvragen bij https://api.cgk-group.com/api/account/login...
[INFO] 2025-06-18 09:12:04 - [StockInfo] Token ontvangen (vervalt in 1800s)
[INFO] 2025-06-18 09:14:16 - [ArticleSearch] Token aanvragen bij https://api.cgk-group.com/api/account/login...
[INFO] 2025-06-18 09:14:16 - [ArticleSearch] Token ontvangen (vervalt in 1800s)
[INFO] 2025-06-18 09:14:16 - [Startup] Vooraf token laden voor StockInfo...
[INFO] 2025-06-18 09:14:16 - [StockInfo] Token aanvragen bij https://api.cgk-group.com/api/account/login...
[INFO] 2025-06-18 09:14:16 - [StockInfo] Token ontvangen (vervalt in 1800s)
[INFO] 2025-06-18 09:15:22 - [ArticleSearch] Token aanvragen bij https://api.cgk-group.com/api/account/login...
[INFO] 2025-06-18 09:15:22 - [ArticleSearch] Token ontvangen (vervalt in 1800s)
[INFO] 2025-06-18 09:15:22 - [Startup] Vooraf token laden voor StockInfo...
[INFO] 2025-06-18 09:15:22 - [StockInfo] Token aanvragen bij https://api.cgk-group.com/api/account/login...
[INFO] 2025-06-18 09:15:22 - [StockInfo] Token ontvangen (vervalt in 1800s)
[INFO] 2025-06-18 09:16:17 - [ArticleSearch] Token aanvragen bij https://api.cgk-group.com/api/account/login...
[INFO] 2025-06-18 09:16:17 - [ArticleSearch] Token ontvangen (vervalt in 1800s)
[INFO] 2025-06-18 09:16:17 - [Startup] Vooraf token laden voor StockInfo...
[INFO] 2025-06-18 09:16:17 - [StockInfo] Token aanvragen bij https://api.cgk-group.com/api/account/login...
[INFO] 2025-06-18 09:16:17 - [StockInfo] Token ontvangen (vervalt in 1800s)
[INFO] 2025-06-18 09:20:13 - [ArticleSearch] Token aanvragen bij https://api.cgk-group.com/api/account/login...
[INFO] 2025-06-18 09:20:13 - [ArticleSearch] Token ontvangen (vervalt in 1800s)
[INFO] 2025-06-18 09:20:13 - [Startup] Vooraf token laden voor StockInfo...
[INFO] 2025-06-18 09:20:13 - [StockInfo] Token aanvragen bij https://api.cgk-group.com/api/account/login...
[INFO] 2025-06-18 09:20:13 - [StockInfo] Token ontvangen (vervalt in 1800s)
[INFO] 2025-06-18 09:21:59 - [ArticleSearch] Token aanvragen bij https://api.cgk-group.com/api/account/login...
[INFO] 2025-06-18 09:22:00 - [ArticleSearch] Token ontvangen (vervalt in 1800s)
[INFO] 2025-06-18 09:22:00 - [Startup] Vooraf token laden voor StockInfo...
[INFO] 2025-06-18 09:22:00 - [StockInfo] Token aanvragen bij https://api.cgk-group.com/api/account/login...
[INFO] 2025-06-18 09:22:00 - [StockInfo] Token ontvangen (vervalt in 1800s)
[INFO] 2025-06-18 11:42:02 - [ArticleSearch] Token aanvragen bij https://api.cgk-group.com/api/account/login...
[INFO] 2025-06-18 11:42:02 - [ArticleSearch] Token ontvangen (vervalt in 1800s)
[INFO] 2025-06-18 11:42:02 - [Startup] Vooraf token laden voor StockInfo...
[INFO] 2025-06-18 11:42:02 - [StockInfo] Token aanvragen bij https://api.cgk-group.com/api/account/login...
[INFO] 2025-06-18 11:42:02 - [StockInfo] Token ontvangen (vervalt in 1800s)
[INFO] 2025-06-18 11:54:26 - [ArticleSearch] Token aanvragen bij https://api.cgk-group.com/api/account/login...
[INFO] 2025-06-18 11:54:26 - [ArticleSearch] Token ontvangen (vervalt in 1800s)
[INFO] 2025-06-18 11:54:26 - [Startup] Vooraf token laden voor StockInfo...
[INFO] 2025-06-18 11:54:26 - [StockInfo] Token aanvragen bij https://api.cgk-group.com/api/account/login...
[INFO] 2025-06-18 11:54:26 - [StockInfo] Token ontvangen (vervalt in 1800s)
[INFO] 2025-06-18 12:10:50 - [ArticleSearch] Token aanvragen bij https://api.cgk-group.com/api/account/login...
[INFO] 2025-06-18 12:10:50 - [ArticleSearch] Token ontvangen (vervalt in 1800s)
[INFO] 2025-06-18 12:10:50 - [Startup] Vooraf token laden voor StockInfo...
[INFO] 2025-06-18 12:10:50 - [StockInfo] Token aanvragen bij https://api.cgk-group.com/api/account/login...
[INFO] 2025-06-18 12:10:50 - [StockInfo] Token ontvangen (vervalt in 1800s)
[INFO] 2025-06-18 12:21:46 - [ArticleSearch] Token aanvragen bij https://api.cgk-group.com/api/account/login...
[INFO] 2025-06-18 12:21:46 - [ArticleSearch] Token ontvangen (vervalt in 1800s)
[INFO] 2025-06-18 12:21:46 - [Startup] Vooraf token laden voor StockInfo...
[INFO] 2025-06-18 12:21:46 - [StockInfo] Token aanvragen bij https://api.cgk-group.com/api/account/login...
[INFO] 2025-06-18 12:21:46 - [StockInfo] Token ontvangen (vervalt in 1800s)
[INFO] 2025-06-18 13:14:15 - [ArticleSearch] Token aanvragen bij https://api.cgk-group.com/api/account/login...
[INFO] 2025-06-18 13:14:15 - [ArticleSearch] Token ontvangen (vervalt in 1800s)
[INFO] 2025-06-18 13:14:15 - [Startup] Vooraf token laden voor StockInfo...
[INFO] 2025-06-18 13:14:15 - [StockInfo] Token aanvragen bij https://api.cgk-group.com/api/account/login...
[INFO] 2025-06-18 13:14:16 - [StockInfo] Token ontvangen (vervalt in 1800s)
[INFO] 2025-06-18 13:16:34 - [ArticleSearch] Token aanvragen bij https://api.cgk-group.com/api/account/login...
[INFO] 2025-06-18 13:16:34 - [ArticleSearch] Token ontvangen (vervalt in 1800s)
[INFO] 2025-06-18 13:16:34 - [Startup] Vooraf token laden voor StockInfo...
[INFO] 2025-06-18 13:16:34 - [StockInfo] Token aanvragen bij https://api.cgk-group.com/api/account/login...
[INFO] 2025-06-18 13:16:34 - [StockInfo] Token ontvangen (vervalt in 1800s)
[INFO] 2025-06-18 13:19:30 - [ArticleSearch] Token aanvragen bij https://api.cgk-group.com/api/account/login...
[INFO] 2025-06-18 13:19:31 - [ArticleSearch] Token ontvangen (vervalt in 1800s)
[INFO] 2025-06-18 13:19:31 - [Startup] Vooraf token laden voor StockInfo...
[INFO] 2025-06-18 13:19:31 - [StockInfo] Token aanvragen bij https://api.cgk-group.com/api/account/login...
[INFO] 2025-06-18 13:19:31 - [StockInfo] Token ontvangen (vervalt in 1800s)
[INFO] 2025-06-18 13:21:54 - [ArticleSearch] Token aanvragen bij https://api.cgk-group.com/api/account/login...
[INFO] 2025-06-18 13:21:55 - [ArticleSearch] Token ontvangen (vervalt in 1800s)
[INFO] 2025-06-18 13:21:55 - [Startup] Vooraf token laden voor StockInfo...
[INFO] 2025-06-18 13:21:55 - [StockInfo] Token aanvragen bij https://api.cgk-group.com/api/account/login...
[INFO] 2025-06-18 13:21:55 - [StockInfo] Token ontvangen (vervalt in 1800s)
[INFO] 2025-06-18 13:26:22 - [ArticleSearch] Token aanvragen bij https://api.cgk-group.com/api/account/login...
[INFO] 2025-06-18 13:26:22 - [ArticleSearch] Token ontvangen (vervalt in 1800s)
[INFO] 2025-06-18 13:26:22 - [Startup] Vooraf token laden voor StockInfo...
[INFO] 2025-06-18 13:26:22 - [StockInfo] Token aanvragen bij https://api.cgk-group.com/api/account/login...
[INFO] 2025-06-18 13:26:22 - [StockInfo] Token ontvangen (vervalt in 1800s)
[INFO] 2025-06-18 13:28:20 - [ArticleSearch] Token aanvragen bij https://api.cgk-group.com/api/account/login...
[INFO] 2025-06-18 13:28:20 - [ArticleSearch] Token ontvangen (vervalt in 1800s)
[INFO] 2025-06-18 13:28:20 - [Startup] Vooraf token laden voor StockInfo...
[INFO] 2025-06-18 13:28:20 - [StockInfo] Token aanvragen bij https://api.cgk-group.com/api/account/login...
[INFO] 2025-06-18 13:28:20 - [StockInfo] Token ontvangen (vervalt in 1800s)
[INFO] 2025-06-18 13:30:18 - [ArticleSearch] Token aanvragen bij https://api.cgk-group.com/api/account/login...
[INFO] 2025-06-18 13:30:18 - [ArticleSearch] Token ontvangen (vervalt in 1800s)
[INFO] 2025-06-18 13:30:18 - [Startup] Vooraf token laden voor StockInfo...
[INFO] 2025-06-18 13:30:18 - [StockInfo] Token aanvragen bij https://api.cgk-group.com/api/account/login...
[INFO] 2025-06-18 13:30:18 - [StockInfo] Token ontvangen (vervalt in 1800s)
[INFO] 2025-06-18 13:33:32 - [ArticleSearch] Token aanvragen bij https://api.cgk-group.com/api/account/login...
[INFO] 2025-06-18 13:33:32 - [ArticleSearch] Token ontvangen (vervalt in 1800s)
[INFO] 2025-06-18 13:33:32 - [Startup] Vooraf token laden voor StockInfo...
[INFO] 2025-06-18 13:33:32 - [StockInfo] Token aanvragen bij https://api.cgk-group.com/api/account/login...
[INFO] 2025-06-18 13:33:32 - [StockInfo] Token ontvangen (vervalt in 1800s)
[INFO] 2025-06-18 14:01:52 - [ArticleSearch] Token aanvragen bij https://api.cgk-group.com/api/account/login...
[INFO] 2025-06-18 14:01:52 - [ArticleSearch] Token ontvangen (vervalt in 1800s)
[INFO] 2025-06-18 14:01:52 - [Startup] Vooraf token laden voor StockInfo...
[INFO] 2025-06-18 14:01:52 - [StockInfo] Token aanvragen bij https://api.cgk-group.com/api/account/login...
[INFO] 2025-06-18 14:01:52 - [StockInfo] Token ontvangen (vervalt in 1800s)
[INFO] 2025-06-18 14:18:17 - [ArticleSearch] Token aanvragen bij https://api.cgk-group.com/api/account/login...
[INFO] 2025-06-18 14:18:17 - [ArticleSearch] Token ontvangen (vervalt in 1800s)
[INFO] 2025-06-18 14:18:17 - [Startup] Vooraf token laden voor StockInfo...
[INFO] 2025-06-18 14:18:17 - [StockInfo] Token aanvragen bij https://api.cgk-group.com/api/account/login...
[INFO] 2025-06-18 14:18:17 - [StockInfo] Token ontvangen (vervalt in 1800s)
[INFO] 2025-06-18 14:20:25 - [ArticleSearch] Token aanvragen bij https://api.cgk-group.com/api/account/login...
[INFO] 2025-06-18 14:20:25 - [ArticleSearch] Token ontvangen (vervalt in 1800s)
[INFO] 2025-06-18 14:20:25 - [Startup] Vooraf token laden voor StockInfo...
[INFO] 2025-06-18 14:20:25 - [StockInfo] Token aanvragen bij https://api.cgk-group.com/api/account/login...
[INFO] 2025-06-18 14:20:25 - [StockInfo] Token ontvangen (vervalt in 1800s)
[INFO] 2025-06-18 14:27:17 - [ArticleSearch] Token aanvragen bij https://api.cgk-group.com/api/account/login...
[INFO] 2025-06-18 14:27:18 - [ArticleSearch] Token ontvangen (vervalt in 1800s)
[INFO] 2025-06-18 14:27:18 - [Startup] Vooraf token laden voor StockInfo...
[INFO] 2025-06-18 14:27:18 - [StockInfo] Token aanvragen bij https://api.cgk-group.com/api/account/login...
[INFO] 2025-06-18 14:27:18 - [StockInfo] Token ontvangen (vervalt in 1800s)
[INFO] 2025-06-18 14:30:01 - [ArticleSearch] Token aanvragen bij https://api.cgk-group.com/api/account/login...
[INFO] 2025-06-18 14:30:01 - [ArticleSearch] Token ontvangen (vervalt in 1800s)
[INFO] 2025-06-18 14:30:01 - [Startup] Vooraf token laden voor StockInfo...
[INFO] 2025-06-18 14:30:01 - [StockInfo] Token aanvragen bij https://api.cgk-group.com/api/account/login...
[INFO] 2025-06-18 14:30:01 - [StockInfo] Token ontvangen (vervalt in 1800s)
[INFO] 2025-06-18 14:31:47 - [ArticleSearch] Token aanvragen bij https://api.cgk-group.com/api/account/login...
[INFO] 2025-06-18 14:31:47 - [ArticleSearch] Token ontvangen (vervalt in 1800s)
[INFO] 2025-06-18 14:31:47 - [Startup] Vooraf token laden voor StockInfo...
[INFO] 2025-06-18 14:31:47 - [StockInfo] Token aanvragen bij https://api.cgk-group.com/api/account/login...
[INFO] 2025-06-18 14:31:47 - [StockInfo] Token ontvangen (vervalt in 1800s)
[INFO] 2025-06-19 08:33:43 - [ArticleSearch] Token aanvragen bij https://api.cgk-group.com/api/account/login...
[INFO] 2025-06-19 08:33:43 - [ArticleSearch] Token ontvangen (vervalt in 1800s)
[INFO] 2025-06-19 08:33:43 - [Startup] Vooraf token laden voor StockInfo...
[INFO] 2025-06-19 08:33:43 - [StockInfo] Token aanvragen bij https://api.cgk-group.com/api/account/login...
[INFO] 2025-06-19 08:33:43 - [StockInfo] Token ontvangen (vervalt in 1800s)
[INFO] 2025-06-19 08:54:03 - [ArticleSearch] Token aanvragen bij https://api.cgk-group.com/api/account/login...
[INFO] 2025-06-19 08:54:03 - [ArticleSearch] Token ontvangen (vervalt in 1800s)
[INFO] 2025-06-19 08:54:03 - [Startup] Vooraf token laden voor StockInfo...
[INFO] 2025-06-19 08:54:03 - [StockInfo] Token aanvragen bij https://api.cgk-group.com/api/account/login...
[INFO] 2025-06-19 08:54:03 - [StockInfo] Token ontvangen (vervalt in 1800s)
[INFO] 2025-06-19 08:56:20 - [ArticleSearch] Token aanvragen bij https://api.cgk-group.com/api/account/login...
[INFO] 2025-06-19 08:56:20 - [ArticleSearch] Token ontvangen (vervalt in 1800s)
[INFO] 2025-06-19 08:56:20 - [Startup] Vooraf token laden voor StockInfo...
[INFO] 2025-06-19 08:56:20 - [StockInfo] Token aanvragen bij https://api.cgk-group.com/api/account/login...
[INFO] 2025-06-19 08:56:20 - [StockInfo] Token ontvangen (vervalt in 1800s)
[INFO] 2025-06-19 08:58:23 - [ArticleSearch] Token aanvragen bij https://api.cgk-group.com/api/account/login...
[INFO] 2025-06-19 08:58:23 - [ArticleSearch] Token ontvangen (vervalt in 1800s)
[INFO] 2025-06-19 08:58:23 - [Startup] Vooraf token laden voor StockInfo...
[INFO] 2025-06-19 08:58:23 - [StockInfo] Token aanvragen bij https://api.cgk-group.com/api/account/login...
[INFO] 2025-06-19 08:58:23 - [StockInfo] Token ontvangen (vervalt in 1800s)
[INFO] 2025-06-19 08:59:52 - [ArticleSearch] Token aanvragen bij https://api.cgk-group.com/api/account/login...
[INFO] 2025-06-19 08:59:52 - [ArticleSearch] Token ontvangen (vervalt in 1800s)
[INFO] 2025-06-19 08:59:52 - [Startup] Vooraf token laden voor StockInfo...
[INFO] 2025-06-19 08:59:52 - [StockInfo] Token aanvragen bij https://api.cgk-group.com/api/account/login...
[INFO] 2025-06-19 08:59:52 - [StockInfo] Token ontvangen (vervalt in 1800s)
[INFO] 2025-06-19 09:01:05 - [ArticleSearch] Token aanvragen bij https://api.cgk-group.com/api/account/login...
[INFO] 2025-06-19 09:01:06 - [ArticleSearch] Token ontvangen (vervalt in 1800s)
[INFO] 2025-06-19 09:01:06 - [Startup] Vooraf token laden voor StockInfo...
[INFO] 2025-06-19 09:01:06 - [StockInfo] Token aanvragen bij https://api.cgk-group.com/api/account/login...
[INFO] 2025-06-19 09:01:06 - [StockInfo] Token ontvangen (vervalt in 1800s)
[INFO] 2025-06-19 09:03:31 - [ArticleSearch] Token aanvragen bij https://api.cgk-group.com/api/account/login...
[INFO] 2025-06-19 09:03:31 - [ArticleSearch] Token ontvangen (vervalt in 1800s)
[INFO] 2025-06-19 09:03:31 - [Startup] Vooraf token laden voor StockInfo...
[INFO] 2025-06-19 09:03:31 - [StockInfo] Token aanvragen bij https://api.cgk-group.com/api/account/login...
[INFO] 2025-06-19 09:03:31 - [StockInfo] Token ontvangen (vervalt in 1800s)
[INFO] 2025-06-19 09:05:36 - [ArticleSearch] Token aanvragen bij https://api.cgk-group.com/api/account/login...
[INFO] 2025-06-19 09:05:37 - [ArticleSearch] Token ontvangen (vervalt in 1800s)
[INFO] 2025-06-19 09:05:37 - [Startup] Vooraf token laden voor StockInfo...
[INFO] 2025-06-19 09:05:37 - [StockInfo] Token aanvragen bij https://api.cgk-group.com/api/account/login...
[INFO] 2025-06-19 09:05:37 - [StockInfo] Token ontvangen (vervalt in 1800s)
[INFO] 2025-06-19 09:08:38 - [ArticleSearch] Token aanvragen bij https://api.cgk-group.com/api/account/login...
[INFO] 2025-06-19 09:08:38 - [ArticleSearch] Token ontvangen (vervalt in 1800s)
[INFO] 2025-06-19 09:08:38 - [Startup] Vooraf token laden voor StockInfo...
[INFO] 2025-06-19 09:08:38 - [StockInfo] Token aanvragen bij https://api.cgk-group.com/api/account/login...
[INFO] 2025-06-19 09:08:39 - [StockInfo] Token ontvangen (vervalt in 1800s)
[INFO] 2025-06-19 09:11:25 - [ArticleSearch] Token aanvragen bij https://api.cgk-group.com/api/account/login...
[INFO] 2025-06-19 09:11:25 - [ArticleSearch] Token ontvangen (vervalt in 1800s)
[INFO] 2025-06-19 09:11:25 - [Startup] Vooraf token laden voor StockInfo...
[INFO] 2025-06-19 09:11:25 - [StockInfo] Token aanvragen bij https://api.cgk-group.com/api/account/login...
[INFO] 2025-06-19 09:11:26 - [StockInfo] Token ontvangen (vervalt in 1800s)
[INFO] 2025-06-19 09:12:59 - [ArticleSearch] Token aanvragen bij https://api.cgk-group.com/api/account/login...
[INFO] 2025-06-19 09:12:59 - [ArticleSearch] Token ontvangen (vervalt in 1800s)
[INFO] 2025-06-19 09:12:59 - [Startup] Vooraf token laden voor StockInfo...
[INFO] 2025-06-19 09:12:59 - [StockInfo] Token aanvragen bij https://api.cgk-group.com/api/account/login...
[INFO] 2025-06-19 09:12:59 - [StockInfo] Token ontvangen (vervalt in 1800s)
[INFO] 2025-06-19 09:14:08 - [ArticleSearch] Token aanvragen bij https://api.cgk-group.com/api/account/login...
[INFO] 2025-06-19 09:14:08 - [ArticleSearch] Token ontvangen (vervalt in 1800s)
[INFO] 2025-06-19 09:14:08 - [Startup] Vooraf token laden voor StockInfo...
[INFO] 2025-06-19 09:14:08 - [StockInfo] Token aanvragen bij https://api.cgk-group.com/api/account/login...
[INFO] 2025-06-19 09:14:08 - [StockInfo] Token ontvangen (vervalt in 1800s)
[INFO] 2025-06-19 09:23:39 - [ArticleSearch] Token aanvragen bij https://api.cgk-group.com/api/account/login...
[INFO] 2025-06-19 09:23:40 - [ArticleSearch] Token ontvangen (vervalt in 1800s)
[INFO] 2025-06-19 09:23:40 - [Startup] Vooraf token laden voor StockInfo...
[INFO] 2025-06-19 09:23:40 - [StockInfo] Token aanvragen bij https://api.cgk-group.com/api/account/login...
[INFO] 2025-06-19 09:23:40 - [StockInfo] Token ontvangen (vervalt in 1800s)
[INFO] 2025-06-19 09:26:47 - [ArticleSearch] Token aanvragen bij https://api.cgk-group.com/api/account/login...
[INFO] 2025-06-19 09:26:47 - [ArticleSearch] Token ontvangen (vervalt in 1800s)
[INFO] 2025-06-19 09:26:47 - [Startup] Vooraf token laden voor StockInfo...
[INFO] 2025-06-19 09:26:47 - [StockInfo] Token aanvragen bij https://api.cgk-group.com/api/account/login...
[INFO] 2025-06-19 09:26:47 - [StockInfo] Token ontvangen (vervalt in 1800s)
[INFO] 2025-06-19 09:37:09 - [ArticleSearch] Token aanvragen bij https://api.cgk-group.com/api/account/login...
[INFO] 2025-06-19 09:37:09 - [ArticleSearch] Token ontvangen (vervalt in 1800s)
[INFO] 2025-06-19 09:37:09 - [Startup] Vooraf token laden voor StockInfo...
[INFO] 2025-06-19 09:37:09 - [StockInfo] Token aanvragen bij https://api.cgk-group.com/api/account/login...
[INFO] 2025-06-19 09:37:09 - [StockInfo] Token ontvangen (vervalt in 1800s)
[INFO] 2025-06-19 09:41:59 - [ArticleSearch] Token aanvragen bij https://api.cgk-group.com/api/account/login...
[INFO] 2025-06-19 09:42:00 - [ArticleSearch] Token ontvangen (vervalt in 1800s)
[INFO] 2025-06-19 09:42:00 - [Startup] Vooraf token laden voor StockInfo...
[INFO] 2025-06-19 09:42:00 - [StockInfo] Token aanvragen bij https://api.cgk-group.com/api/account/login...
[INFO] 2025-06-19 09:42:00 - [StockInfo] Token ontvangen (vervalt in 1800s)
[INFO] 2025-06-19 09:43:37 - [ArticleSearch] Token aanvragen bij https://api.cgk-group.com/api/account/login...
[INFO] 2025-06-19 09:43:37 - [ArticleSearch] Token ontvangen (vervalt in 1800s)
[INFO] 2025-06-19 09:43:37 - [Startup] Vooraf token laden voor StockInfo...
[INFO] 2025-06-19 09:43:37 - [StockInfo] Token aanvragen bij https://api.cgk-group.com/api/account/login...
[INFO] 2025-06-19 09:43:37 - [StockInfo] Token ontvangen (vervalt in 1800s)
[INFO] 2025-06-19 09:51:03 - [ArticleSearch] Token aanvragen bij https://api.cgk-group.com/api/account/login...
[INFO] 2025-06-19 09:51:03 - [ArticleSearch] Token ontvangen (vervalt in 1800s)
[INFO] 2025-06-19 09:51:03 - [Startup] Vooraf token laden voor StockInfo...
[INFO] 2025-06-19 09:51:03 - [StockInfo] Token aanvragen bij https://api.cgk-group.com/api/account/login...
[INFO] 2025-06-19 09:51:03 - [StockInfo] Token ontvangen (vervalt in 1800s)
[INFO] 2025-06-19 10:00:11 - [ArticleSearch] Token aanvragen bij https://api.cgk-group.com/api/account/login...
[INFO] 2025-06-19 10:00:11 - [ArticleSearch] Token ontvangen (vervalt in 1800s)
[INFO] 2025-06-19 10:00:11 - [Startup] Vooraf token laden voor StockInfo...
[INFO] 2025-06-19 10:00:11 - [StockInfo] Token aanvragen bij https://api.cgk-group.com/api/account/login...
[INFO] 2025-06-19 10:00:11 - [StockInfo] Token ontvangen (vervalt in 1800s)
[INFO] 2025-06-19 10:12:20 - [ArticleSearch] Token aanvragen bij https://api.cgk-group.com/api/account/login...
[INFO] 2025-06-19 10:12:20 - [ArticleSearch] Token ontvangen (vervalt in 1800s)
[INFO] 2025-06-19 10:12:20 - [Startup] Vooraf token laden voor StockInfo...
[INFO] 2025-06-19 10:12:20 - [StockInfo] Token aanvragen bij https://api.cgk-group.com/api/account/login...
[INFO] 2025-06-19 10:12:20 - [StockInfo] Token ontvangen (vervalt in 1800s)
[INFO] 2025-06-19 10:38:30 - [ArticleSearch] Token aanvragen bij https://api.cgk-group.com/api/account/login...
[INFO] 2025-06-19 10:38:30 - [ArticleSearch] Token ontvangen (vervalt in 1800s)
[INFO] 2025-06-19 10:38:30 - [Startup] Vooraf token laden voor StockInfo...
[INFO] 2025-06-19 10:38:30 - [StockInfo] Token aanvragen bij https://api.cgk-group.com/api/account/login...
[INFO] 2025-06-19 10:38:30 - [StockInfo] Token ontvangen (vervalt in 1800s)
[INFO] 2025-06-19 10:45:20 - [ArticleSearch] Token aanvragen bij https://api.cgk-group.com/api/account/login...
[INFO] 2025-06-19 10:45:20 - [ArticleSearch] Token ontvangen (vervalt in 1800s)
[INFO] 2025-06-19 10:45:20 - [Startup] Vooraf token laden voor StockInfo...
[INFO] 2025-06-19 10:45:20 - [StockInfo] Token aanvragen bij https://api.cgk-group.com/api/account/login...
[INFO] 2025-06-19 10:45:20 - [StockInfo] Token ontvangen (vervalt in 1800s)
[INFO] 2025-06-19 10:57:36 - [ArticleSearch] Token aanvragen bij https://api.cgk-group.com/api/account/login...
[INFO] 2025-06-19 10:57:36 - [ArticleSearch] Token ontvangen (vervalt in 1800s)
[INFO] 2025-06-19 10:57:36 - [Startup] Vooraf token laden voor StockInfo...
[INFO] 2025-06-19 10:57:36 - [StockInfo] Token aanvragen bij https://api.cgk-group.com/api/account/login...
[INFO] 2025-06-19 10:57:36 - [StockInfo] Token ontvangen (vervalt in 1800s)
[INFO] 2025-06-19 11:04:34 - [ArticleSearch] Token aanvragen bij https://api.cgk-group.com/api/account/login...
[INFO] 2025-06-19 11:04:34 - [ArticleSearch] Token ontvangen (vervalt in 1800s)
[INFO] 2025-06-19 11:04:34 - [Startup] Vooraf token laden voor StockInfo...
[INFO] 2025-06-19 11:04:34 - [StockInfo] Token aanvragen bij https://api.cgk-group.com/api/account/login...
[INFO] 2025-06-19 11:04:34 - [StockInfo] Token ontvangen (vervalt in 1800s)
[INFO] 2025-06-19 11:05:09 - [OITMI] Token aanvragen bij https://api.cgk-group.com/api/account/login...
[INFO] 2025-06-19 11:05:09 - [OITMI] Token ontvangen (vervalt in 1800s)
[INFO] 2025-06-19 11:07:12 - [ArticleSearch] Token aanvragen bij https://api.cgk-group.com/api/account/login...
[INFO] 2025-06-19 11:07:12 - [ArticleSearch] Token ontvangen (vervalt in 1800s)
[INFO] 2025-06-19 11:07:12 - [Startup] Vooraf token laden voor StockInfo...
[INFO] 2025-06-19 11:07:12 - [StockInfo] Token aanvragen bij https://api.cgk-group.com/api/account/login...
[INFO] 2025-06-19 11:07:12 - [StockInfo] Token ontvangen (vervalt in 1800s)
[INFO] 2025-06-19 11:08:48 - [OITMI] Token aanvragen bij https://api.cgk-group.com/api/account/login...
[INFO] 2025-06-19 11:08:48 - [OITMI] Token ontvangen (vervalt in 1800s)
[INFO] 2025-06-19 11:13:13 - [ArticleSearch] Token aanvragen bij https://api.cgk-group.com/api/account/login...
[INFO] 2025-06-19 11:13:13 - [ArticleSearch] Token ontvangen (vervalt in 1800s)
[INFO] 2025-06-19 11:13:13 - [Startup] Vooraf token laden voor StockInfo...
[INFO] 2025-06-19 11:13:13 - [StockInfo] Token aanvragen bij https://api.cgk-group.com/api/account/login...
[INFO] 2025-06-19 11:13:13 - [StockInfo] Token ontvangen (vervalt in 1800s)
[INFO] 2025-06-19 11:20:30 - [ArticleSearch] Token aanvragen bij https://api.cgk-group.com/api/account/login...
[INFO] 2025-06-19 11:20:30 - [ArticleSearch] Token ontvangen (vervalt in 1800s)
[INFO] 2025-06-19 11:20:30 - [Startup] Vooraf token laden voor StockInfo...
[INFO] 2025-06-19 11:20:30 - [StockInfo] Token aanvragen bij https://api.cgk-group.com/api/account/login...
[INFO] 2025-06-19 11:20:30 - [StockInfo] Token ontvangen (vervalt in 1800s)
[INFO] 2025-06-19 11:21:00 - [OITMI] Token aanvragen bij https://api.cgk-group.com/api/account/login...
[INFO] 2025-06-19 11:21:00 - [OITMI] Token ontvangen (vervalt in 1800s)
[INFO] 2025-06-19 11:27:56 - [ArticleSearch] Token aanvragen bij https://api.cgk-group.com/api/account/login...
[INFO] 2025-06-19 11:27:56 - [ArticleSearch] Token ontvangen (vervalt in 1800s)
[INFO] 2025-06-19 11:27:56 - [Startup] Vooraf token laden voor StockInfo...
[INFO] 2025-06-19 11:27:56 - [StockInfo] Token aanvragen bij https://api.cgk-group.com/api/account/login...
[INFO] 2025-06-19 11:27:56 - [StockInfo] Token ontvangen (vervalt in 1800s)
[INFO] 2025-06-19 11:28:36 - [OITMI] Token aanvragen bij https://api.cgk-group.com/api/account/login...
[INFO] 2025-06-19 11:28:36 - [OITMI] Token ontvangen (vervalt in 1800s)
[INFO] 2025-06-19 11:49:17 - [ArticleSearch] Token aanvragen bij https://api.cgk-group.com/api/account/login...
[INFO] 2025-06-19 11:49:17 - [ArticleSearch] Token ontvangen (vervalt in 1800s)
[INFO] 2025-06-19 11:49:17 - [Startup] Vooraf token laden voor StockInfo...
[INFO] 2025-06-19 11:49:17 - [StockInfo] Token aanvragen bij https://api.cgk-group.com/api/account/login...
[INFO] 2025-06-19 11:49:17 - [StockInfo] Token ontvangen (vervalt in 1800s)
[INFO] 2025-06-19 11:50:42 - [OITMI] Token aanvragen bij https://api.cgk-group.com/api/account/login...
[INFO] 2025-06-19 11:50:42 - [OITMI] Token ontvangen (vervalt in 1800s)
[INFO] 2025-06-19 11:57:43 - [ArticleSearch] Token aanvragen bij https://api.cgk-group.com/api/account/login...
[INFO] 2025-06-19 11:57:43 - [ArticleSearch] Token ontvangen (vervalt in 1800s)
[INFO] 2025-06-19 11:57:43 - [Startup] Vooraf token laden voor StockInfo...
[INFO] 2025-06-19 11:57:43 - [StockInfo] Token aanvragen bij https://api.cgk-group.com/api/account/login...
[INFO] 2025-06-19 11:57:43 - [StockInfo] Token ontvangen (vervalt in 1800s)
[INFO] 2025-06-19 11:59:00 - [OITMI] Token aanvragen bij https://api.cgk-group.com/api/account/login...
[INFO] 2025-06-19 11:59:00 - [OITMI] Token ontvangen (vervalt in 1800s)
[INFO] 2025-06-19 12:05:54 - [ArticleSearch] Token aanvragen bij https://api.cgk-group.com/api/account/login...
[INFO] 2025-06-19 12:05:54 - [ArticleSearch] Token ontvangen (vervalt in 1800s)
[INFO] 2025-06-19 12:05:54 - [Startup] Vooraf token laden voor StockInfo...
[INFO] 2025-06-19 12:05:54 - [StockInfo] Token aanvragen bij https://api.cgk-group.com/api/account/login...
[INFO] 2025-06-19 12:05:54 - [StockInfo] Token ontvangen (vervalt in 1800s)
[INFO] 2025-06-19 12:14:46 - [ArticleSearch] Token aanvragen bij https://api.cgk-group.com/api/account/login...
[INFO] 2025-06-19 12:14:46 - [ArticleSearch] Token ontvangen (vervalt in 1800s)
[INFO] 2025-06-19 12:14:46 - [Startup] Vooraf token laden voor StockInfo...
[INFO] 2025-06-19 12:14:46 - [StockInfo] Token aanvragen bij https://api.cgk-group.com/api/account/login...
[INFO] 2025-06-19 12:14:46 - [StockInfo] Token ontvangen (vervalt in 1800s)
[INFO] 2025-06-19 12:15:29 - [OITMI] Token aanvragen bij https://api.cgk-group.com/api/account/login...
[INFO] 2025-06-19 12:15:29 - [OITMI] Token ontvangen (vervalt in 1800s)
[INFO] 2025-06-19 12:17:33 - [ArticleSearch] Token aanvragen bij https://api.cgk-group.com/api/account/login...
[INFO] 2025-06-19 12:17:33 - [ArticleSearch] Token ontvangen (vervalt in 1800s)
[INFO] 2025-06-19 12:17:33 - [Startup] Vooraf token laden voor StockInfo...
[INFO] 2025-06-19 12:17:33 - [StockInfo] Token aanvragen bij https://api.cgk-group.com/api/account/login...
[INFO] 2025-06-19 12:17:33 - [StockInfo] Token ontvangen (vervalt in 1800s)
[INFO] 2025-06-19 12:20:09 - [OITMI] Token aanvragen bij https://api.cgk-group.com/api/account/login...
[INFO] 2025-06-19 12:20:09 - [OITMI] Token ontvangen (vervalt in 1800s)
[INFO] 2025-06-19 12:22:06 - [ArticleSearch] Token aanvragen bij https://api.cgk-group.com/api/account/login...
[INFO] 2025-06-19 12:22:06 - [ArticleSearch] Token ontvangen (vervalt in 1800s)
[INFO] 2025-06-19 12:22:06 - [Startup] Vooraf token laden voor StockInfo...
[INFO] 2025-06-19 12:22:06 - [StockInfo] Token aanvragen bij https://api.cgk-group.com/api/account/login...
[INFO] 2025-06-19 12:22:06 - [StockInfo] Token ontvangen (vervalt in 1800s)
[INFO] 2025-06-19 12:22:44 - [OITMI] Token aanvragen bij https://api.cgk-group.com/api/account/login...
[INFO] 2025-06-19 12:22:44 - [OITMI] Token ontvangen (vervalt in 1800s)
[INFO] 2025-06-19 15:55:56 - [ArticleSearch] Token aanvragen bij https://api.cgk-group.com/api/account/login...
[INFO] 2025-06-19 15:55:56 - [ArticleSearch] Token ontvangen (vervalt in 1800s)
[INFO] 2025-06-19 15:55:56 - [Startup] Vooraf token laden voor StockInfo...
[INFO] 2025-06-19 15:55:56 - [StockInfo] Token aanvragen bij https://api.cgk-group.com/api/account/login...
[INFO] 2025-06-19 15:55:56 - [StockInfo] Token ontvangen (vervalt in 1800s)
[INFO] 2025-06-19 16:03:50 - [OITMI] Token aanvragen bij https://api.cgk-group.com/api/account/login...
[INFO] 2025-06-19 16:03:50 - [OITMI] Token ontvangen (vervalt in 1800s)
[INFO] 2025-06-19 17:42:30 - [ArticleSearch] Token aanvragen bij https://api.cgk-group.com/api/account/login...
[INFO] 2025-06-19 17:42:30 - [ArticleSearch] Token ontvangen (vervalt in 1800s)
[INFO] 2025-06-19 17:42:30 - [Startup] Vooraf token laden voor StockInfo...
[INFO] 2025-06-19 17:42:30 - [StockInfo] Token aanvragen bij https://api.cgk-group.com/api/account/login...
[INFO] 2025-06-19 17:42:31 - [StockInfo] Token ontvangen (vervalt in 1800s)
[INFO] 2025-06-19 17:42:59 - [OITMI] Token aanvragen bij https://api.cgk-group.com/api/account/login...
[INFO] 2025-06-19 17:42:59 - [OITMI] Token ontvangen (vervalt in 1800s)
[INFO] 2025-06-19 17:46:23 - [ArticleSearch] Token aanvragen bij https://api.cgk-group.com/api/account/login...
[INFO] 2025-06-19 17:46:24 - [ArticleSearch] Token ontvangen (vervalt in 1800s)
[INFO] 2025-06-19 17:46:24 - [Startup] Vooraf token laden voor StockInfo...
[INFO] 2025-06-19 17:46:24 - [StockInfo] Token aanvragen bij https://api.cgk-group.com/api/account/login...
[INFO] 2025-06-19 17:46:24 - [StockInfo] Token ontvangen (vervalt in 1800s)
[INFO] 2025-06-19 18:18:03 - [ArticleSearch] Token aanvragen bij https://api.cgk-group.com/api/account/login...
[INFO] 2025-06-19 18:18:03 - [ArticleSearch] Token ontvangen (vervalt in 1800s)
[INFO] 2025-06-19 18:21:42 - [ArticleSearch] Token aanvragen bij https://api.cgk-group.com/api/account/login...
[INFO] 2025-06-19 18:21:43 - [ArticleSearch] Token ontvangen (vervalt in 1800s)
[INFO] 2025-06-19 18:21:43 - [Startup] Vooraf token laden voor StockInfo...
[INFO] 2025-06-19 18:21:43 - [StockInfo] Token aanvragen bij https://api.cgk-group.com/api/account/login...
[INFO] 2025-06-19 18:21:43 - [StockInfo] Token ontvangen (vervalt in 1800s)
[INFO] 2025-06-19 18:25:38 - [ArticleSearch] Token aanvragen bij https://api.cgk-group.com/api/account/login...
[INFO] 2025-06-19 18:25:38 - [ArticleSearch] Token ontvangen (vervalt in 1800s)
[INFO] 2025-06-19 18:25:38 - [Startup] Vooraf token laden voor StockInfo...
[INFO] 2025-06-19 18:25:38 - [StockInfo] Token aanvragen bij https://api.cgk-group.com/api/account/login...
[INFO] 2025-06-19 18:25:38 - [StockInfo] Token ontvangen (vervalt in 1800s)
[INFO] 2025-06-19 18:34:09 - [ArticleSearch] Token aanvragen bij https://api.cgk-group.com/api/account/login...
[INFO] 2025-06-19 18:34:10 - [ArticleSearch] Token ontvangen (vervalt in 1800s)
[INFO] 2025-06-19 18:34:10 - [Startup] Vooraf token laden voor StockInfo...
[INFO] 2025-06-19 18:34:10 - [StockInfo] Token aanvragen bij https://api.cgk-group.com/api/account/login...
[INFO] 2025-06-19 18:34:10 - [StockInfo] Token ontvangen (vervalt in 1800s)
[INFO] 2025-06-19 18:40:04 - [ArticleSearch] Token aanvragen bij https://api.cgk-group.com/api/account/login...
[INFO] 2025-06-19 18:40:05 - [ArticleSearch] Token ontvangen (vervalt in 1800s)
[INFO] 2025-06-19 18:40:05 - [Startup] Vooraf token laden voor StockInfo...
[INFO] 2025-06-19 18:40:05 - [StockInfo] Token aanvragen bij https://api.cgk-group.com/api/account/login...
[INFO] 2025-06-19 18:40:05 - [StockInfo] Token ontvangen (vervalt in 1800s)
[INFO] 2025-06-19 18:45:58 - [ArticleSearch] Token aanvragen bij https://api.cgk-group.com/api/account/login...
[INFO] 2025-06-19 18:45:59 - [ArticleSearch] Token ontvangen (vervalt in 1800s)
[INFO] 2025-06-19 18:45:59 - [Startup] Vooraf token laden voor StockInfo...
[INFO] 2025-06-19 18:45:59 - [StockInfo] Token aanvragen bij https://api.cgk-group.com/api/account/login...
[INFO] 2025-06-19 18:45:59 - [StockInfo] Token ontvangen (vervalt in 1800s)
[INFO] 2025-06-19 18:47:02 - [ArticleSearch] Token aanvragen bij https://api.cgk-group.com/api/account/login...
[INFO] 2025-06-19 18:47:02 - [ArticleSearch] Token ontvangen (vervalt in 1800s)
[INFO] 2025-06-19 18:47:02 - [Startup] Vooraf token laden voor StockInfo...
[INFO] 2025-06-19 18:47:02 - [StockInfo] Token aanvragen bij https://api.cgk-group.com/api/account/login...
[INFO] 2025-06-19 18:47:02 - [StockInfo] Token ontvangen (vervalt in 1800s)
[INFO] 2025-06-19 18:50:31 - [ArticleSearch] Token aanvragen bij https://api.cgk-group.com/api/account/login...
[INFO] 2025-06-19 18:50:32 - [ArticleSearch] Token ontvangen (vervalt in 1800s)
[INFO] 2025-06-19 18:50:32 - [Startup] Vooraf token laden voor StockInfo...
[INFO] 2025-06-19 18:50:32 - [StockInfo] Token aanvragen bij https://api.cgk-group.com/api/account/login...
[INFO] 2025-06-19 18:50:32 - [StockInfo] Token ontvangen (vervalt in 1800s)
[INFO] 2025-06-19 19:04:18 - [ArticleSearch] Token aanvragen bij https://api.cgk-group.com/api/account/login...
[INFO] 2025-06-19 19:04:18 - [ArticleSearch] Token ontvangen (vervalt in 1800s)
[INFO] 2025-06-19 19:04:18 - [Startup] Vooraf token laden voor StockInfo...
[INFO] 2025-06-19 19:04:18 - [StockInfo] Token aanvragen bij https://api.cgk-group.com/api/account/login...
[INFO] 2025-06-19 19:04:19 - [StockInfo] Token ontvangen (vervalt in 1800s)
[INFO] 2025-06-19 19:06:30 - [ArticleSearch] Token aanvragen bij https://api.cgk-group.com/api/account/login...
[INFO] 2025-06-19 19:06:30 - [ArticleSearch] Token ontvangen (vervalt in 1800s)
[INFO] 2025-06-19 19:06:30 - [Startup] Vooraf token laden voor StockInfo...
[INFO] 2025-06-19 19:06:30 - [StockInfo] Token aanvragen bij https://api.cgk-group.com/api/account/login...
[INFO] 2025-06-19 19:06:31 - [StockInfo] Token ontvangen (vervalt in 1800s)
[INFO] 2025-06-19 19:07:24 - [OITMI] Token aanvragen bij https://api.cgk-group.com/api/account/login...
[INFO] 2025-06-19 19:07:24 - [OITMI] Token ontvangen (vervalt in 1800s)
[INFO] 2025-06-19 19:09:23 - [ArticleSearch] Token aanvragen bij https://api.cgk-group.com/api/account/login...
[INFO] 2025-06-19 19:09:23 - [ArticleSearch] Token ontvangen (vervalt in 1800s)
[INFO] 2025-06-19 19:09:23 - [Startup] Vooraf token laden voor StockInfo...
[INFO] 2025-06-19 19:09:23 - [StockInfo] Token aanvragen bij https://api.cgk-group.com/api/account/login...
[INFO] 2025-06-19 19:09:23 - [StockInfo] Token ontvangen (vervalt in 1800s)
[INFO] 2025-06-19 19:11:13 - [ArticleSearch] Token aanvragen bij https://api.cgk-group.com/api/account/login...
[INFO] 2025-06-19 19:11:13 - [ArticleSearch] Token ontvangen (vervalt in 1800s)
[INFO] 2025-06-19 19:11:13 - [Startup] Vooraf token laden voor StockInfo...
[INFO] 2025-06-19 19:11:13 - [StockInfo] Token aanvragen bij https://api.cgk-group.com/api/account/login...
[INFO] 2025-06-19 19:11:14 - [StockInfo] Token ontvangen (vervalt in 1800s)
[INFO] 2025-06-19 19:13:29 - [ArticleSearch] Token aanvragen bij https://api.cgk-group.com/api/account/login...
[INFO] 2025-06-19 19:13:30 - [ArticleSearch] Token ontvangen (vervalt in 1800s)
[INFO] 2025-06-19 19:13:30 - [Startup] Vooraf token laden voor StockInfo...
[INFO] 2025-06-19 19:13:30 - [StockInfo] Token aanvragen bij https://api.cgk-group.com/api/account/login...
[INFO] 2025-06-19 19:13:30 - [StockInfo] Token ontvangen (vervalt in 1800s)
[INFO] 2025-06-20 11:08:42 - [ArticleSearch] Token aanvragen bij https://api.cgk-group.com/api/account/login...
[INFO] 2025-06-20 11:08:42 - [ArticleSearch] Token ontvangen (vervalt in 1800s)
[INFO] 2025-06-20 11:08:42 - [Startup] Vooraf token laden voor StockInfo...
[INFO] 2025-06-20 11:08:42 - [StockInfo] Token aanvragen bij https://api.cgk-group.com/api/account/login...
[INFO] 2025-06-20 11:08:42 - [StockInfo] Token ontvangen (vervalt in 1800s)
[INFO] 2025-06-21 15:51:16 - [ArticleSearch] Token aanvragen bij https://api.cgk-group.com/api/account/login...
[INFO] 2025-06-21 15:51:16 - [ArticleSearch] Token ontvangen (vervalt in 1800s)
[INFO] 2025-06-21 15:51:16 - [Startup] Vooraf token laden voor StockInfo...
[INFO] 2025-06-21 15:51:16 - [StockInfo] Token aanvragen bij https://api.cgk-group.com/api/account/login...
[INFO] 2025-06-21 15:51:17 - [StockInfo] Token ontvangen (vervalt in 1800s)
[INFO] 2025-06-21 15:55:29 - [ArticleSearch] Token aanvragen bij https://api.cgk-group.com/api/account/login...
[INFO] 2025-06-21 15:55:29 - [ArticleSearch] Token ontvangen (vervalt in 1800s)
[INFO] 2025-06-21 15:55:29 - [Startup] Vooraf token laden voor StockInfo...
[INFO] 2025-06-21 15:55:29 - [StockInfo] Token aanvragen bij https://api.cgk-group.com/api/account/login...
[INFO] 2025-06-21 15:55:30 - [StockInfo] Token ontvangen (vervalt in 1800s)
[INFO] 2025-06-24 12:11:41 - [ArticleSearch] Token aanvragen bij https://api.cgk-group.com/api/account/login...
[INFO] 2025-06-24 12:11:42 - [ArticleSearch] Token ontvangen (vervalt in 1800s)
[INFO] 2025-06-24 12:11:42 - [Startup] Vooraf token laden voor StockInfo...
[INFO] 2025-06-24 12:11:42 - [StockInfo] Token aanvragen bij https://api.cgk-group.com/api/account/login...
[INFO] 2025-06-24 12:11:42 - [StockInfo] Token ontvangen (vervalt in 1800s)
[INFO] 2025-06-24 15:17:26 - [ArticleSearch] Token aanvragen bij https://api.cgk-group.com/api/account/login...
[INFO] 2025-06-24 15:17:26 - [ArticleSearch] Token ontvangen (vervalt in 1800s)
[INFO] 2025-06-24 15:17:26 - [Startup] Vooraf token laden voor StockInfo...
[INFO] 2025-06-24 15:17:26 - [StockInfo] Token aanvragen bij https://api.cgk-group.com/api/account/login...
[INFO] 2025-06-24 15:17:26 - [StockInfo] Token ontvangen (vervalt in 1800s)
[INFO] 2025-06-24 15:29:32 - [ArticleSearch] Token aanvragen bij https://api.cgk-group.com/api/account/login...
[INFO] 2025-06-24 15:29:32 - [ArticleSearch] Token ontvangen (vervalt in 1800s)
[INFO] 2025-06-24 15:29:32 - [Startup] Vooraf token laden voor StockInfo...
[INFO] 2025-06-24 15:29:32 - [StockInfo] Token aanvragen bij https://api.cgk-group.com/api/account/login...
[INFO] 2025-06-24 15:29:32 - [StockInfo] Token ontvangen (vervalt in 1800s)
